id,type,token,location,code
1,TRANSLATIONUNITDECLARATION,"/data/00000019/submissions/00958274_Sociologia_100316010/Sociologia.java",,""
2,RECORDDECLARATION,"Node",Sociologia.java(3:1-16:2),"class Node {

	int aluno;
	int cor;
	LinkedList<Integer> amigos;
	LinkedList<Integer> DFSresultado;

	Node(int alu) {
		aluno = alu;
		amigos = new LinkedList<Integer>();
		DFSresultado = new LinkedList<Integer>();
		cor = 0;
	}
}"
3,RECORDDECLARATION,"Grafo",Sociologia.java(18:1-56:2),"class Grafo {
	LinkedList<Node> total;
	LinkedList<Node> tempos;

	Grafo() {
		total = new LinkedList<Node>();
	}

	void ColocaGrafo(int alu) {
		total.add(new Node(alu));
	}

	void AdicionaLigacao(int amigo, int aluno) {
		for (Node n : total) {
			if (n.aluno == aluno)
				n.amigos.add(amigo);
		}
	}

	void DFS(Grafo grafo) {
		for (Node n : total) {
			if (n.cor == 0)
				DFSVisit(n, grafo, n);
			for (Node k : total)
				k.cor = 0;
		}
	}

	void DFSVisit(Node z, Grafo grafo, Node n) {
		n.cor = 1;
		for (int a : n.amigos)
			for (Node f : total) {
				if (a == f.aluno)
					if (f.cor == 0)
						DFSVisit(z, grafo, f);
			}
		z.DFSresultado.add(n.aluno);
	}
}"
4,RECORDDECLARATION,"Sociologia",Sociologia.java(58:1-114:2),"public class Sociologia {
	public static void main(String[] args) {

		Scanner in = new Scanner(System.in);
		int count = 1;
		int ncenarios = in.nextInt();		
		LinkedList<Integer> fim = new LinkedList<Integer>();
		
		while (count <= ncenarios) {
			int ngrupos = 0, nsgrupo = 0;
			int nalunos = in.nextInt();
			Grafo grafo = new Grafo();
			Grafo grafoT = new Grafo();
			for (int i = 1; i <= nalunos; i++) {
				grafo.ColocaGrafo(i);
				grafoT.ColocaGrafo(i);
			}
			for (int i = 0; i < nalunos; i++) {
				int aluno = in.nextInt();
				int namigos = in.nextInt();
				for (int j = 0; j < namigos; j++) {
					int amigo = in.nextInt();
					grafo.AdicionaLigacao(amigo, aluno);
					grafoT.AdicionaLigacao(aluno, amigo);
				}
			}
			grafo.DFS(grafo);
			grafoT.DFS(grafoT);

			for (Node n : grafo.total) {
				if (n.cor == 0) {
					fim = n.DFSresultado;
					for (Node t : grafoT.total)
						if (t.aluno == n.aluno)
							fim.retainAll(t.DFSresultado);
					for (int h : fim) {
						for (Node f : grafo.total) {
							if (h == f.aluno && f.DFSresultado.size() != 1)
								f.cor = 1;
						}
					}
					if (fim.size() >= 4)
						ngrupos++;
				}
			}
			for (Node n : grafo.total)
				if (n.cor == 0)
					nsgrupo++;
			if (ngrupos == 0)
				nsgrupo = nalunos;

			System.out.println(""Caso #"" + count);
			System.out.println(ngrupos + "" "" + nsgrupo);
			count++;
		}
	}
}"
5,INCLUDEDECLARATION,"java.util",,""
6,FIELDDECLARATION,"this",,""
7,FIELDDECLARATION,"total",Sociologia.java(19:2-19:25),"total"
8,FIELDDECLARATION,"tempos",Sociologia.java(20:2-20:26),"tempos"
9,METHODDECLARATION,"ColocaGrafo",Sociologia.java(26:2-28:3),"void ColocaGrafo(int alu) {
		total.add(new Node(alu));
	}"
10,METHODDECLARATION,"AdicionaLigacao",Sociologia.java(30:2-35:3),"void AdicionaLigacao(int amigo, int aluno) {
		for (Node n : total) {
			if (n.aluno == aluno)
				n.amigos.add(amigo);
		}
	}"
11,METHODDECLARATION,"DFS",Sociologia.java(37:2-44:3),"void DFS(Grafo grafo) {
		for (Node n : total) {
			if (n.cor == 0)
				DFSVisit(n, grafo, n);
			for (Node k : total)
				k.cor = 0;
		}
	}"
12,METHODDECLARATION,"DFSVisit",Sociologia.java(46:2-55:3),"void DFSVisit(Node z, Grafo grafo, Node n) {
		n.cor = 1;
		for (int a : n.amigos)
			for (Node f : total) {
				if (a == f.aluno)
					if (f.cor == 0)
						DFSVisit(z, grafo, f);
			}
		z.DFSresultado.add(n.aluno);
	}"
13,CONSTRUCTORDECLARATION,"Grafo",Sociologia.java(22:2-24:3),"Grafo() {
		total = new LinkedList<Node>();
	}"
14,COMPOUNDSTATEMENT,"",Sociologia.java(22:10-24:3),"{
		total = new LinkedList<Node>();
	}"
15,DECLAREDREFERENCEEXPRESSION,"this",Sociologia.java(23:3-23:8),"this"
16,RETURNSTATEMENT,"",,""
17,BINARYOPERATOR,"=",Sociologia.java(23:3-23:34),"total = new LinkedList<Node>();"
18,MEMBEREXPRESSION,"total",Sociologia.java(23:3-23:8),"total"
19,NEWEXPRESSION,"",Sociologia.java(23:11-23:33),"new LinkedList<Node>()"
20,CONSTRUCTEXPRESSION,"",Sociologia.java(23:11-23:33),"new LinkedList<Node>()"
21,VARIABLEDECLARATION,"this",,""
22,COMPOUNDSTATEMENT,"",Sociologia.java(30:45-35:3),"{
		for (Node n : total) {
			if (n.aluno == aluno)
				n.amigos.add(amigo);
		}
	}"
23,PARAMVARIABLEDECLARATION,"amigo",Sociologia.java(30:23-30:32),"int amigo"
24,PARAMVARIABLEDECLARATION,"aluno",Sociologia.java(30:34-30:43),"int aluno"
25,DECLAREDREFERENCEEXPRESSION,"this",Sociologia.java(31:17-31:22),"this"
26,RETURNSTATEMENT,"",,""
27,FOREACHSTATEMENT,"",Sociologia.java(31:3-34:4),"for (Node n : total) {
			if (n.aluno == aluno)
				n.amigos.add(amigo);
		}"
28,DECLARATIONSTATEMENT,"",Sociologia.java(31:8-31:14),"Node n"
29,MEMBEREXPRESSION,"total",Sociologia.java(31:17-31:22),"total"
30,COMPOUNDSTATEMENT,"",Sociologia.java(31:24-34:4),"{
			if (n.aluno == aluno)
				n.amigos.add(amigo);
		}"
31,VARIABLEDECLARATION,"n",Sociologia.java(31:13-31:14),"n"
32,DECLAREDREFERENCEEXPRESSION,"n",Sociologia.java(32:8-32:9),"n"
33,UNINITIALIZEDVALUE,"Uninitialized Value",,""
34,IFSTATEMENT,"",Sociologia.java(32:4-33:25),"if (n.aluno == aluno)
				n.amigos.add(amigo);"
35,MEMBERCALLEXPRESSION,"add",Sociologia.java(33:5-33:25),"n.amigos.add(amigo);"
36,BINARYOPERATOR,"==",Sociologia.java(32:8-32:24),"n.aluno == aluno"
37,DECLAREDREFERENCEEXPRESSION,"n",Sociologia.java(33:5-33:6),"n"
38,MEMBEREXPRESSION,"aluno",Sociologia.java(32:8-32:15),"n.aluno"
39,DECLAREDREFERENCEEXPRESSION,"aluno",Sociologia.java(32:19-32:24),"aluno"
40,DECLAREDREFERENCEEXPRESSION,"add",Sociologia.java(33:14-33:17),"add"
41,DECLAREDREFERENCEEXPRESSION,"amigo",Sociologia.java(33:18-33:23),"amigo"
42,MEMBEREXPRESSION,"amigos",Sociologia.java(33:5-33:13),"n.amigos"
43,VARIABLEDECLARATION,"this",,""
44,COMPOUNDSTATEMENT,"",Sociologia.java(46:45-55:3),"{
		n.cor = 1;
		for (int a : n.amigos)
			for (Node f : total) {
				if (a == f.aluno)
					if (f.cor == 0)
						DFSVisit(z, grafo, f);
			}
		z.DFSresultado.add(n.aluno);
	}"
45,PARAMVARIABLEDECLARATION,"z",Sociologia.java(46:16-46:22),"Node z"
46,PARAMVARIABLEDECLARATION,"grafo",Sociologia.java(46:24-46:35),"Grafo grafo"
47,PARAMVARIABLEDECLARATION,"n",Sociologia.java(46:37-46:43),"Node n"
48,DECLAREDREFERENCEEXPRESSION,"n",Sociologia.java(47:3-47:4),"n"
49,RETURNSTATEMENT,"",,""
50,BINARYOPERATOR,"=",Sociologia.java(47:3-47:13),"n.cor = 1;"
51,FOREACHSTATEMENT,"",Sociologia.java(48:3-53:5),"for (int a : n.amigos)
			for (Node f : total) {
				if (a == f.aluno)
					if (f.cor == 0)
						DFSVisit(z, grafo, f);
			}"
52,MEMBERCALLEXPRESSION,"add",Sociologia.java(54:3-54:31),"z.DFSresultado.add(n.aluno);"
53,DECLARATIONSTATEMENT,"",Sociologia.java(48:8-48:13),"int a"
54,MEMBEREXPRESSION,"amigos",Sociologia.java(48:16-48:24),"n.amigos"
55,FOREACHSTATEMENT,"",Sociologia.java(49:4-53:5),"for (Node f : total) {
				if (a == f.aluno)
					if (f.cor == 0)
						DFSVisit(z, grafo, f);
			}"
56,VARIABLEDECLARATION,"a",Sociologia.java(48:12-48:13),"a"
57,DECLAREDREFERENCEEXPRESSION,"this",Sociologia.java(49:18-49:23),"this"
58,DECLAREDREFERENCEEXPRESSION,"z",Sociologia.java(54:3-54:4),"z"
59,UNINITIALIZEDVALUE,"Uninitialized Value",,""
60,DECLARATIONSTATEMENT,"",Sociologia.java(49:9-49:15),"Node f"
61,MEMBEREXPRESSION,"total",Sociologia.java(49:18-49:23),"total"
62,COMPOUNDSTATEMENT,"",Sociologia.java(49:25-53:5),"{
				if (a == f.aluno)
					if (f.cor == 0)
						DFSVisit(z, grafo, f);
			}"
63,VARIABLEDECLARATION,"f",Sociologia.java(49:14-49:15),"f"
64,DECLAREDREFERENCEEXPRESSION,"a",Sociologia.java(50:9-50:10),"a"
65,DECLAREDREFERENCEEXPRESSION,"n",Sociologia.java(48:16-48:17),"n"
66,IFSTATEMENT,"",Sociologia.java(50:5-52:29),"if (a == f.aluno)
					if (f.cor == 0)
						DFSVisit(z, grafo, f);"
67,CALLEXPRESSION,"DFSVisit",Sociologia.java(52:7-52:29),"DFSVisit(z, grafo, f);"
68,IFSTATEMENT,"",Sociologia.java(51:6-52:29),"if (f.cor == 0)
						DFSVisit(z, grafo, f);"
69,BINARYOPERATOR,"==",Sociologia.java(50:9-50:21),"a == f.aluno"
70,DECLAREDREFERENCEEXPRESSION,"f",Sociologia.java(51:10-51:11),"f"
71,MEMBEREXPRESSION,"aluno",Sociologia.java(50:14-50:21),"f.aluno"
72,DECLAREDREFERENCEEXPRESSION,"f",Sociologia.java(50:14-50:15),"f"
73,BINARYOPERATOR,"==",Sociologia.java(51:10-51:20),"f.cor == 0"
74,DECLAREDREFERENCEEXPRESSION,"z",Sociologia.java(52:16-52:17),"z"
75,MEMBEREXPRESSION,"cor",Sociologia.java(51:10-51:15),"f.cor"
76,LITERAL,"",Sociologia.java(51:19-51:20),"0"
77,METHODDECLARATION,"DFSVisit",,""
78,DECLAREDREFERENCEEXPRESSION,"grafo",Sociologia.java(52:19-52:24),"grafo"
79,DECLAREDREFERENCEEXPRESSION,"f",Sociologia.java(52:26-52:27),"f"
80,PARAMVARIABLEDECLARATION,"node0",,""
81,PARAMVARIABLEDECLARATION,"grafo1",,""
82,PARAMVARIABLEDECLARATION,"node2",,""
83,UNINITIALIZEDVALUE,"Uninitialized Value",,""
84,DECLAREDREFERENCEEXPRESSION,"add",Sociologia.java(54:18-54:21),"add"
85,MEMBEREXPRESSION,"aluno",Sociologia.java(54:22-54:29),"n.aluno"
86,DECLAREDREFERENCEEXPRESSION,"n",Sociologia.java(54:22-54:23),"n"
87,MEMBEREXPRESSION,"DFSresultado",Sociologia.java(54:3-54:17),"z.DFSresultado"
88,MEMBEREXPRESSION,"cor",Sociologia.java(47:3-47:8),"n.cor"
89,LITERAL,"",Sociologia.java(47:11-47:12),"1"
90,VARIABLEDECLARATION,"this",,""
91,COMPOUNDSTATEMENT,"",Sociologia.java(26:28-28:3),"{
		total.add(new Node(alu));
	}"
92,PARAMVARIABLEDECLARATION,"alu",Sociologia.java(26:19-26:26),"int alu"
93,DECLAREDREFERENCEEXPRESSION,"this",Sociologia.java(27:3-27:8),"this"
94,RETURNSTATEMENT,"",,""
95,MEMBERCALLEXPRESSION,"add",Sociologia.java(27:3-27:28),"total.add(new Node(alu));"
96,DECLAREDREFERENCEEXPRESSION,"add",Sociologia.java(27:9-27:12),"add"
97,NEWEXPRESSION,"",Sociologia.java(27:13-27:26),"new Node(alu)"
98,MEMBEREXPRESSION,"total",Sociologia.java(27:3-27:8),"total"
99,DECLAREDREFERENCEEXPRESSION,"alu",Sociologia.java(27:22-27:25),"alu"
100,CONSTRUCTEXPRESSION,"",Sociologia.java(27:13-27:26),"new Node(alu)"
101,CONSTRUCTORDECLARATION,"Node",,""
102,PARAMVARIABLEDECLARATION,"int0",,""
103,VARIABLEDECLARATION,"this",,""
104,COMPOUNDSTATEMENT,"",Sociologia.java(37:24-44:3),"{
		for (Node n : total) {
			if (n.cor == 0)
				DFSVisit(n, grafo, n);
			for (Node k : total)
				k.cor = 0;
		}
	}"
105,PARAMVARIABLEDECLARATION,"grafo",Sociologia.java(37:11-37:22),"Grafo grafo"
106,DECLAREDREFERENCEEXPRESSION,"this",Sociologia.java(38:17-38:22),"this"
107,RETURNSTATEMENT,"",,""
108,FOREACHSTATEMENT,"",Sociologia.java(38:3-43:4),"for (Node n : total) {
			if (n.cor == 0)
				DFSVisit(n, grafo, n);
			for (Node k : total)
				k.cor = 0;
		}"
109,DECLARATIONSTATEMENT,"",Sociologia.java(38:8-38:14),"Node n"
110,MEMBEREXPRESSION,"total",Sociologia.java(38:17-38:22),"total"
111,COMPOUNDSTATEMENT,"",Sociologia.java(38:24-43:4),"{
			if (n.cor == 0)
				DFSVisit(n, grafo, n);
			for (Node k : total)
				k.cor = 0;
		}"
112,VARIABLEDECLARATION,"n",Sociologia.java(38:13-38:14),"n"
113,DECLAREDREFERENCEEXPRESSION,"n",Sociologia.java(39:8-39:9),"n"
114,UNINITIALIZEDVALUE,"Uninitialized Value",,""
115,IFSTATEMENT,"",Sociologia.java(39:4-40:27),"if (n.cor == 0)
				DFSVisit(n, grafo, n);"
116,FOREACHSTATEMENT,"",Sociologia.java(41:4-42:15),"for (Node k : total)
				k.cor = 0;"
117,BINARYOPERATOR,"==",Sociologia.java(39:8-39:18),"n.cor == 0"
118,CALLEXPRESSION,"DFSVisit",Sociologia.java(40:5-40:27),"DFSVisit(n, grafo, n);"
119,DECLAREDREFERENCEEXPRESSION,"n",Sociologia.java(40:14-40:15),"n"
120,DECLAREDREFERENCEEXPRESSION,"this",Sociologia.java(41:18-41:23),"this"
121,MEMBEREXPRESSION,"cor",Sociologia.java(39:8-39:13),"n.cor"
122,LITERAL,"",Sociologia.java(39:17-39:18),"0"
123,DECLAREDREFERENCEEXPRESSION,"grafo",Sociologia.java(40:17-40:22),"grafo"
124,DECLAREDREFERENCEEXPRESSION,"n",Sociologia.java(40:24-40:25),"n"
125,DECLARATIONSTATEMENT,"",Sociologia.java(41:9-41:15),"Node k"
126,MEMBEREXPRESSION,"total",Sociologia.java(41:18-41:23),"total"
127,BINARYOPERATOR,"=",Sociologia.java(42:5-42:15),"k.cor = 0;"
128,VARIABLEDECLARATION,"k",Sociologia.java(41:14-41:15),"k"
129,DECLAREDREFERENCEEXPRESSION,"k",Sociologia.java(42:5-42:6),"k"
130,UNINITIALIZEDVALUE,"Uninitialized Value",,""
131,MEMBEREXPRESSION,"cor",Sociologia.java(42:5-42:10),"k.cor"
132,LITERAL,"",Sociologia.java(42:13-42:14),"0"
133,FIELDDECLARATION,"this",,""
134,FIELDDECLARATION,"aluno",Sociologia.java(5:2-5:12),"aluno"
135,FIELDDECLARATION,"cor",Sociologia.java(6:2-6:10),"cor"
136,FIELDDECLARATION,"amigos",Sociologia.java(7:2-7:29),"amigos"
137,FIELDDECLARATION,"DFSresultado",Sociologia.java(8:2-8:35),"DFSresultado"
138,CONSTRUCTORDECLARATION,"Node",Sociologia.java(10:2-15:3),"Node(int alu) {
		aluno = alu;
		amigos = new LinkedList<Integer>();
		DFSresultado = new LinkedList<Integer>();
		cor = 0;
	}"
139,COMPOUNDSTATEMENT,"",Sociologia.java(10:16-15:3),"{
		aluno = alu;
		amigos = new LinkedList<Integer>();
		DFSresultado = new LinkedList<Integer>();
		cor = 0;
	}"
140,PARAMVARIABLEDECLARATION,"alu",Sociologia.java(10:7-10:14),"int alu"
141,DECLAREDREFERENCEEXPRESSION,"this",Sociologia.java(11:3-11:8),"this"
142,RETURNSTATEMENT,"",,""
143,BINARYOPERATOR,"=",Sociologia.java(11:3-11:15),"aluno = alu;"
144,BINARYOPERATOR,"=",Sociologia.java(12:3-12:38),"amigos = new LinkedList<Integer>();"
145,BINARYOPERATOR,"=",Sociologia.java(13:3-13:44),"DFSresultado = new LinkedList<Integer>();"
146,BINARYOPERATOR,"=",Sociologia.java(14:3-14:11),"cor = 0;"
147,MEMBEREXPRESSION,"aluno",Sociologia.java(11:3-11:8),"aluno"
148,DECLAREDREFERENCEEXPRESSION,"alu",Sociologia.java(11:11-11:14),"alu"
149,DECLAREDREFERENCEEXPRESSION,"this",Sociologia.java(12:3-12:9),"this"
150,MEMBEREXPRESSION,"amigos",Sociologia.java(12:3-12:9),"amigos"
151,NEWEXPRESSION,"",Sociologia.java(12:12-12:37),"new LinkedList<Integer>()"
152,DECLAREDREFERENCEEXPRESSION,"this",Sociologia.java(13:3-13:15),"this"
153,CONSTRUCTEXPRESSION,"",Sociologia.java(12:12-12:37),"new LinkedList<Integer>()"
154,MEMBEREXPRESSION,"cor",Sociologia.java(14:3-14:6),"cor"
155,LITERAL,"",Sociologia.java(14:9-14:10),"0"
156,DECLAREDREFERENCEEXPRESSION,"this",Sociologia.java(14:3-14:6),"this"
157,MEMBEREXPRESSION,"DFSresultado",Sociologia.java(13:3-13:15),"DFSresultado"
158,NEWEXPRESSION,"",Sociologia.java(13:18-13:43),"new LinkedList<Integer>()"
159,CONSTRUCTEXPRESSION,"",Sociologia.java(13:18-13:43),"new LinkedList<Integer>()"
160,FIELDDECLARATION,"this",,""
161,METHODDECLARATION,"main",Sociologia.java(59:2-113:3),"public static void main(String[] args) {

		Scanner in = new Scanner(System.in);
		int count = 1;
		int ncenarios = in.nextInt();		
		LinkedList<Integer> fim = new LinkedList<Integer>();
		
		while (count <= ncenarios) {
			int ngrupos = 0, nsgrupo = 0;
			int nalunos = in.nextInt();
			Grafo grafo = new Grafo();
			Grafo grafoT = new Grafo();
			for (int i = 1; i <= nalunos; i++) {
				grafo.ColocaGrafo(i);
				grafoT.ColocaGrafo(i);
			}
			for (int i = 0; i < nalunos; i++) {
				int aluno = in.nextInt();
				int namigos = in.nextInt();
				for (int j = 0; j < namigos; j++) {
					int amigo = in.nextInt();
					grafo.AdicionaLigacao(amigo, aluno);
					grafoT.AdicionaLigacao(aluno, amigo);
				}
			}
			grafo.DFS(grafo);
			grafoT.DFS(grafoT);

			for (Node n : grafo.total) {
				if (n.cor == 0) {
					fim = n.DFSresultado;
					for (Node t : grafoT.total)
						if (t.aluno == n.aluno)
							fim.retainAll(t.DFSresultado);
					for (int h : fim) {
						for (Node f : grafo.total) {
							if (h == f.aluno && f.DFSresultado.size() != 1)
								f.cor = 1;
						}
					}
					if (fim.size() >= 4)
						ngrupos++;
				}
			}
			for (Node n : grafo.total)
				if (n.cor == 0)
					nsgrupo++;
			if (ngrupos == 0)
				nsgrupo = nalunos;

			System.out.println(""Caso #"" + count);
			System.out.println(ngrupos + "" "" + nsgrupo);
			count++;
		}
	}"
162,CONSTRUCTORDECLARATION,"Sociologia",,""
163,VARIABLEDECLARATION,"this",,""
164,COMPOUNDSTATEMENT,"",Sociologia.java(59:41-113:3),"{

		Scanner in = new Scanner(System.in);
		int count = 1;
		int ncenarios = in.nextInt();		
		LinkedList<Integer> fim = new LinkedList<Integer>();
		
		while (count <= ncenarios) {
			int ngrupos = 0, nsgrupo = 0;
			int nalunos = in.nextInt();
			Grafo grafo = new Grafo();
			Grafo grafoT = new Grafo();
			for (int i = 1; i <= nalunos; i++) {
				grafo.ColocaGrafo(i);
				grafoT.ColocaGrafo(i);
			}
			for (int i = 0; i < nalunos; i++) {
				int aluno = in.nextInt();
				int namigos = in.nextInt();
				for (int j = 0; j < namigos; j++) {
					int amigo = in.nextInt();
					grafo.AdicionaLigacao(amigo, aluno);
					grafoT.AdicionaLigacao(aluno, amigo);
				}
			}
			grafo.DFS(grafo);
			grafoT.DFS(grafoT);

			for (Node n : grafo.total) {
				if (n.cor == 0) {
					fim = n.DFSresultado;
					for (Node t : grafoT.total)
						if (t.aluno == n.aluno)
							fim.retainAll(t.DFSresultado);
					for (int h : fim) {
						for (Node f : grafo.total) {
							if (h == f.aluno && f.DFSresultado.size() != 1)
								f.cor = 1;
						}
					}
					if (fim.size() >= 4)
						ngrupos++;
				}
			}
			for (Node n : grafo.total)
				if (n.cor == 0)
					nsgrupo++;
			if (ngrupos == 0)
				nsgrupo = nalunos;

			System.out.println(""Caso #"" + count);
			System.out.println(ngrupos + "" "" + nsgrupo);
			count++;
		}
	}"
165,PARAMVARIABLEDECLARATION,"args",Sociologia.java(59:26-59:39),"String[] args"
166,DECLAREDREFERENCEEXPRESSION,"System",Sociologia.java(61:28-61:34),"System"
167,RETURNSTATEMENT,"",,""
168,DECLARATIONSTATEMENT,"",Sociologia.java(61:3-61:39),"Scanner in = new Scanner(System.in);"
169,DECLARATIONSTATEMENT,"",Sociologia.java(62:3-62:17),"int count = 1;"
170,DECLARATIONSTATEMENT,"",Sociologia.java(63:3-63:32),"int ncenarios = in.nextInt();"
171,DECLARATIONSTATEMENT,"",Sociologia.java(64:3-64:55),"LinkedList<Integer> fim = new LinkedList<Integer>();"
172,WHILESTATEMENT,"",Sociologia.java(66:3-112:4),"while (count <= ncenarios) {
			int ngrupos = 0, nsgrupo = 0;
			int nalunos = in.nextInt();
			Grafo grafo = new Grafo();
			Grafo grafoT = new Grafo();
			for (int i = 1; i <= nalunos; i++) {
				grafo.ColocaGrafo(i);
				grafoT.ColocaGrafo(i);
			}
			for (int i = 0; i < nalunos; i++) {
				int aluno = in.nextInt();
				int namigos = in.nextInt();
				for (int j = 0; j < namigos; j++) {
					int amigo = in.nextInt();
					grafo.AdicionaLigacao(amigo, aluno);
					grafoT.AdicionaLigacao(aluno, amigo);
				}
			}
			grafo.DFS(grafo);
			grafoT.DFS(grafoT);

			for (Node n : grafo.total) {
				if (n.cor == 0) {
					fim = n.DFSresultado;
					for (Node t : grafoT.total)
						if (t.aluno == n.aluno)
							fim.retainAll(t.DFSresultado);
					for (int h : fim) {
						for (Node f : grafo.total) {
							if (h == f.aluno && f.DFSresultado.size() != 1)
								f.cor = 1;
						}
					}
					if (fim.size() >= 4)
						ngrupos++;
				}
			}
			for (Node n : grafo.total)
				if (n.cor == 0)
					nsgrupo++;
			if (ngrupos == 0)
				nsgrupo = nalunos;

			System.out.println(""Caso #"" + count);
			System.out.println(ngrupos + "" "" + nsgrupo);
			count++;
		}"
173,VARIABLEDECLARATION,"in",Sociologia.java(61:11-61:38),"in = new Scanner(System.in)"
174,VARIABLEDECLARATION,"count",Sociologia.java(62:7-62:16),"count = 1"
175,VARIABLEDECLARATION,"ncenarios",Sociologia.java(63:7-63:31),"ncenarios = in.nextInt()"
176,VARIABLEDECLARATION,"fim",Sociologia.java(64:23-64:54),"fim = new LinkedList<Integer>()"
177,LITERAL,"",Sociologia.java(62:15-62:16),"1"
178,MEMBERCALLEXPRESSION,"nextInt",Sociologia.java(63:19-63:31),"in.nextInt()"
179,DECLAREDREFERENCEEXPRESSION,"nextInt",Sociologia.java(63:22-63:29),"nextInt"
180,DECLAREDREFERENCEEXPRESSION,"in",Sociologia.java(63:19-63:21),"in"
181,NEWEXPRESSION,"",Sociologia.java(61:16-61:38),"new Scanner(System.in)"
182,CONSTRUCTEXPRESSION,"",Sociologia.java(61:16-61:38),"new Scanner(System.in)"
183,MEMBEREXPRESSION,"in",Sociologia.java(61:28-61:37),"System.in"
184,CONSTRUCTEXPRESSION,"",Sociologia.java(64:29-64:54),"new LinkedList<Integer>()"
185,NEWEXPRESSION,"",Sociologia.java(64:29-64:54),"new LinkedList<Integer>()"
186,DECLAREDREFERENCEEXPRESSION,"count",Sociologia.java(66:10-66:15),"count"
187,BINARYOPERATOR,"<=",Sociologia.java(66:10-66:28),"count <= ncenarios"
188,COMPOUNDSTATEMENT,"",Sociologia.java(66:30-112:4),"{
			int ngrupos = 0, nsgrupo = 0;
			int nalunos = in.nextInt();
			Grafo grafo = new Grafo();
			Grafo grafoT = new Grafo();
			for (int i = 1; i <= nalunos; i++) {
				grafo.ColocaGrafo(i);
				grafoT.ColocaGrafo(i);
			}
			for (int i = 0; i < nalunos; i++) {
				int aluno = in.nextInt();
				int namigos = in.nextInt();
				for (int j = 0; j < namigos; j++) {
					int amigo = in.nextInt();
					grafo.AdicionaLigacao(amigo, aluno);
					grafoT.AdicionaLigacao(aluno, amigo);
				}
			}
			grafo.DFS(grafo);
			grafoT.DFS(grafoT);

			for (Node n : grafo.total) {
				if (n.cor == 0) {
					fim = n.DFSresultado;
					for (Node t : grafoT.total)
						if (t.aluno == n.aluno)
							fim.retainAll(t.DFSresultado);
					for (int h : fim) {
						for (Node f : grafo.total) {
							if (h == f.aluno && f.DFSresultado.size() != 1)
								f.cor = 1;
						}
					}
					if (fim.size() >= 4)
						ngrupos++;
				}
			}
			for (Node n : grafo.total)
				if (n.cor == 0)
					nsgrupo++;
			if (ngrupos == 0)
				nsgrupo = nalunos;

			System.out.println(""Caso #"" + count);
			System.out.println(ngrupos + "" "" + nsgrupo);
			count++;
		}"
189,LITERAL,"",Sociologia.java(67:18-67:19),"0"
190,DECLAREDREFERENCEEXPRESSION,"ncenarios",Sociologia.java(66:19-66:28),"ncenarios"
191,DECLARATIONSTATEMENT,"",Sociologia.java(67:4-67:33),"int ngrupos = 0, nsgrupo = 0;"
192,DECLARATIONSTATEMENT,"",Sociologia.java(68:4-68:31),"int nalunos = in.nextInt();"
193,DECLARATIONSTATEMENT,"",Sociologia.java(69:4-69:30),"Grafo grafo = new Grafo();"
194,DECLARATIONSTATEMENT,"",Sociologia.java(70:4-70:31),"Grafo grafoT = new Grafo();"
195,FORSTATEMENT,"",Sociologia.java(71:4-74:5),"for (int i = 1; i <= nalunos; i++) {
				grafo.ColocaGrafo(i);
				grafoT.ColocaGrafo(i);
			}"
196,FORSTATEMENT,"",Sociologia.java(75:4-83:5),"for (int i = 0; i < nalunos; i++) {
				int aluno = in.nextInt();
				int namigos = in.nextInt();
				for (int j = 0; j < namigos; j++) {
					int amigo = in.nextInt();
					grafo.AdicionaLigacao(amigo, aluno);
					grafoT.AdicionaLigacao(aluno, amigo);
				}
			}"
197,MEMBERCALLEXPRESSION,"DFS",Sociologia.java(84:4-84:21),"grafo.DFS(grafo);"
198,MEMBERCALLEXPRESSION,"DFS",Sociologia.java(85:4-85:23),"grafoT.DFS(grafoT);"
199,FOREACHSTATEMENT,"",Sociologia.java(87:4-102:5),"for (Node n : grafo.total) {
				if (n.cor == 0) {
					fim = n.DFSresultado;
					for (Node t : grafoT.total)
						if (t.aluno == n.aluno)
							fim.retainAll(t.DFSresultado);
					for (int h : fim) {
						for (Node f : grafo.total) {
							if (h == f.aluno && f.DFSresultado.size() != 1)
								f.cor = 1;
						}
					}
					if (fim.size() >= 4)
						ngrupos++;
				}
			}"
200,FOREACHSTATEMENT,"",Sociologia.java(103:4-105:16),"for (Node n : grafo.total)
				if (n.cor == 0)
					nsgrupo++;"
201,IFSTATEMENT,"",Sociologia.java(106:4-107:23),"if (ngrupos == 0)
				nsgrupo = nalunos;"
202,MEMBERCALLEXPRESSION,"println",Sociologia.java(109:4-109:41),"System.out.println(""Caso #"" + count);"
203,MEMBERCALLEXPRESSION,"println",Sociologia.java(110:4-110:48),"System.out.println(ngrupos + "" "" + nsgrupo);"
204,UNARYOPERATOR,"++",Sociologia.java(111:4-111:12),"count++;"
205,VARIABLEDECLARATION,"ngrupos",Sociologia.java(67:8-67:19),"ngrupos = 0"
206,VARIABLEDECLARATION,"nsgrupo",Sociologia.java(67:21-67:32),"nsgrupo = 0"
207,VARIABLEDECLARATION,"nalunos",Sociologia.java(68:8-68:30),"nalunos = in.nextInt()"
208,VARIABLEDECLARATION,"grafo",Sociologia.java(69:10-69:29),"grafo = new Grafo()"
209,VARIABLEDECLARATION,"grafoT",Sociologia.java(70:10-70:30),"grafoT = new Grafo()"
210,NEWEXPRESSION,"",Sociologia.java(70:19-70:30),"new Grafo()"
211,CONSTRUCTEXPRESSION,"",Sociologia.java(70:19-70:30),"new Grafo()"
212,CONSTRUCTORDECLARATION,"Grafo",,""
213,LITERAL,"",Sociologia.java(67:31-67:32),"0"
214,DECLARATIONSTATEMENT,"",Sociologia.java(87:9-87:15),"Node n"
215,MEMBEREXPRESSION,"total",Sociologia.java(87:18-87:29),"grafo.total"
216,COMPOUNDSTATEMENT,"",Sociologia.java(87:31-102:5),"{
				if (n.cor == 0) {
					fim = n.DFSresultado;
					for (Node t : grafoT.total)
						if (t.aluno == n.aluno)
							fim.retainAll(t.DFSresultado);
					for (int h : fim) {
						for (Node f : grafo.total) {
							if (h == f.aluno && f.DFSresultado.size() != 1)
								f.cor = 1;
						}
					}
					if (fim.size() >= 4)
						ngrupos++;
				}
			}"
217,VARIABLEDECLARATION,"n",Sociologia.java(87:14-87:15),"n"
218,DECLAREDREFERENCEEXPRESSION,"n",Sociologia.java(88:9-88:10),"n"
219,DECLAREDREFERENCEEXPRESSION,"grafo",Sociologia.java(103:18-103:23),"grafo"
220,DECLAREDREFERENCEEXPRESSION,"grafo",Sociologia.java(87:18-87:23),"grafo"
221,UNINITIALIZEDVALUE,"Uninitialized Value",,""
222,IFSTATEMENT,"",Sociologia.java(88:5-101:6),"if (n.cor == 0) {
					fim = n.DFSresultado;
					for (Node t : grafoT.total)
						if (t.aluno == n.aluno)
							fim.retainAll(t.DFSresultado);
					for (int h : fim) {
						for (Node f : grafo.total) {
							if (h == f.aluno && f.DFSresultado.size() != 1)
								f.cor = 1;
						}
					}
					if (fim.size() >= 4)
						ngrupos++;
				}"
223,COMPOUNDSTATEMENT,"",Sociologia.java(88:21-101:6),"{
					fim = n.DFSresultado;
					for (Node t : grafoT.total)
						if (t.aluno == n.aluno)
							fim.retainAll(t.DFSresultado);
					for (int h : fim) {
						for (Node f : grafo.total) {
							if (h == f.aluno && f.DFSresultado.size() != 1)
								f.cor = 1;
						}
					}
					if (fim.size() >= 4)
						ngrupos++;
				}"
224,BINARYOPERATOR,"==",Sociologia.java(88:9-88:19),"n.cor == 0"
225,DECLAREDREFERENCEEXPRESSION,"fim",Sociologia.java(89:6-89:9),"fim"
226,MEMBEREXPRESSION,"cor",Sociologia.java(88:9-88:14),"n.cor"
227,LITERAL,"",Sociologia.java(88:18-88:19),"0"
228,BINARYOPERATOR,"=",Sociologia.java(89:6-89:27),"fim = n.DFSresultado;"
229,FOREACHSTATEMENT,"",Sociologia.java(90:6-92:38),"for (Node t : grafoT.total)
						if (t.aluno == n.aluno)
							fim.retainAll(t.DFSresultado);"
230,FOREACHSTATEMENT,"",Sociologia.java(93:6-98:7),"for (int h : fim) {
						for (Node f : grafo.total) {
							if (h == f.aluno && f.DFSresultado.size() != 1)
								f.cor = 1;
						}
					}"
231,IFSTATEMENT,"",Sociologia.java(99:6-100:17),"if (fim.size() >= 4)
						ngrupos++;"
232,UNARYOPERATOR,"++",Sociologia.java(100:7-100:17),"ngrupos++;"
233,BINARYOPERATOR,">=",Sociologia.java(99:10-99:25),"fim.size() >= 4"
234,DECLAREDREFERENCEEXPRESSION,"ngrupos",Sociologia.java(100:7-100:14),"ngrupos"
235,MEMBERCALLEXPRESSION,"size",Sociologia.java(99:10-99:20),"fim.size()"
236,LITERAL,"",Sociologia.java(99:24-99:25),"4"
237,DECLAREDREFERENCEEXPRESSION,"size",Sociologia.java(99:14-99:18),"size"
238,DECLAREDREFERENCEEXPRESSION,"fim",Sociologia.java(99:10-99:13),"fim"
239,DECLARATIONSTATEMENT,"",Sociologia.java(90:11-90:17),"Node t"
240,MEMBEREXPRESSION,"total",Sociologia.java(90:20-90:32),"grafoT.total"
241,IFSTATEMENT,"",Sociologia.java(91:7-92:38),"if (t.aluno == n.aluno)
							fim.retainAll(t.DFSresultado);"
242,VARIABLEDECLARATION,"t",Sociologia.java(90:16-90:17),"t"
243,DECLAREDREFERENCEEXPRESSION,"t",Sociologia.java(91:11-91:12),"t"
244,DECLAREDREFERENCEEXPRESSION,"fim",Sociologia.java(93:19-93:22),"fim"
245,BINARYOPERATOR,"==",Sociologia.java(91:11-91:29),"t.aluno == n.aluno"
246,MEMBERCALLEXPRESSION,"retainAll",Sociologia.java(92:8-92:38),"fim.retainAll(t.DFSresultado);"
247,DECLAREDREFERENCEEXPRESSION,"fim",Sociologia.java(92:8-92:11),"fim"
248,DECLAREDREFERENCEEXPRESSION,"grafoT",Sociologia.java(90:20-90:26),"grafoT"
249,DECLAREDREFERENCEEXPRESSION,"retainAll",Sociologia.java(92:12-92:21),"retainAll"
250,MEMBEREXPRESSION,"DFSresultado",Sociologia.java(92:22-92:36),"t.DFSresultado"
251,DECLAREDREFERENCEEXPRESSION,"t",Sociologia.java(92:22-92:23),"t"
252,MEMBEREXPRESSION,"aluno",Sociologia.java(91:11-91:18),"t.aluno"
253,MEMBEREXPRESSION,"aluno",Sociologia.java(91:22-91:29),"n.aluno"
254,DECLAREDREFERENCEEXPRESSION,"n",Sociologia.java(91:22-91:23),"n"
255,UNINITIALIZEDVALUE,"Uninitialized Value",,""
256,MEMBEREXPRESSION,"DFSresultado",Sociologia.java(89:12-89:26),"n.DFSresultado"
257,DECLAREDREFERENCEEXPRESSION,"n",Sociologia.java(89:12-89:13),"n"
258,DECLARATIONSTATEMENT,"",Sociologia.java(93:11-93:16),"int h"
259,COMPOUNDSTATEMENT,"",Sociologia.java(93:24-98:7),"{
						for (Node f : grafo.total) {
							if (h == f.aluno && f.DFSresultado.size() != 1)
								f.cor = 1;
						}
					}"
260,VARIABLEDECLARATION,"h",Sociologia.java(93:15-93:16),"h"
261,DECLAREDREFERENCEEXPRESSION,"grafo",Sociologia.java(94:21-94:26),"grafo"
262,FOREACHSTATEMENT,"",Sociologia.java(94:7-97:8),"for (Node f : grafo.total) {
							if (h == f.aluno && f.DFSresultado.size() != 1)
								f.cor = 1;
						}"
263,DECLARATIONSTATEMENT,"",Sociologia.java(94:12-94:18),"Node f"
264,MEMBEREXPRESSION,"total",Sociologia.java(94:21-94:32),"grafo.total"
265,COMPOUNDSTATEMENT,"",Sociologia.java(94:34-97:8),"{
							if (h == f.aluno && f.DFSresultado.size() != 1)
								f.cor = 1;
						}"
266,VARIABLEDECLARATION,"f",Sociologia.java(94:17-94:18),"f"
267,DECLAREDREFERENCEEXPRESSION,"h",Sociologia.java(95:12-95:13),"h"
268,UNINITIALIZEDVALUE,"Uninitialized Value",,""
269,IFSTATEMENT,"",Sociologia.java(95:8-96:19),"if (h == f.aluno && f.DFSresultado.size() != 1)
								f.cor = 1;"
270,BINARYOPERATOR,"=",Sociologia.java(96:9-96:19),"f.cor = 1;"
271,BINARYOPERATOR,"&&",Sociologia.java(95:12-95:54),"h == f.aluno && f.DFSresultado.size() != 1"
272,DECLAREDREFERENCEEXPRESSION,"f",Sociologia.java(96:9-96:10),"f"
273,BINARYOPERATOR,"==",Sociologia.java(95:12-95:24),"h == f.aluno"
274,BINARYOPERATOR,"!=",Sociologia.java(95:28-95:54),"f.DFSresultado.size() != 1"
275,MEMBEREXPRESSION,"aluno",Sociologia.java(95:17-95:24),"f.aluno"
276,DECLAREDREFERENCEEXPRESSION,"f",Sociologia.java(95:28-95:29),"f"
277,DECLAREDREFERENCEEXPRESSION,"f",Sociologia.java(95:17-95:18),"f"
278,MEMBERCALLEXPRESSION,"size",Sociologia.java(95:28-95:49),"f.DFSresultado.size()"
279,LITERAL,"",Sociologia.java(95:53-95:54),"1"
280,DECLAREDREFERENCEEXPRESSION,"size",Sociologia.java(95:43-95:47),"size"
281,MEMBEREXPRESSION,"DFSresultado",Sociologia.java(95:28-95:42),"f.DFSresultado"
282,MEMBEREXPRESSION,"cor",Sociologia.java(96:9-96:14),"f.cor"
283,LITERAL,"",Sociologia.java(96:17-96:18),"1"
284,UNINITIALIZEDVALUE,"Uninitialized Value",,""
285,MEMBERCALLEXPRESSION,"nextInt",Sociologia.java(68:18-68:30),"in.nextInt()"
286,DECLAREDREFERENCEEXPRESSION,"nextInt",Sociologia.java(68:21-68:28),"nextInt"
287,DECLAREDREFERENCEEXPRESSION,"in",Sociologia.java(68:18-68:20),"in"
288,COMPOUNDSTATEMENT,"",Sociologia.java(71:39-74:5),"{
				grafo.ColocaGrafo(i);
				grafoT.ColocaGrafo(i);
			}"
289,DECLARATIONSTATEMENT,"",Sociologia.java(71:9-71:18),"int i = 1"
290,BINARYOPERATOR,"<=",Sociologia.java(71:20-71:32),"i <= nalunos"
291,UNARYOPERATOR,"++",Sociologia.java(71:34-71:37),"i++"
292,VARIABLEDECLARATION,"i",Sociologia.java(71:13-71:18),"i = 1"
293,DECLAREDREFERENCEEXPRESSION,"grafo",Sociologia.java(72:5-72:10),"grafo"
294,LITERAL,"",Sociologia.java(75:17-75:18),"0"
295,MEMBERCALLEXPRESSION,"ColocaGrafo",Sociologia.java(72:5-72:26),"grafo.ColocaGrafo(i);"
296,MEMBERCALLEXPRESSION,"ColocaGrafo",Sociologia.java(73:5-73:27),"grafoT.ColocaGrafo(i);"
297,DECLAREDREFERENCEEXPRESSION,"i",Sociologia.java(71:34-71:35),"i"
298,DECLAREDREFERENCEEXPRESSION,"ColocaGrafo",Sociologia.java(73:12-73:23),"ColocaGrafo"
299,METHODDECLARATION,"ColocaGrafo",,""
300,DECLAREDREFERENCEEXPRESSION,"i",Sociologia.java(73:24-73:25),"i"
301,PARAMVARIABLEDECLARATION,"int0",,""
302,DECLAREDREFERENCEEXPRESSION,"grafoT",Sociologia.java(73:5-73:11),"grafoT"
303,DECLAREDREFERENCEEXPRESSION,"ColocaGrafo",Sociologia.java(72:11-72:22),"ColocaGrafo"
304,DECLAREDREFERENCEEXPRESSION,"i",Sociologia.java(72:23-72:24),"i"
305,DECLAREDREFERENCEEXPRESSION,"i",Sociologia.java(71:20-71:21),"i"
306,LITERAL,"",Sociologia.java(71:17-71:18),"1"
307,DECLAREDREFERENCEEXPRESSION,"nalunos",Sociologia.java(71:25-71:32),"nalunos"
308,CONSTRUCTEXPRESSION,"",Sociologia.java(69:18-69:29),"new Grafo()"
309,DECLARATIONSTATEMENT,"",Sociologia.java(103:9-103:15),"Node n"
310,MEMBEREXPRESSION,"total",Sociologia.java(103:18-103:29),"grafo.total"
311,IFSTATEMENT,"",Sociologia.java(104:5-105:16),"if (n.cor == 0)
					nsgrupo++;"
312,VARIABLEDECLARATION,"n",Sociologia.java(103:14-103:15),"n"
313,DECLAREDREFERENCEEXPRESSION,"n",Sociologia.java(104:9-104:10),"n"
314,DECLAREDREFERENCEEXPRESSION,"ngrupos",Sociologia.java(106:8-106:15),"ngrupos"
315,UNINITIALIZEDVALUE,"Uninitialized Value",,""
316,BINARYOPERATOR,"==",Sociologia.java(104:9-104:19),"n.cor == 0"
317,UNARYOPERATOR,"++",Sociologia.java(105:6-105:16),"nsgrupo++;"
318,DECLAREDREFERENCEEXPRESSION,"nsgrupo",Sociologia.java(105:6-105:13),"nsgrupo"
319,MEMBEREXPRESSION,"cor",Sociologia.java(104:9-104:14),"n.cor"
320,LITERAL,"",Sociologia.java(104:18-104:19),"0"
321,DECLAREDREFERENCEEXPRESSION,"println",Sociologia.java(110:15-110:22),"println"
322,DECLAREDREFERENCEEXPRESSION,"count",Sociologia.java(111:4-111:9),"count"
323,BINARYOPERATOR,"+",Sociologia.java(110:23-110:46),"ngrupos + "" "" + nsgrupo"
324,BINARYOPERATOR,"+",Sociologia.java(110:23-110:36),"ngrupos + "" """
325,DECLAREDREFERENCEEXPRESSION,"nsgrupo",Sociologia.java(110:39-110:46),"nsgrupo"
326,DECLAREDREFERENCEEXPRESSION,"ngrupos",Sociologia.java(110:23-110:30),"ngrupos"
327,LITERAL,"",Sociologia.java(110:33-110:36),""" """
328,MEMBEREXPRESSION,"out",Sociologia.java(110:4-110:14),"System.out"
329,DECLAREDREFERENCEEXPRESSION,"System",Sociologia.java(110:4-110:10),"System"
330,DECLAREDREFERENCEEXPRESSION,"println",Sociologia.java(109:15-109:22),"println"
331,BINARYOPERATOR,"+",Sociologia.java(109:23-109:39),"""Caso #"" + count"
332,LITERAL,"",Sociologia.java(109:23-109:31),"""Caso #"""
333,DECLAREDREFERENCEEXPRESSION,"count",Sociologia.java(109:34-109:39),"count"
334,MEMBEREXPRESSION,"out",Sociologia.java(109:4-109:14),"System.out"
335,DECLAREDREFERENCEEXPRESSION,"System",Sociologia.java(109:4-109:10),"System"
336,BINARYOPERATOR,"=",Sociologia.java(107:5-107:23),"nsgrupo = nalunos;"
337,DECLAREDREFERENCEEXPRESSION,"DFS",Sociologia.java(84:10-84:13),"DFS"
338,METHODDECLARATION,"DFS",,""
339,DECLAREDREFERENCEEXPRESSION,"grafoT",Sociologia.java(85:4-85:10),"grafoT"
340,DECLAREDREFERENCEEXPRESSION,"grafo",Sociologia.java(84:14-84:19),"grafo"
341,DECLAREDREFERENCEEXPRESSION,"grafo",Sociologia.java(84:4-84:9),"grafo"
342,PARAMVARIABLEDECLARATION,"grafo0",,""
343,NEWEXPRESSION,"",Sociologia.java(69:18-69:29),"new Grafo()"
344,COMPOUNDSTATEMENT,"",Sociologia.java(75:38-83:5),"{
				int aluno = in.nextInt();
				int namigos = in.nextInt();
				for (int j = 0; j < namigos; j++) {
					int amigo = in.nextInt();
					grafo.AdicionaLigacao(amigo, aluno);
					grafoT.AdicionaLigacao(aluno, amigo);
				}
			}"
345,DECLARATIONSTATEMENT,"",Sociologia.java(75:9-75:18),"int i = 0"
346,BINARYOPERATOR,"<",Sociologia.java(75:20-75:31),"i < nalunos"
347,UNARYOPERATOR,"++",Sociologia.java(75:33-75:36),"i++"
348,VARIABLEDECLARATION,"i",Sociologia.java(75:13-75:18),"i = 0"
349,DECLAREDREFERENCEEXPRESSION,"in",Sociologia.java(76:17-76:19),"in"
350,DECLARATIONSTATEMENT,"",Sociologia.java(76:5-76:30),"int aluno = in.nextInt();"
351,DECLARATIONSTATEMENT,"",Sociologia.java(77:5-77:32),"int namigos = in.nextInt();"
352,FORSTATEMENT,"",Sociologia.java(78:5-82:6),"for (int j = 0; j < namigos; j++) {
					int amigo = in.nextInt();
					grafo.AdicionaLigacao(amigo, aluno);
					grafoT.AdicionaLigacao(aluno, amigo);
				}"
353,VARIABLEDECLARATION,"aluno",Sociologia.java(76:9-76:29),"aluno = in.nextInt()"
354,VARIABLEDECLARATION,"namigos",Sociologia.java(77:9-77:31),"namigos = in.nextInt()"
355,DECLAREDREFERENCEEXPRESSION,"i",Sociologia.java(75:33-75:34),"i"
356,MEMBERCALLEXPRESSION,"nextInt",Sociologia.java(77:19-77:31),"in.nextInt()"
357,DECLAREDREFERENCEEXPRESSION,"nextInt",Sociologia.java(77:22-77:29),"nextInt"
358,DECLAREDREFERENCEEXPRESSION,"in",Sociologia.java(77:19-77:21),"in"
359,MEMBERCALLEXPRESSION,"nextInt",Sociologia.java(76:17-76:29),"in.nextInt()"
360,DECLAREDREFERENCEEXPRESSION,"nextInt",Sociologia.java(76:20-76:27),"nextInt"
361,LITERAL,"",Sociologia.java(78:18-78:19),"0"
362,COMPOUNDSTATEMENT,"",Sociologia.java(78:39-82:6),"{
					int amigo = in.nextInt();
					grafo.AdicionaLigacao(amigo, aluno);
					grafoT.AdicionaLigacao(aluno, amigo);
				}"
363,DECLARATIONSTATEMENT,"",Sociologia.java(78:10-78:19),"int j = 0"
364,BINARYOPERATOR,"<",Sociologia.java(78:21-78:32),"j < namigos"
365,UNARYOPERATOR,"++",Sociologia.java(78:34-78:37),"j++"
366,VARIABLEDECLARATION,"j",Sociologia.java(78:14-78:19),"j = 0"
367,DECLAREDREFERENCEEXPRESSION,"in",Sociologia.java(79:18-79:20),"in"
368,DECLARATIONSTATEMENT,"",Sociologia.java(79:6-79:31),"int amigo = in.nextInt();"
369,MEMBERCALLEXPRESSION,"AdicionaLigacao",Sociologia.java(80:6-80:42),"grafo.AdicionaLigacao(amigo, aluno);"
370,MEMBERCALLEXPRESSION,"AdicionaLigacao",Sociologia.java(81:6-81:43),"grafoT.AdicionaLigacao(aluno, amigo);"
371,VARIABLEDECLARATION,"amigo",Sociologia.java(79:10-79:30),"amigo = in.nextInt()"
372,DECLAREDREFERENCEEXPRESSION,"j",Sociologia.java(78:34-78:35),"j"
373,MEMBERCALLEXPRESSION,"nextInt",Sociologia.java(79:18-79:30),"in.nextInt()"
374,DECLAREDREFERENCEEXPRESSION,"nextInt",Sociologia.java(79:21-79:28),"nextInt"
375,DECLAREDREFERENCEEXPRESSION,"AdicionaLigacao",Sociologia.java(80:12-80:27),"AdicionaLigacao"
376,METHODDECLARATION,"AdicionaLigacao",,""
377,DECLAREDREFERENCEEXPRESSION,"grafoT",Sociologia.java(81:6-81:12),"grafoT"
378,DECLAREDREFERENCEEXPRESSION,"aluno",Sociologia.java(80:35-80:40),"aluno"
379,DECLAREDREFERENCEEXPRESSION,"grafo",Sociologia.java(80:6-80:11),"grafo"
380,DECLAREDREFERENCEEXPRESSION,"amigo",Sociologia.java(80:28-80:33),"amigo"
381,PARAMVARIABLEDECLARATION,"int1",,""
382,PARAMVARIABLEDECLARATION,"int0",,""
383,DECLAREDREFERENCEEXPRESSION,"AdicionaLigacao",Sociologia.java(81:13-81:28),"AdicionaLigacao"
384,DECLAREDREFERENCEEXPRESSION,"amigo",Sociologia.java(81:36-81:41),"amigo"
385,DECLAREDREFERENCEEXPRESSION,"aluno",Sociologia.java(81:29-81:34),"aluno"
386,DECLAREDREFERENCEEXPRESSION,"j",Sociologia.java(78:21-78:22),"j"
387,DECLAREDREFERENCEEXPRESSION,"namigos",Sociologia.java(78:25-78:32),"namigos"
388,DECLAREDREFERENCEEXPRESSION,"i",Sociologia.java(75:20-75:21),"i"
389,DECLAREDREFERENCEEXPRESSION,"nalunos",Sociologia.java(75:24-75:31),"nalunos"
390,DECLAREDREFERENCEEXPRESSION,"DFS",Sociologia.java(85:11-85:14),"DFS"
391,DECLAREDREFERENCEEXPRESSION,"grafoT",Sociologia.java(85:15-85:21),"grafoT"
392,BINARYOPERATOR,"==",Sociologia.java(106:8-106:20),"ngrupos == 0"
393,DECLAREDREFERENCEEXPRESSION,"nsgrupo",Sociologia.java(107:5-107:12),"nsgrupo"
394,DECLAREDREFERENCEEXPRESSION,"nalunos",Sociologia.java(107:15-107:22),"nalunos"
395,LITERAL,"",Sociologia.java(106:19-106:20),"0"
