id,type,token,location,code
1,TRANSLATIONUNITDECLARATION,"/data/00000019/submissions/00937319_Sociologia_110300110/Sociologia.java",,""
2,RECORDDECLARATION,"No",Sociologia.java(5:1-20:2),"class No{
	int no;
	int tempof;
	LinkedList<No> adj;
	boolean visitado;
	
	No(int n){
		no = n;
		tempof = 0;
		adj = new LinkedList<No>();
		visitado = false;
	}
	void addLigacao(No x){
		adj.addLast(x);
	}
}"
3,RECORDDECLARATION,"Graph",Sociologia.java(22:1-120:2),"class Graph{
	int tempo, npessoas;
	No g[];
	No gt[];
	LinkedList<Integer> grupos;
	
	Graph(int np){
		this.npessoas = np;
		tempo = 0;
		g = new No[np+1];
		gt = new No[np+1];
		grupos = new LinkedList<Integer>();
	}
	private void inicializar(){
		for(int i = 1; i<=npessoas; i++){
			g[i] = new No(i);
			gt[i] = new No(i);
		}
	}
	void createGrafo(Scanner in){
		inicializar();
		for(int i = 1; i<=npessoas; i++){
			int pessoa = in.nextInt();
			int namigo = in.nextInt();
			for(int j = 0; j<namigo; j++){
				int amigo = in.nextInt();
				g[pessoa].addLigacao(g[amigo]);
				gt[amigo].addLigacao(gt[pessoa]);
			}
		}
	}
	
	void DFS(){
		for(int i = 1; i<=npessoas; i++){
			if(!g[i].visitado)
				DFSVisit(g[i]);
		}
	}
	private void DFSVisit(No x){
		tempo++;
		x.visitado = true;
		for(No cursor: x.adj){
			if(!cursor.visitado)
				DFSVisit(cursor);
		}
		tempo++;
		x.tempof =tempo;
		gt[x.no].tempof = tempo;
	}
	private No findMax(){
		int maximo = 0; 
		No max = new No(0);
		
		for(int i = 1; i<=npessoas; i++){
			if(!gt[i].visitado){
				if(gt[i].tempof > maximo){
					maximo = gt[i].tempof;
					max = gt[i];
				}
			}
		}
		return max;
	}
	private boolean allVisited(){
		for(int i = 1; i<=npessoas; i++){
			if(!gt[i].visitado)
				return false;
		}
		return true;
	}
	
	void DFS_T(){
		while(!allVisited()){
			No TMax = findMax();
			int nelementos = NelementosGrupo(TMax);
			grupos.addLast(nelementos);
			TMax.tempof = 0;
		}
	}
	private int NelementosGrupo(No x){
		int count = 1;
		x.visitado = true;
		for(No cursor: x.adj){
			if(!cursor.visitado)
				count +=NelementosGrupo(cursor);
		}
		return count;
	}
	
	void Output(){
		int ngrupos = 0;
		int deFora = 0;
		for(int x: grupos){
			if(x>=4){ngrupos++;}
			else {deFora+=x;}
		}
		System.out.printf(""%d %d\n"", ngrupos, deFora);
	}
}"
4,RECORDDECLARATION,"Sociologia",Sociologia.java(121:1-138:2),"public class Sociologia {
	public static void main(String[] args) {
		Scanner in = new Scanner(System.in);
		int ncasos = in.nextInt();
		for(int i = 1; i<=ncasos; i++){
			int np = in.nextInt();
			Graph novo = new Graph(np);
			novo.createGrafo(in);
			novo.DFS();
			novo.DFS_T();
			
			System.out.printf(""Caso #%d\n"", i);
			novo.Output();
		}

	}

}"
5,INCLUDEDECLARATION,"java.util.LinkedList",,""
6,INCLUDEDECLARATION,"java.util.Scanner",,""
7,FIELDDECLARATION,"this",,""
8,FIELDDECLARATION,"no",Sociologia.java(6:2-6:9),"no"
9,FIELDDECLARATION,"tempof",Sociologia.java(7:2-7:13),"tempof"
10,FIELDDECLARATION,"adj",Sociologia.java(8:2-8:21),"adj"
11,FIELDDECLARATION,"visitado",Sociologia.java(9:2-9:19),"visitado"
12,METHODDECLARATION,"addLigacao",Sociologia.java(17:2-19:3),"void addLigacao(No x){
		adj.addLast(x);
	}"
13,CONSTRUCTORDECLARATION,"No",Sociologia.java(11:2-16:3),"No(int n){
		no = n;
		tempof = 0;
		adj = new LinkedList<No>();
		visitado = false;
	}"
14,VARIABLEDECLARATION,"this",,""
15,COMPOUNDSTATEMENT,"",Sociologia.java(17:23-19:3),"{
		adj.addLast(x);
	}"
16,PARAMVARIABLEDECLARATION,"x",Sociologia.java(17:18-17:22),"No x"
17,DECLAREDREFERENCEEXPRESSION,"this",Sociologia.java(18:3-18:6),"this"
18,RETURNSTATEMENT,"",,""
19,MEMBERCALLEXPRESSION,"addLast",Sociologia.java(18:3-18:18),"adj.addLast(x);"
20,DECLAREDREFERENCEEXPRESSION,"addLast",Sociologia.java(18:7-18:14),"addLast"
21,DECLAREDREFERENCEEXPRESSION,"x",Sociologia.java(18:15-18:16),"x"
22,MEMBEREXPRESSION,"adj",Sociologia.java(18:3-18:6),"adj"
23,COMPOUNDSTATEMENT,"",Sociologia.java(11:11-16:3),"{
		no = n;
		tempof = 0;
		adj = new LinkedList<No>();
		visitado = false;
	}"
24,PARAMVARIABLEDECLARATION,"n",Sociologia.java(11:5-11:10),"int n"
25,DECLAREDREFERENCEEXPRESSION,"this",Sociologia.java(12:3-12:5),"this"
26,RETURNSTATEMENT,"",,""
27,BINARYOPERATOR,"=",Sociologia.java(12:3-12:10),"no = n;"
28,BINARYOPERATOR,"=",Sociologia.java(13:3-13:14),"tempof = 0;"
29,BINARYOPERATOR,"=",Sociologia.java(14:3-14:30),"adj = new LinkedList<No>();"
30,BINARYOPERATOR,"=",Sociologia.java(15:3-15:20),"visitado = false;"
31,MEMBEREXPRESSION,"no",Sociologia.java(12:3-12:5),"no"
32,DECLAREDREFERENCEEXPRESSION,"n",Sociologia.java(12:8-12:9),"n"
33,DECLAREDREFERENCEEXPRESSION,"this",Sociologia.java(13:3-13:9),"this"
34,MEMBEREXPRESSION,"adj",Sociologia.java(14:3-14:6),"adj"
35,NEWEXPRESSION,"",Sociologia.java(14:9-14:29),"new LinkedList<No>()"
36,DECLAREDREFERENCEEXPRESSION,"this",Sociologia.java(15:3-15:11),"this"
37,CONSTRUCTEXPRESSION,"",Sociologia.java(14:9-14:29),"new LinkedList<No>()"
38,DECLAREDREFERENCEEXPRESSION,"this",Sociologia.java(14:3-14:6),"this"
39,MEMBEREXPRESSION,"tempof",Sociologia.java(13:3-13:9),"tempof"
40,LITERAL,"",Sociologia.java(13:12-13:13),"0"
41,MEMBEREXPRESSION,"visitado",Sociologia.java(15:3-15:11),"visitado"
42,LITERAL,"",Sociologia.java(15:14-15:19),"false"
43,FIELDDECLARATION,"this",,""
44,FIELDDECLARATION,"tempo",Sociologia.java(23:2-23:22),"tempo"
45,FIELDDECLARATION,"g",Sociologia.java(24:2-24:9),"g"
46,FIELDDECLARATION,"gt",Sociologia.java(25:2-25:10),"gt"
47,FIELDDECLARATION,"grupos",Sociologia.java(26:2-26:29),"grupos"
48,METHODDECLARATION,"inicializar",Sociologia.java(35:2-40:3),"private void inicializar(){
		for(int i = 1; i<=npessoas; i++){
			g[i] = new No(i);
			gt[i] = new No(i);
		}
	}"
49,METHODDECLARATION,"createGrafo",Sociologia.java(41:2-52:3),"void createGrafo(Scanner in){
		inicializar();
		for(int i = 1; i<=npessoas; i++){
			int pessoa = in.nextInt();
			int namigo = in.nextInt();
			for(int j = 0; j<namigo; j++){
				int amigo = in.nextInt();
				g[pessoa].addLigacao(g[amigo]);
				gt[amigo].addLigacao(gt[pessoa]);
			}
		}
	}"
50,METHODDECLARATION,"DFS",Sociologia.java(54:2-59:3),"void DFS(){
		for(int i = 1; i<=npessoas; i++){
			if(!g[i].visitado)
				DFSVisit(g[i]);
		}
	}"
51,METHODDECLARATION,"DFSVisit",Sociologia.java(60:2-70:3),"private void DFSVisit(No x){
		tempo++;
		x.visitado = true;
		for(No cursor: x.adj){
			if(!cursor.visitado)
				DFSVisit(cursor);
		}
		tempo++;
		x.tempof =tempo;
		gt[x.no].tempof = tempo;
	}"
52,METHODDECLARATION,"findMax",Sociologia.java(71:2-84:3),"private No findMax(){
		int maximo = 0; 
		No max = new No(0);
		
		for(int i = 1; i<=npessoas; i++){
			if(!gt[i].visitado){
				if(gt[i].tempof > maximo){
					maximo = gt[i].tempof;
					max = gt[i];
				}
			}
		}
		return max;
	}"
53,METHODDECLARATION,"allVisited",Sociologia.java(85:2-91:3),"private boolean allVisited(){
		for(int i = 1; i<=npessoas; i++){
			if(!gt[i].visitado)
				return false;
		}
		return true;
	}"
54,METHODDECLARATION,"DFS_T",Sociologia.java(93:2-100:3),"void DFS_T(){
		while(!allVisited()){
			No TMax = findMax();
			int nelementos = NelementosGrupo(TMax);
			grupos.addLast(nelementos);
			TMax.tempof = 0;
		}
	}"
55,METHODDECLARATION,"NelementosGrupo",Sociologia.java(101:2-109:3),"private int NelementosGrupo(No x){
		int count = 1;
		x.visitado = true;
		for(No cursor: x.adj){
			if(!cursor.visitado)
				count +=NelementosGrupo(cursor);
		}
		return count;
	}"
56,METHODDECLARATION,"Output",Sociologia.java(111:2-119:3),"void Output(){
		int ngrupos = 0;
		int deFora = 0;
		for(int x: grupos){
			if(x>=4){ngrupos++;}
			else {deFora+=x;}
		}
		System.out.printf(""%d %d\n"", ngrupos, deFora);
	}"
57,CONSTRUCTORDECLARATION,"Graph",Sociologia.java(28:2-34:3),"Graph(int np){
		this.npessoas = np;
		tempo = 0;
		g = new No[np+1];
		gt = new No[np+1];
		grupos = new LinkedList<Integer>();
	}"
58,VARIABLEDECLARATION,"this",,""
59,COMPOUNDSTATEMENT,"",Sociologia.java(41:30-52:3),"{
		inicializar();
		for(int i = 1; i<=npessoas; i++){
			int pessoa = in.nextInt();
			int namigo = in.nextInt();
			for(int j = 0; j<namigo; j++){
				int amigo = in.nextInt();
				g[pessoa].addLigacao(g[amigo]);
				gt[amigo].addLigacao(gt[pessoa]);
			}
		}
	}"
60,PARAMVARIABLEDECLARATION,"in",Sociologia.java(41:19-41:29),"Scanner in"
61,CALLEXPRESSION,"inicializar",Sociologia.java(42:3-42:17),"inicializar();"
62,RETURNSTATEMENT,"",,""
63,FORSTATEMENT,"",Sociologia.java(43:3-51:4),"for(int i = 1; i<=npessoas; i++){
			int pessoa = in.nextInt();
			int namigo = in.nextInt();
			for(int j = 0; j<namigo; j++){
				int amigo = in.nextInt();
				g[pessoa].addLigacao(g[amigo]);
				gt[amigo].addLigacao(gt[pessoa]);
			}
		}"
64,COMPOUNDSTATEMENT,"",Sociologia.java(43:35-51:4),"{
			int pessoa = in.nextInt();
			int namigo = in.nextInt();
			for(int j = 0; j<namigo; j++){
				int amigo = in.nextInt();
				g[pessoa].addLigacao(g[amigo]);
				gt[amigo].addLigacao(gt[pessoa]);
			}
		}"
65,DECLARATIONSTATEMENT,"",Sociologia.java(43:7-43:16),"int i = 1"
66,BINARYOPERATOR,"<=",Sociologia.java(43:18-43:29),"i<=npessoas"
67,UNARYOPERATOR,"++",Sociologia.java(43:31-43:34),"i++"
68,VARIABLEDECLARATION,"i",Sociologia.java(43:11-43:16),"i = 1"
69,DECLAREDREFERENCEEXPRESSION,"in",Sociologia.java(44:17-44:19),"in"
70,LITERAL,"",Sociologia.java(43:15-43:16),"1"
71,DECLARATIONSTATEMENT,"",Sociologia.java(44:4-44:30),"int pessoa = in.nextInt();"
72,DECLARATIONSTATEMENT,"",Sociologia.java(45:4-45:30),"int namigo = in.nextInt();"
73,FORSTATEMENT,"",Sociologia.java(46:4-50:5),"for(int j = 0; j<namigo; j++){
				int amigo = in.nextInt();
				g[pessoa].addLigacao(g[amigo]);
				gt[amigo].addLigacao(gt[pessoa]);
			}"
74,VARIABLEDECLARATION,"pessoa",Sociologia.java(44:8-44:29),"pessoa = in.nextInt()"
75,VARIABLEDECLARATION,"namigo",Sociologia.java(45:8-45:29),"namigo = in.nextInt()"
76,DECLAREDREFERENCEEXPRESSION,"i",Sociologia.java(43:31-43:32),"i"
77,LITERAL,"",Sociologia.java(46:16-46:17),"0"
78,MEMBERCALLEXPRESSION,"nextInt",Sociologia.java(44:17-44:29),"in.nextInt()"
79,DECLAREDREFERENCEEXPRESSION,"nextInt",Sociologia.java(44:20-44:27),"nextInt"
80,COMPOUNDSTATEMENT,"",Sociologia.java(46:33-50:5),"{
				int amigo = in.nextInt();
				g[pessoa].addLigacao(g[amigo]);
				gt[amigo].addLigacao(gt[pessoa]);
			}"
81,DECLARATIONSTATEMENT,"",Sociologia.java(46:8-46:17),"int j = 0"
82,BINARYOPERATOR,"<",Sociologia.java(46:19-46:27),"j<namigo"
83,UNARYOPERATOR,"++",Sociologia.java(46:29-46:32),"j++"
84,VARIABLEDECLARATION,"j",Sociologia.java(46:12-46:17),"j = 0"
85,DECLAREDREFERENCEEXPRESSION,"in",Sociologia.java(47:17-47:19),"in"
86,DECLAREDREFERENCEEXPRESSION,"j",Sociologia.java(46:19-46:20),"j"
87,DECLAREDREFERENCEEXPRESSION,"j",Sociologia.java(46:29-46:30),"j"
88,DECLAREDREFERENCEEXPRESSION,"namigo",Sociologia.java(46:21-46:27),"namigo"
89,DECLARATIONSTATEMENT,"",Sociologia.java(47:5-47:30),"int amigo = in.nextInt();"
90,MEMBERCALLEXPRESSION,"addLigacao",Sociologia.java(48:5-48:36),"g[pessoa].addLigacao(g[amigo]);"
91,MEMBERCALLEXPRESSION,"addLigacao",Sociologia.java(49:5-49:38),"gt[amigo].addLigacao(gt[pessoa]);"
92,VARIABLEDECLARATION,"amigo",Sociologia.java(47:9-47:29),"amigo = in.nextInt()"
93,DECLAREDREFERENCEEXPRESSION,"this",Sociologia.java(48:5-48:6),"this"
94,DECLAREDREFERENCEEXPRESSION,"addLigacao",Sociologia.java(48:15-48:25),"addLigacao"
95,METHODDECLARATION,"addLigacao",,""
96,DECLAREDREFERENCEEXPRESSION,"this",Sociologia.java(49:5-49:7),"this"
97,ARRAYSUBSCRIPTIONEXPRESSION,"",Sociologia.java(48:26-48:34),"g[amigo]"
98,ARRAYSUBSCRIPTIONEXPRESSION,"",Sociologia.java(48:5-48:14),"g[pessoa]"
99,MEMBEREXPRESSION,"g",Sociologia.java(48:5-48:6),"g"
100,DECLAREDREFERENCEEXPRESSION,"pessoa",Sociologia.java(48:7-48:13),"pessoa"
101,DECLAREDREFERENCEEXPRESSION,"this",Sociologia.java(48:26-48:27),"this"
102,MEMBEREXPRESSION,"g",Sociologia.java(48:26-48:27),"g"
103,DECLAREDREFERENCEEXPRESSION,"amigo",Sociologia.java(48:28-48:33),"amigo"
104,PARAMVARIABLEDECLARATION,"no0",,""
105,DECLAREDREFERENCEEXPRESSION,"addLigacao",Sociologia.java(49:15-49:25),"addLigacao"
106,ARRAYSUBSCRIPTIONEXPRESSION,"",Sociologia.java(49:26-49:36),"gt[pessoa]"
107,ARRAYSUBSCRIPTIONEXPRESSION,"",Sociologia.java(49:5-49:14),"gt[amigo]"
108,MEMBEREXPRESSION,"gt",Sociologia.java(49:5-49:7),"gt"
109,DECLAREDREFERENCEEXPRESSION,"amigo",Sociologia.java(49:8-49:13),"amigo"
110,DECLAREDREFERENCEEXPRESSION,"this",Sociologia.java(49:26-49:28),"this"
111,MEMBEREXPRESSION,"gt",Sociologia.java(49:26-49:28),"gt"
112,DECLAREDREFERENCEEXPRESSION,"pessoa",Sociologia.java(49:29-49:35),"pessoa"
113,MEMBERCALLEXPRESSION,"nextInt",Sociologia.java(47:17-47:29),"in.nextInt()"
114,DECLAREDREFERENCEEXPRESSION,"nextInt",Sociologia.java(47:20-47:27),"nextInt"
115,MEMBERCALLEXPRESSION,"nextInt",Sociologia.java(45:17-45:29),"in.nextInt()"
116,DECLAREDREFERENCEEXPRESSION,"nextInt",Sociologia.java(45:20-45:27),"nextInt"
117,DECLAREDREFERENCEEXPRESSION,"in",Sociologia.java(45:17-45:19),"in"
118,DECLAREDREFERENCEEXPRESSION,"i",Sociologia.java(43:18-43:19),"i"
119,MEMBEREXPRESSION,"npessoas",Sociologia.java(43:21-43:29),"npessoas"
120,DECLAREDREFERENCEEXPRESSION,"this",Sociologia.java(43:21-43:29),"this"
121,METHODDECLARATION,"inicializar",,""
122,VARIABLEDECLARATION,"this",,""
123,COMPOUNDSTATEMENT,"",Sociologia.java(35:28-40:3),"{
		for(int i = 1; i<=npessoas; i++){
			g[i] = new No(i);
			gt[i] = new No(i);
		}
	}"
124,LITERAL,"",Sociologia.java(36:15-36:16),"1"
125,RETURNSTATEMENT,"",,""
126,FORSTATEMENT,"",Sociologia.java(36:3-39:4),"for(int i = 1; i<=npessoas; i++){
			g[i] = new No(i);
			gt[i] = new No(i);
		}"
127,COMPOUNDSTATEMENT,"",Sociologia.java(36:35-39:4),"{
			g[i] = new No(i);
			gt[i] = new No(i);
		}"
128,DECLARATIONSTATEMENT,"",Sociologia.java(36:7-36:16),"int i = 1"
129,BINARYOPERATOR,"<=",Sociologia.java(36:18-36:29),"i<=npessoas"
130,UNARYOPERATOR,"++",Sociologia.java(36:31-36:34),"i++"
131,VARIABLEDECLARATION,"i",Sociologia.java(36:11-36:16),"i = 1"
132,DECLAREDREFERENCEEXPRESSION,"this",Sociologia.java(37:4-37:5),"this"
133,DECLAREDREFERENCEEXPRESSION,"i",Sociologia.java(36:18-36:19),"i"
134,MEMBEREXPRESSION,"npessoas",Sociologia.java(36:21-36:29),"npessoas"
135,DECLAREDREFERENCEEXPRESSION,"this",Sociologia.java(36:21-36:29),"this"
136,DECLAREDREFERENCEEXPRESSION,"i",Sociologia.java(36:31-36:32),"i"
137,BINARYOPERATOR,"=",Sociologia.java(37:4-37:21),"g[i] = new No(i);"
138,BINARYOPERATOR,"=",Sociologia.java(38:4-38:22),"gt[i] = new No(i);"
139,ARRAYSUBSCRIPTIONEXPRESSION,"",Sociologia.java(37:4-37:8),"g[i]"
140,NEWEXPRESSION,"",Sociologia.java(37:11-37:20),"new No(i)"
141,DECLAREDREFERENCEEXPRESSION,"this",Sociologia.java(38:4-38:6),"this"
142,CONSTRUCTEXPRESSION,"",Sociologia.java(37:11-37:20),"new No(i)"
143,CONSTRUCTORDECLARATION,"No",,""
144,DECLAREDREFERENCEEXPRESSION,"i",Sociologia.java(37:18-37:19),"i"
145,PARAMVARIABLEDECLARATION,"int0",,""
146,MEMBEREXPRESSION,"g",Sociologia.java(37:4-37:5),"g"
147,DECLAREDREFERENCEEXPRESSION,"i",Sociologia.java(37:6-37:7),"i"
148,ARRAYSUBSCRIPTIONEXPRESSION,"",Sociologia.java(38:4-38:9),"gt[i]"
149,NEWEXPRESSION,"",Sociologia.java(38:12-38:21),"new No(i)"
150,CONSTRUCTEXPRESSION,"",Sociologia.java(38:12-38:21),"new No(i)"
151,DECLAREDREFERENCEEXPRESSION,"i",Sociologia.java(38:19-38:20),"i"
152,MEMBEREXPRESSION,"gt",Sociologia.java(38:4-38:6),"gt"
153,DECLAREDREFERENCEEXPRESSION,"i",Sociologia.java(38:7-38:8),"i"
154,VARIABLEDECLARATION,"this",,""
155,COMPOUNDSTATEMENT,"",Sociologia.java(111:15-119:3),"{
		int ngrupos = 0;
		int deFora = 0;
		for(int x: grupos){
			if(x>=4){ngrupos++;}
			else {deFora+=x;}
		}
		System.out.printf(""%d %d\n"", ngrupos, deFora);
	}"
156,LITERAL,"",Sociologia.java(112:17-112:18),"0"
157,RETURNSTATEMENT,"",,""
158,DECLARATIONSTATEMENT,"",Sociologia.java(112:3-112:19),"int ngrupos = 0;"
159,DECLARATIONSTATEMENT,"",Sociologia.java(113:3-113:18),"int deFora = 0;"
160,FOREACHSTATEMENT,"",Sociologia.java(114:3-117:4),"for(int x: grupos){
			if(x>=4){ngrupos++;}
			else {deFora+=x;}
		}"
161,MEMBERCALLEXPRESSION,"printf",Sociologia.java(118:3-118:49),"System.out.printf(""%d %d\n"", ngrupos, deFora);"
162,VARIABLEDECLARATION,"ngrupos",Sociologia.java(112:7-112:18),"ngrupos = 0"
163,VARIABLEDECLARATION,"deFora",Sociologia.java(113:7-113:17),"deFora = 0"
164,LITERAL,"",Sociologia.java(113:16-113:17),"0"
165,DECLAREDREFERENCEEXPRESSION,"this",Sociologia.java(114:14-114:20),"this"
166,DECLARATIONSTATEMENT,"",Sociologia.java(114:7-114:12),"int x"
167,MEMBEREXPRESSION,"grupos",Sociologia.java(114:14-114:20),"grupos"
168,COMPOUNDSTATEMENT,"",Sociologia.java(114:21-117:4),"{
			if(x>=4){ngrupos++;}
			else {deFora+=x;}
		}"
169,VARIABLEDECLARATION,"x",Sociologia.java(114:11-114:12),"x"
170,DECLAREDREFERENCEEXPRESSION,"x",Sociologia.java(115:7-115:8),"x"
171,DECLAREDREFERENCEEXPRESSION,"System",Sociologia.java(118:3-118:9),"System"
172,IFSTATEMENT,"",Sociologia.java(115:4-116:21),"if(x>=4){ngrupos++;}
			else {deFora+=x;}"
173,COMPOUNDSTATEMENT,"",Sociologia.java(115:12-115:24),"{ngrupos++;}"
174,COMPOUNDSTATEMENT,"",Sociologia.java(116:9-116:21),"{deFora+=x;}"
175,BINARYOPERATOR,">=",Sociologia.java(115:7-115:11),"x>=4"
176,DECLAREDREFERENCEEXPRESSION,"ngrupos",Sociologia.java(115:13-115:20),"ngrupos"
177,DECLAREDREFERENCEEXPRESSION,"deFora",Sociologia.java(116:10-116:16),"deFora"
178,LITERAL,"",Sociologia.java(115:10-115:11),"4"
179,BINARYOPERATOR,"+=",Sociologia.java(116:10-116:20),"deFora+=x;"
180,DECLAREDREFERENCEEXPRESSION,"x",Sociologia.java(116:18-116:19),"x"
181,UNARYOPERATOR,"++",Sociologia.java(115:13-115:23),"ngrupos++;"
182,UNINITIALIZEDVALUE,"Uninitialized Value",,""
183,DECLAREDREFERENCEEXPRESSION,"printf",Sociologia.java(118:14-118:20),"printf"
184,DECLAREDREFERENCEEXPRESSION,"deFora",Sociologia.java(118:41-118:47),"deFora"
185,DECLAREDREFERENCEEXPRESSION,"ngrupos",Sociologia.java(118:32-118:39),"ngrupos"
186,LITERAL,"",Sociologia.java(118:21-118:30),"""%d %d\n"""
187,MEMBEREXPRESSION,"out",Sociologia.java(118:3-118:13),"System.out"
188,VARIABLEDECLARATION,"this",,""
189,COMPOUNDSTATEMENT,"",Sociologia.java(60:29-70:3),"{
		tempo++;
		x.visitado = true;
		for(No cursor: x.adj){
			if(!cursor.visitado)
				DFSVisit(cursor);
		}
		tempo++;
		x.tempof =tempo;
		gt[x.no].tempof = tempo;
	}"
190,PARAMVARIABLEDECLARATION,"x",Sociologia.java(60:24-60:28),"No x"
191,DECLAREDREFERENCEEXPRESSION,"this",Sociologia.java(61:3-61:8),"this"
192,RETURNSTATEMENT,"",,""
193,UNARYOPERATOR,"++",Sociologia.java(61:3-61:11),"tempo++;"
194,BINARYOPERATOR,"=",Sociologia.java(62:3-62:21),"x.visitado = true;"
195,FOREACHSTATEMENT,"",Sociologia.java(63:3-66:4),"for(No cursor: x.adj){
			if(!cursor.visitado)
				DFSVisit(cursor);
		}"
196,UNARYOPERATOR,"++",Sociologia.java(67:3-67:11),"tempo++;"
197,BINARYOPERATOR,"=",Sociologia.java(68:3-68:19),"x.tempof =tempo;"
198,BINARYOPERATOR,"=",Sociologia.java(69:3-69:27),"gt[x.no].tempof = tempo;"
199,MEMBEREXPRESSION,"tempo",Sociologia.java(67:3-67:8),"tempo"
200,DECLAREDREFERENCEEXPRESSION,"x",Sociologia.java(68:3-68:4),"x"
201,DECLAREDREFERENCEEXPRESSION,"this",Sociologia.java(67:3-67:8),"this"
202,MEMBEREXPRESSION,"tempo",Sociologia.java(61:3-61:8),"tempo"
203,DECLAREDREFERENCEEXPRESSION,"x",Sociologia.java(62:3-62:4),"x"
204,MEMBEREXPRESSION,"visitado",Sociologia.java(62:3-62:13),"x.visitado"
205,LITERAL,"",Sociologia.java(62:16-62:20),"true"
206,DECLAREDREFERENCEEXPRESSION,"x",Sociologia.java(63:18-63:19),"x"
207,DECLARATIONSTATEMENT,"",Sociologia.java(63:7-63:16),"No cursor"
208,MEMBEREXPRESSION,"adj",Sociologia.java(63:18-63:23),"x.adj"
209,COMPOUNDSTATEMENT,"",Sociologia.java(63:24-66:4),"{
			if(!cursor.visitado)
				DFSVisit(cursor);
		}"
210,VARIABLEDECLARATION,"cursor",Sociologia.java(63:10-63:16),"cursor"
211,DECLAREDREFERENCEEXPRESSION,"cursor",Sociologia.java(64:8-64:14),"cursor"
212,UNINITIALIZEDVALUE,"Uninitialized Value",,""
213,IFSTATEMENT,"",Sociologia.java(64:4-65:22),"if(!cursor.visitado)
				DFSVisit(cursor);"
214,CALLEXPRESSION,"DFSVisit",Sociologia.java(65:5-65:22),"DFSVisit(cursor);"
215,UNARYOPERATOR,"!",Sociologia.java(64:7-64:23),"!cursor.visitado"
216,DECLAREDREFERENCEEXPRESSION,"cursor",Sociologia.java(65:14-65:20),"cursor"
217,METHODDECLARATION,"DFSVisit",,""
218,PARAMVARIABLEDECLARATION,"no0",,""
219,MEMBEREXPRESSION,"visitado",Sociologia.java(64:8-64:23),"cursor.visitado"
220,MEMBEREXPRESSION,"tempof",Sociologia.java(68:3-68:11),"x.tempof"
221,MEMBEREXPRESSION,"tempo",Sociologia.java(68:13-68:18),"tempo"
222,DECLAREDREFERENCEEXPRESSION,"this",Sociologia.java(69:3-69:5),"this"
223,DECLAREDREFERENCEEXPRESSION,"this",Sociologia.java(68:13-68:18),"this"
224,MEMBEREXPRESSION,"tempof",Sociologia.java(69:3-69:18),"gt[x.no].tempof"
225,MEMBEREXPRESSION,"tempo",Sociologia.java(69:21-69:26),"tempo"
226,ARRAYSUBSCRIPTIONEXPRESSION,"",Sociologia.java(69:3-69:11),"gt[x.no]"
227,DECLAREDREFERENCEEXPRESSION,"this",Sociologia.java(69:21-69:26),"this"
228,MEMBEREXPRESSION,"gt",Sociologia.java(69:3-69:5),"gt"
229,MEMBEREXPRESSION,"no",Sociologia.java(69:6-69:10),"x.no"
230,DECLAREDREFERENCEEXPRESSION,"x",Sociologia.java(69:6-69:7),"x"
231,VARIABLEDECLARATION,"this",,""
232,COMPOUNDSTATEMENT,"",Sociologia.java(93:14-100:3),"{
		while(!allVisited()){
			No TMax = findMax();
			int nelementos = NelementosGrupo(TMax);
			grupos.addLast(nelementos);
			TMax.tempof = 0;
		}
	}"
233,CALLEXPRESSION,"allVisited",Sociologia.java(94:10-94:22),"allVisited()"
234,RETURNSTATEMENT,"",,""
235,WHILESTATEMENT,"",Sociologia.java(94:3-99:4),"while(!allVisited()){
			No TMax = findMax();
			int nelementos = NelementosGrupo(TMax);
			grupos.addLast(nelementos);
			TMax.tempof = 0;
		}"
236,UNARYOPERATOR,"!",Sociologia.java(94:9-94:22),"!allVisited()"
237,COMPOUNDSTATEMENT,"",Sociologia.java(94:23-99:4),"{
			No TMax = findMax();
			int nelementos = NelementosGrupo(TMax);
			grupos.addLast(nelementos);
			TMax.tempof = 0;
		}"
238,CALLEXPRESSION,"findMax",Sociologia.java(95:14-95:23),"findMax()"
239,METHODDECLARATION,"allVisited",,""
240,DECLARATIONSTATEMENT,"",Sociologia.java(95:4-95:24),"No TMax = findMax();"
241,DECLARATIONSTATEMENT,"",Sociologia.java(96:4-96:43),"int nelementos = NelementosGrupo(TMax);"
242,MEMBERCALLEXPRESSION,"addLast",Sociologia.java(97:4-97:31),"grupos.addLast(nelementos);"
243,BINARYOPERATOR,"=",Sociologia.java(98:4-98:20),"TMax.tempof = 0;"
244,VARIABLEDECLARATION,"TMax",Sociologia.java(95:7-95:23),"TMax = findMax()"
245,VARIABLEDECLARATION,"nelementos",Sociologia.java(96:8-96:42),"nelementos = NelementosGrupo(TMax)"
246,DECLAREDREFERENCEEXPRESSION,"TMax",Sociologia.java(96:37-96:41),"TMax"
247,DECLAREDREFERENCEEXPRESSION,"addLast",Sociologia.java(97:11-97:18),"addLast"
248,DECLAREDREFERENCEEXPRESSION,"TMax",Sociologia.java(98:4-98:8),"TMax"
249,DECLAREDREFERENCEEXPRESSION,"nelementos",Sociologia.java(97:19-97:29),"nelementos"
250,MEMBEREXPRESSION,"grupos",Sociologia.java(97:4-97:10),"grupos"
251,DECLAREDREFERENCEEXPRESSION,"this",Sociologia.java(97:4-97:10),"this"
252,METHODDECLARATION,"findMax",,""
253,MEMBEREXPRESSION,"tempof",Sociologia.java(98:4-98:15),"TMax.tempof"
254,LITERAL,"",Sociologia.java(98:18-98:19),"0"
255,CALLEXPRESSION,"NelementosGrupo",Sociologia.java(96:21-96:42),"NelementosGrupo(TMax)"
256,METHODDECLARATION,"NelementosGrupo",,""
257,PARAMVARIABLEDECLARATION,"no0",,""
258,COMPOUNDSTATEMENT,"",Sociologia.java(28:15-34:3),"{
		this.npessoas = np;
		tempo = 0;
		g = new No[np+1];
		gt = new No[np+1];
		grupos = new LinkedList<Integer>();
	}"
259,PARAMVARIABLEDECLARATION,"np",Sociologia.java(28:8-28:14),"int np"
260,DECLAREDREFERENCEEXPRESSION,"this",Sociologia.java(29:3-29:7),"this"
261,RETURNSTATEMENT,"",,""
262,BINARYOPERATOR,"=",Sociologia.java(29:3-29:22),"this.npessoas = np;"
263,BINARYOPERATOR,"=",Sociologia.java(30:3-30:13),"tempo = 0;"
264,BINARYOPERATOR,"=",Sociologia.java(31:3-31:20),"g = new No[np+1];"
265,BINARYOPERATOR,"=",Sociologia.java(32:3-32:21),"gt = new No[np+1];"
266,BINARYOPERATOR,"=",Sociologia.java(33:3-33:38),"grupos = new LinkedList<Integer>();"
267,MEMBEREXPRESSION,"grupos",Sociologia.java(33:3-33:9),"grupos"
268,NEWEXPRESSION,"",Sociologia.java(33:12-33:37),"new LinkedList<Integer>()"
269,DECLAREDREFERENCEEXPRESSION,"this",Sociologia.java(33:3-33:9),"this"
270,CONSTRUCTEXPRESSION,"",Sociologia.java(33:12-33:37),"new LinkedList<Integer>()"
271,MEMBEREXPRESSION,"gt",Sociologia.java(32:3-32:5),"gt"
272,ARRAYCREATIONEXPRESSION,"",Sociologia.java(32:8-32:20),"new No[np+1]"
273,DECLAREDREFERENCEEXPRESSION,"this",Sociologia.java(32:3-32:5),"this"
274,DECLAREDREFERENCEEXPRESSION,"np",Sociologia.java(32:15-32:17),"np"
275,BINARYOPERATOR,"+",Sociologia.java(32:15-32:19),"np+1"
276,LITERAL,"",Sociologia.java(32:18-32:19),"1"
277,MEMBEREXPRESSION,"g",Sociologia.java(31:3-31:4),"g"
278,ARRAYCREATIONEXPRESSION,"",Sociologia.java(31:7-31:19),"new No[np+1]"
279,BINARYOPERATOR,"+",Sociologia.java(31:14-31:18),"np+1"
280,DECLAREDREFERENCEEXPRESSION,"np",Sociologia.java(31:14-31:16),"np"
281,LITERAL,"",Sociologia.java(31:17-31:18),"1"
282,DECLAREDREFERENCEEXPRESSION,"this",Sociologia.java(31:3-31:4),"this"
283,MEMBEREXPRESSION,"npessoas",Sociologia.java(29:3-29:16),"this.npessoas"
284,DECLAREDREFERENCEEXPRESSION,"np",Sociologia.java(29:19-29:21),"np"
285,DECLAREDREFERENCEEXPRESSION,"this",Sociologia.java(30:3-30:8),"this"
286,MEMBEREXPRESSION,"tempo",Sociologia.java(30:3-30:8),"tempo"
287,LITERAL,"",Sociologia.java(30:11-30:12),"0"
288,VARIABLEDECLARATION,"this",,""
289,COMPOUNDSTATEMENT,"",Sociologia.java(85:30-91:3),"{
		for(int i = 1; i<=npessoas; i++){
			if(!gt[i].visitado)
				return false;
		}
		return true;
	}"
290,LITERAL,"",Sociologia.java(86:15-86:16),"1"
291,RETURNSTATEMENT,"",Sociologia.java(90:3-90:15),"return true;"
292,FORSTATEMENT,"",Sociologia.java(86:3-89:4),"for(int i = 1; i<=npessoas; i++){
			if(!gt[i].visitado)
				return false;
		}"
293,LITERAL,"",Sociologia.java(90:10-90:14),"true"
294,COMPOUNDSTATEMENT,"",Sociologia.java(86:35-89:4),"{
			if(!gt[i].visitado)
				return false;
		}"
295,DECLARATIONSTATEMENT,"",Sociologia.java(86:7-86:16),"int i = 1"
296,BINARYOPERATOR,"<=",Sociologia.java(86:18-86:29),"i<=npessoas"
297,UNARYOPERATOR,"++",Sociologia.java(86:31-86:34),"i++"
298,VARIABLEDECLARATION,"i",Sociologia.java(86:11-86:16),"i = 1"
299,DECLAREDREFERENCEEXPRESSION,"this",Sociologia.java(87:8-87:10),"this"
300,IFSTATEMENT,"",Sociologia.java(87:4-88:18),"if(!gt[i].visitado)
				return false;"
301,DECLAREDREFERENCEEXPRESSION,"i",Sociologia.java(86:31-86:32),"i"
302,UNARYOPERATOR,"!",Sociologia.java(87:7-87:22),"!gt[i].visitado"
303,RETURNSTATEMENT,"",Sociologia.java(88:5-88:18),"return false;"
304,LITERAL,"",Sociologia.java(88:12-88:17),"false"
305,MEMBEREXPRESSION,"visitado",Sociologia.java(87:8-87:22),"gt[i].visitado"
306,ARRAYSUBSCRIPTIONEXPRESSION,"",Sociologia.java(87:8-87:13),"gt[i]"
307,MEMBEREXPRESSION,"gt",Sociologia.java(87:8-87:10),"gt"
308,DECLAREDREFERENCEEXPRESSION,"i",Sociologia.java(87:11-87:12),"i"
309,DECLAREDREFERENCEEXPRESSION,"i",Sociologia.java(86:18-86:19),"i"
310,MEMBEREXPRESSION,"npessoas",Sociologia.java(86:21-86:29),"npessoas"
311,DECLAREDREFERENCEEXPRESSION,"this",Sociologia.java(86:21-86:29),"this"
312,VARIABLEDECLARATION,"this",,""
313,COMPOUNDSTATEMENT,"",Sociologia.java(101:35-109:3),"{
		int count = 1;
		x.visitado = true;
		for(No cursor: x.adj){
			if(!cursor.visitado)
				count +=NelementosGrupo(cursor);
		}
		return count;
	}"
314,PARAMVARIABLEDECLARATION,"x",Sociologia.java(101:30-101:34),"No x"
315,LITERAL,"",Sociologia.java(102:15-102:16),"1"
316,RETURNSTATEMENT,"",Sociologia.java(108:3-108:16),"return count;"
317,DECLARATIONSTATEMENT,"",Sociologia.java(102:3-102:17),"int count = 1;"
318,BINARYOPERATOR,"=",Sociologia.java(103:3-103:21),"x.visitado = true;"
319,FOREACHSTATEMENT,"",Sociologia.java(104:3-107:4),"for(No cursor: x.adj){
			if(!cursor.visitado)
				count +=NelementosGrupo(cursor);
		}"
320,VARIABLEDECLARATION,"count",Sociologia.java(102:7-102:16),"count = 1"
321,DECLAREDREFERENCEEXPRESSION,"count",Sociologia.java(108:10-108:15),"count"
322,DECLAREDREFERENCEEXPRESSION,"x",Sociologia.java(103:3-103:4),"x"
323,DECLARATIONSTATEMENT,"",Sociologia.java(104:7-104:16),"No cursor"
324,MEMBEREXPRESSION,"adj",Sociologia.java(104:18-104:23),"x.adj"
325,COMPOUNDSTATEMENT,"",Sociologia.java(104:24-107:4),"{
			if(!cursor.visitado)
				count +=NelementosGrupo(cursor);
		}"
326,VARIABLEDECLARATION,"cursor",Sociologia.java(104:10-104:16),"cursor"
327,DECLAREDREFERENCEEXPRESSION,"cursor",Sociologia.java(105:8-105:14),"cursor"
328,IFSTATEMENT,"",Sociologia.java(105:4-106:37),"if(!cursor.visitado)
				count +=NelementosGrupo(cursor);"
329,DECLAREDREFERENCEEXPRESSION,"x",Sociologia.java(104:18-104:19),"x"
330,BINARYOPERATOR,"+=",Sociologia.java(106:5-106:37),"count +=NelementosGrupo(cursor);"
331,UNARYOPERATOR,"!",Sociologia.java(105:7-105:23),"!cursor.visitado"
332,DECLAREDREFERENCEEXPRESSION,"count",Sociologia.java(106:5-106:10),"count"
333,MEMBEREXPRESSION,"visitado",Sociologia.java(105:8-105:23),"cursor.visitado"
334,CALLEXPRESSION,"NelementosGrupo",Sociologia.java(106:13-106:36),"NelementosGrupo(cursor)"
335,DECLAREDREFERENCEEXPRESSION,"cursor",Sociologia.java(106:29-106:35),"cursor"
336,UNINITIALIZEDVALUE,"Uninitialized Value",,""
337,MEMBEREXPRESSION,"visitado",Sociologia.java(103:3-103:13),"x.visitado"
338,LITERAL,"",Sociologia.java(103:16-103:20),"true"
339,VARIABLEDECLARATION,"this",,""
340,COMPOUNDSTATEMENT,"",Sociologia.java(54:12-59:3),"{
		for(int i = 1; i<=npessoas; i++){
			if(!g[i].visitado)
				DFSVisit(g[i]);
		}
	}"
341,LITERAL,"",Sociologia.java(55:15-55:16),"1"
342,RETURNSTATEMENT,"",,""
343,FORSTATEMENT,"",Sociologia.java(55:3-58:4),"for(int i = 1; i<=npessoas; i++){
			if(!g[i].visitado)
				DFSVisit(g[i]);
		}"
344,COMPOUNDSTATEMENT,"",Sociologia.java(55:35-58:4),"{
			if(!g[i].visitado)
				DFSVisit(g[i]);
		}"
345,DECLARATIONSTATEMENT,"",Sociologia.java(55:7-55:16),"int i = 1"
346,BINARYOPERATOR,"<=",Sociologia.java(55:18-55:29),"i<=npessoas"
347,UNARYOPERATOR,"++",Sociologia.java(55:31-55:34),"i++"
348,VARIABLEDECLARATION,"i",Sociologia.java(55:11-55:16),"i = 1"
349,DECLAREDREFERENCEEXPRESSION,"this",Sociologia.java(56:8-56:9),"this"
350,DECLAREDREFERENCEEXPRESSION,"i",Sociologia.java(55:18-55:19),"i"
351,DECLAREDREFERENCEEXPRESSION,"i",Sociologia.java(55:31-55:32),"i"
352,IFSTATEMENT,"",Sociologia.java(56:4-57:20),"if(!g[i].visitado)
				DFSVisit(g[i]);"
353,CALLEXPRESSION,"DFSVisit",Sociologia.java(57:5-57:20),"DFSVisit(g[i]);"
354,UNARYOPERATOR,"!",Sociologia.java(56:7-56:21),"!g[i].visitado"
355,DECLAREDREFERENCEEXPRESSION,"this",Sociologia.java(57:14-57:15),"this"
356,ARRAYSUBSCRIPTIONEXPRESSION,"",Sociologia.java(57:14-57:18),"g[i]"
357,MEMBEREXPRESSION,"g",Sociologia.java(57:14-57:15),"g"
358,DECLAREDREFERENCEEXPRESSION,"i",Sociologia.java(57:16-57:17),"i"
359,MEMBEREXPRESSION,"visitado",Sociologia.java(56:8-56:21),"g[i].visitado"
360,ARRAYSUBSCRIPTIONEXPRESSION,"",Sociologia.java(56:8-56:12),"g[i]"
361,MEMBEREXPRESSION,"g",Sociologia.java(56:8-56:9),"g"
362,DECLAREDREFERENCEEXPRESSION,"i",Sociologia.java(56:10-56:11),"i"
363,MEMBEREXPRESSION,"npessoas",Sociologia.java(55:21-55:29),"npessoas"
364,DECLAREDREFERENCEEXPRESSION,"this",Sociologia.java(55:21-55:29),"this"
365,VARIABLEDECLARATION,"this",,""
366,COMPOUNDSTATEMENT,"",Sociologia.java(71:22-84:3),"{
		int maximo = 0; 
		No max = new No(0);
		
		for(int i = 1; i<=npessoas; i++){
			if(!gt[i].visitado){
				if(gt[i].tempof > maximo){
					maximo = gt[i].tempof;
					max = gt[i];
				}
			}
		}
		return max;
	}"
367,LITERAL,"",Sociologia.java(72:16-72:17),"0"
368,RETURNSTATEMENT,"",Sociologia.java(83:3-83:14),"return max;"
369,DECLARATIONSTATEMENT,"",Sociologia.java(72:3-72:18),"int maximo = 0;"
370,DECLARATIONSTATEMENT,"",Sociologia.java(73:3-73:22),"No max = new No(0);"
371,FORSTATEMENT,"",Sociologia.java(75:3-82:4),"for(int i = 1; i<=npessoas; i++){
			if(!gt[i].visitado){
				if(gt[i].tempof > maximo){
					maximo = gt[i].tempof;
					max = gt[i];
				}
			}
		}"
372,VARIABLEDECLARATION,"maximo",Sociologia.java(72:7-72:17),"maximo = 0"
373,VARIABLEDECLARATION,"max",Sociologia.java(73:6-73:21),"max = new No(0)"
374,LITERAL,"",Sociologia.java(75:15-75:16),"1"
375,COMPOUNDSTATEMENT,"",Sociologia.java(75:35-82:4),"{
			if(!gt[i].visitado){
				if(gt[i].tempof > maximo){
					maximo = gt[i].tempof;
					max = gt[i];
				}
			}
		}"
376,DECLARATIONSTATEMENT,"",Sociologia.java(75:7-75:16),"int i = 1"
377,BINARYOPERATOR,"<=",Sociologia.java(75:18-75:29),"i<=npessoas"
378,UNARYOPERATOR,"++",Sociologia.java(75:31-75:34),"i++"
379,VARIABLEDECLARATION,"i",Sociologia.java(75:11-75:16),"i = 1"
380,DECLAREDREFERENCEEXPRESSION,"this",Sociologia.java(76:8-76:10),"this"
381,DECLAREDREFERENCEEXPRESSION,"max",Sociologia.java(83:10-83:13),"max"
382,DECLAREDREFERENCEEXPRESSION,"i",Sociologia.java(75:18-75:19),"i"
383,IFSTATEMENT,"",Sociologia.java(76:4-81:5),"if(!gt[i].visitado){
				if(gt[i].tempof > maximo){
					maximo = gt[i].tempof;
					max = gt[i];
				}
			}"
384,DECLAREDREFERENCEEXPRESSION,"i",Sociologia.java(75:31-75:32),"i"
385,COMPOUNDSTATEMENT,"",Sociologia.java(76:23-81:5),"{
				if(gt[i].tempof > maximo){
					maximo = gt[i].tempof;
					max = gt[i];
				}
			}"
386,UNARYOPERATOR,"!",Sociologia.java(76:7-76:22),"!gt[i].visitado"
387,DECLAREDREFERENCEEXPRESSION,"this",Sociologia.java(77:8-77:10),"this"
388,IFSTATEMENT,"",Sociologia.java(77:5-80:6),"if(gt[i].tempof > maximo){
					maximo = gt[i].tempof;
					max = gt[i];
				}"
389,COMPOUNDSTATEMENT,"",Sociologia.java(77:30-80:6),"{
					maximo = gt[i].tempof;
					max = gt[i];
				}"
390,BINARYOPERATOR,">",Sociologia.java(77:8-77:29),"gt[i].tempof > maximo"
391,DECLAREDREFERENCEEXPRESSION,"maximo",Sociologia.java(78:6-78:12),"maximo"
392,BINARYOPERATOR,"=",Sociologia.java(78:6-78:28),"maximo = gt[i].tempof;"
393,BINARYOPERATOR,"=",Sociologia.java(79:6-79:18),"max = gt[i];"
394,MEMBEREXPRESSION,"tempof",Sociologia.java(78:15-78:27),"gt[i].tempof"
395,DECLAREDREFERENCEEXPRESSION,"max",Sociologia.java(79:6-79:9),"max"
396,ARRAYSUBSCRIPTIONEXPRESSION,"",Sociologia.java(78:15-78:20),"gt[i]"
397,MEMBEREXPRESSION,"gt",Sociologia.java(78:15-78:17),"gt"
398,DECLAREDREFERENCEEXPRESSION,"i",Sociologia.java(78:18-78:19),"i"
399,DECLAREDREFERENCEEXPRESSION,"this",Sociologia.java(78:15-78:17),"this"
400,ARRAYSUBSCRIPTIONEXPRESSION,"",Sociologia.java(79:12-79:17),"gt[i]"
401,DECLAREDREFERENCEEXPRESSION,"this",Sociologia.java(79:12-79:14),"this"
402,MEMBEREXPRESSION,"gt",Sociologia.java(79:12-79:14),"gt"
403,DECLAREDREFERENCEEXPRESSION,"i",Sociologia.java(79:15-79:16),"i"
404,MEMBEREXPRESSION,"tempof",Sociologia.java(77:8-77:20),"gt[i].tempof"
405,DECLAREDREFERENCEEXPRESSION,"maximo",Sociologia.java(77:23-77:29),"maximo"
406,ARRAYSUBSCRIPTIONEXPRESSION,"",Sociologia.java(77:8-77:13),"gt[i]"
407,MEMBEREXPRESSION,"gt",Sociologia.java(77:8-77:10),"gt"
408,DECLAREDREFERENCEEXPRESSION,"i",Sociologia.java(77:11-77:12),"i"
409,MEMBEREXPRESSION,"visitado",Sociologia.java(76:8-76:22),"gt[i].visitado"
410,ARRAYSUBSCRIPTIONEXPRESSION,"",Sociologia.java(76:8-76:13),"gt[i]"
411,MEMBEREXPRESSION,"gt",Sociologia.java(76:8-76:10),"gt"
412,DECLAREDREFERENCEEXPRESSION,"i",Sociologia.java(76:11-76:12),"i"
413,MEMBEREXPRESSION,"npessoas",Sociologia.java(75:21-75:29),"npessoas"
414,DECLAREDREFERENCEEXPRESSION,"this",Sociologia.java(75:21-75:29),"this"
415,LITERAL,"",Sociologia.java(73:19-73:20),"0"
416,NEWEXPRESSION,"",Sociologia.java(73:12-73:21),"new No(0)"
417,CONSTRUCTEXPRESSION,"",Sociologia.java(73:12-73:21),"new No(0)"
418,FIELDDECLARATION,"this",,""
419,METHODDECLARATION,"main",Sociologia.java(122:2-136:3),"public static void main(String[] args) {
		Scanner in = new Scanner(System.in);
		int ncasos = in.nextInt();
		for(int i = 1; i<=ncasos; i++){
			int np = in.nextInt();
			Graph novo = new Graph(np);
			novo.createGrafo(in);
			novo.DFS();
			novo.DFS_T();
			
			System.out.printf(""Caso #%d\n"", i);
			novo.Output();
		}

	}"
420,CONSTRUCTORDECLARATION,"Sociologia",,""
421,VARIABLEDECLARATION,"this",,""
422,COMPOUNDSTATEMENT,"",Sociologia.java(122:41-136:3),"{
		Scanner in = new Scanner(System.in);
		int ncasos = in.nextInt();
		for(int i = 1; i<=ncasos; i++){
			int np = in.nextInt();
			Graph novo = new Graph(np);
			novo.createGrafo(in);
			novo.DFS();
			novo.DFS_T();
			
			System.out.printf(""Caso #%d\n"", i);
			novo.Output();
		}

	}"
423,PARAMVARIABLEDECLARATION,"args",Sociologia.java(122:26-122:39),"String[] args"
424,DECLAREDREFERENCEEXPRESSION,"System",Sociologia.java(123:28-123:34),"System"
425,RETURNSTATEMENT,"",,""
426,DECLARATIONSTATEMENT,"",Sociologia.java(123:3-123:39),"Scanner in = new Scanner(System.in);"
427,DECLARATIONSTATEMENT,"",Sociologia.java(124:3-124:29),"int ncasos = in.nextInt();"
428,FORSTATEMENT,"",Sociologia.java(125:3-134:4),"for(int i = 1; i<=ncasos; i++){
			int np = in.nextInt();
			Graph novo = new Graph(np);
			novo.createGrafo(in);
			novo.DFS();
			novo.DFS_T();
			
			System.out.printf(""Caso #%d\n"", i);
			novo.Output();
		}"
429,VARIABLEDECLARATION,"in",Sociologia.java(123:11-123:38),"in = new Scanner(System.in)"
430,VARIABLEDECLARATION,"ncasos",Sociologia.java(124:7-124:28),"ncasos = in.nextInt()"
431,MEMBERCALLEXPRESSION,"nextInt",Sociologia.java(124:16-124:28),"in.nextInt()"
432,DECLAREDREFERENCEEXPRESSION,"nextInt",Sociologia.java(124:19-124:26),"nextInt"
433,DECLAREDREFERENCEEXPRESSION,"in",Sociologia.java(124:16-124:18),"in"
434,LITERAL,"",Sociologia.java(125:15-125:16),"1"
435,COMPOUNDSTATEMENT,"",Sociologia.java(125:33-134:4),"{
			int np = in.nextInt();
			Graph novo = new Graph(np);
			novo.createGrafo(in);
			novo.DFS();
			novo.DFS_T();
			
			System.out.printf(""Caso #%d\n"", i);
			novo.Output();
		}"
436,DECLARATIONSTATEMENT,"",Sociologia.java(125:7-125:16),"int i = 1"
437,BINARYOPERATOR,"<=",Sociologia.java(125:18-125:27),"i<=ncasos"
438,UNARYOPERATOR,"++",Sociologia.java(125:29-125:32),"i++"
439,VARIABLEDECLARATION,"i",Sociologia.java(125:11-125:16),"i = 1"
440,DECLAREDREFERENCEEXPRESSION,"in",Sociologia.java(126:13-126:15),"in"
441,DECLAREDREFERENCEEXPRESSION,"i",Sociologia.java(125:29-125:30),"i"
442,DECLAREDREFERENCEEXPRESSION,"i",Sociologia.java(125:18-125:19),"i"
443,DECLARATIONSTATEMENT,"",Sociologia.java(126:4-126:26),"int np = in.nextInt();"
444,DECLARATIONSTATEMENT,"",Sociologia.java(127:4-127:31),"Graph novo = new Graph(np);"
445,MEMBERCALLEXPRESSION,"createGrafo",Sociologia.java(128:4-128:25),"novo.createGrafo(in);"
446,MEMBERCALLEXPRESSION,"DFS",Sociologia.java(129:4-129:15),"novo.DFS();"
447,MEMBERCALLEXPRESSION,"DFS_T",Sociologia.java(130:4-130:17),"novo.DFS_T();"
448,MEMBERCALLEXPRESSION,"printf",Sociologia.java(132:4-132:39),"System.out.printf(""Caso #%d\n"", i);"
449,MEMBERCALLEXPRESSION,"Output",Sociologia.java(133:4-133:18),"novo.Output();"
450,VARIABLEDECLARATION,"np",Sociologia.java(126:8-126:25),"np = in.nextInt()"
451,VARIABLEDECLARATION,"novo",Sociologia.java(127:10-127:30),"novo = new Graph(np)"
452,DECLAREDREFERENCEEXPRESSION,"DFS",Sociologia.java(129:9-129:12),"DFS"
453,METHODDECLARATION,"DFS",,""
454,DECLAREDREFERENCEEXPRESSION,"novo",Sociologia.java(130:4-130:8),"novo"
455,DECLAREDREFERENCEEXPRESSION,"novo",Sociologia.java(129:4-129:8),"novo"
456,DECLAREDREFERENCEEXPRESSION,"DFS_T",Sociologia.java(130:9-130:14),"DFS_T"
457,METHODDECLARATION,"DFS_T",,""
458,DECLAREDREFERENCEEXPRESSION,"System",Sociologia.java(132:4-132:10),"System"
459,DECLAREDREFERENCEEXPRESSION,"np",Sociologia.java(127:27-127:29),"np"
460,MEMBERCALLEXPRESSION,"nextInt",Sociologia.java(126:13-126:25),"in.nextInt()"
461,DECLAREDREFERENCEEXPRESSION,"nextInt",Sociologia.java(126:16-126:23),"nextInt"
462,NEWEXPRESSION,"",Sociologia.java(127:17-127:30),"new Graph(np)"
463,CONSTRUCTEXPRESSION,"",Sociologia.java(127:17-127:30),"new Graph(np)"
464,CONSTRUCTORDECLARATION,"Graph",Prob19.java(28:5-33:6),"Graph(int n) {
	this.n = n;
	nodes  = new Node[n+1]; // +1 se os comecam em 1 ao inves de 0
	for (int i=1; i<=n; i++)
	    nodes[i] = new Node();
    }"
465,PARAMVARIABLEDECLARATION,"n",Prob19.java(28:11-28:16),"int n"
466,DECLAREDREFERENCEEXPRESSION,"printf",Sociologia.java(132:15-132:21),"printf"
467,DECLAREDREFERENCEEXPRESSION,"novo",Sociologia.java(133:4-133:8),"novo"
468,DECLAREDREFERENCEEXPRESSION,"i",Sociologia.java(132:36-132:37),"i"
469,LITERAL,"",Sociologia.java(132:22-132:34),"""Caso #%d\n"""
470,MEMBEREXPRESSION,"out",Sociologia.java(132:4-132:14),"System.out"
471,DECLAREDREFERENCEEXPRESSION,"novo",Sociologia.java(128:4-128:8),"novo"
472,DECLAREDREFERENCEEXPRESSION,"createGrafo",Sociologia.java(128:9-128:20),"createGrafo"
473,METHODDECLARATION,"createGrafo",,""
474,DECLAREDREFERENCEEXPRESSION,"in",Sociologia.java(128:21-128:23),"in"
475,PARAMVARIABLEDECLARATION,"java.util.scanner0",,""
476,DECLAREDREFERENCEEXPRESSION,"Output",Sociologia.java(133:9-133:15),"Output"
477,METHODDECLARATION,"Output",,""
478,DECLAREDREFERENCEEXPRESSION,"ncasos",Sociologia.java(125:21-125:27),"ncasos"
479,NEWEXPRESSION,"",Sociologia.java(123:16-123:38),"new Scanner(System.in)"
480,CONSTRUCTEXPRESSION,"",Sociologia.java(123:16-123:38),"new Scanner(System.in)"
481,MEMBEREXPRESSION,"in",Sociologia.java(123:28-123:37),"System.in"
