id,type,token,location,code
1,TRANSLATIONUNITDECLARATION,"/data/00000019/submissions/00621453_Sociologia_080316073/sociologia.java",,""
2,RECORDDECLARATION,"No",sociologia.java(3:1-19:2),"class No{
	int no;
	int tempof;
	LinkedList<No> adj;
	boolean visitado;
	
	No(int n){
		no=n;
		tempof=0;
		adj= new LinkedList<No>();
		visitado=false;
	}
	
	void addLigacao(No x){
		adj.addLast(x);
	}
}"
3,RECORDDECLARATION,"Grafos",sociologia.java(21:1-127:2),"class Grafos{
	int tempo;
	int npessoas;
	No g[];
	No gt[];
	LinkedList<Integer> grupos;
	
	Grafos(int np){
		tempo=0;
		npessoas=np;
		g=new No[np+1];
		gt=new No[np+1];
		grupos=new LinkedList<Integer>();
	}
	
	void inicializar(){
		for(int i=1;i<=npessoas;i++){
			g[i]=new No(i);
			gt[i]=new No(i);
		}
	}
	
	void criarGrafo(Scanner in){
		inicializar();
		for(int i=1;i<=npessoas;i++){
			int pessoa=in.nextInt();
			int namigos=in.nextInt();
			for(int j=0;j<namigos;j++){
				int amigo=in.nextInt();
				g[pessoa].addLigacao(g[amigo]);
				gt[amigo].addLigacao(gt[pessoa]);
			}
		}
	}
	
	void DFS(){
		for(int i=1;i<=npessoas;i++){
			if(!g[i].visitado)
				DFSVisit(g[i]);
		}
	}
	
	void DFSVisit(No x){
		tempo=tempo+1;
		x.visitado=true;
		for(No cursor:x.adj){
			if(!cursor.visitado)
				DFSVisit(cursor);
		}
		tempo=tempo+1;
		x.tempof=tempo;
		gt[x.no].tempof=tempo;
	}
	
	No findMax(){
		int maximo=0;
		No max=new No(0);
		for(int i=1;i<=npessoas;i++){
			if(!gt[i].visitado){
				if(gt[i].tempof>maximo){
					maximo=gt[i].tempof;
					max=gt[i];
				}
			}
		}
		return max;
	}
	
	boolean  todosVisitados(){
		for(int i=1;i<=npessoas;i++){
			if(!gt[i].visitado)
				return false;
		}
		return true;
	}
	
	void DFS_T(){
		while(!todosVisitados()){
			No TMax=findMax();
			int nelementos=NelementosGrupo(TMax);
			grupos.addLast(nelementos);
			TMax.tempof=0;
		}
	}
	
	int NelementosGrupo(No x){
		int contar=1;
		x.visitado=true;
		for(No cursor:x.adj){
			if(!cursor.visitado)
				contar=contar+NelementosGrupo(cursor);
		}
		return contar;
	}
	
	void output(){
		int ngrupos=0;
		int deFora=0;
		for(int x:grupos){
			if(x>=4)
				ngrupos++;
			else
				deFora=deFora+x;
		}
		System.out.printf(""%d %d\n"",ngrupos,deFora);
	}
}"
4,RECORDDECLARATION,"sociologia",sociologia.java(129:1-143:2),"class sociologia{
	public static void main(String[] args){
		Scanner in=new Scanner(System.in);
		int ncasos=in.nextInt();
		for(int i=1;i<=ncasos;i++){
			int np=in.nextInt();
			Grafos novo=new Grafos(np);
			novo.criarGrafo(in);
			novo.DFS();
			novo.DFS_T();
			System.out.printf(""Caso #%d\n"", i);
			novo.output();
		}
	}
}"
5,INCLUDEDECLARATION,"java.util",,""
6,FIELDDECLARATION,"this",,""
7,FIELDDECLARATION,"no",sociologia.java(4:2-4:9),"no"
8,FIELDDECLARATION,"tempof",sociologia.java(5:2-5:13),"tempof"
9,FIELDDECLARATION,"adj",sociologia.java(6:2-6:21),"adj"
10,FIELDDECLARATION,"visitado",sociologia.java(7:2-7:19),"visitado"
11,METHODDECLARATION,"addLigacao",sociologia.java(16:2-18:3),"void addLigacao(No x){
		adj.addLast(x);
	}"
12,CONSTRUCTORDECLARATION,"No",sociologia.java(9:2-14:3),"No(int n){
		no=n;
		tempof=0;
		adj= new LinkedList<No>();
		visitado=false;
	}"
13,VARIABLEDECLARATION,"this",,""
14,COMPOUNDSTATEMENT,"",sociologia.java(16:23-18:3),"{
		adj.addLast(x);
	}"
15,PARAMVARIABLEDECLARATION,"x",sociologia.java(16:18-16:22),"No x"
16,DECLAREDREFERENCEEXPRESSION,"this",sociologia.java(17:3-17:6),"this"
17,RETURNSTATEMENT,"",,""
18,MEMBERCALLEXPRESSION,"addLast",sociologia.java(17:3-17:18),"adj.addLast(x);"
19,DECLAREDREFERENCEEXPRESSION,"addLast",sociologia.java(17:7-17:14),"addLast"
20,DECLAREDREFERENCEEXPRESSION,"x",sociologia.java(17:15-17:16),"x"
21,MEMBEREXPRESSION,"adj",sociologia.java(17:3-17:6),"adj"
22,COMPOUNDSTATEMENT,"",sociologia.java(9:11-14:3),"{
		no=n;
		tempof=0;
		adj= new LinkedList<No>();
		visitado=false;
	}"
23,PARAMVARIABLEDECLARATION,"n",sociologia.java(9:5-9:10),"int n"
24,DECLAREDREFERENCEEXPRESSION,"this",sociologia.java(10:3-10:5),"this"
25,RETURNSTATEMENT,"",,""
26,BINARYOPERATOR,"=",sociologia.java(10:3-10:8),"no=n;"
27,BINARYOPERATOR,"=",sociologia.java(11:3-11:12),"tempof=0;"
28,BINARYOPERATOR,"=",sociologia.java(12:3-12:29),"adj= new LinkedList<No>();"
29,BINARYOPERATOR,"=",sociologia.java(13:3-13:18),"visitado=false;"
30,MEMBEREXPRESSION,"tempof",sociologia.java(11:3-11:9),"tempof"
31,LITERAL,"",sociologia.java(11:10-11:11),"0"
32,DECLAREDREFERENCEEXPRESSION,"this",sociologia.java(12:3-12:6),"this"
33,DECLAREDREFERENCEEXPRESSION,"this",sociologia.java(11:3-11:9),"this"
34,MEMBEREXPRESSION,"no",sociologia.java(10:3-10:5),"no"
35,DECLAREDREFERENCEEXPRESSION,"n",sociologia.java(10:6-10:7),"n"
36,MEMBEREXPRESSION,"visitado",sociologia.java(13:3-13:11),"visitado"
37,LITERAL,"",sociologia.java(13:12-13:17),"false"
38,DECLAREDREFERENCEEXPRESSION,"this",sociologia.java(13:3-13:11),"this"
39,MEMBEREXPRESSION,"adj",sociologia.java(12:3-12:6),"adj"
40,NEWEXPRESSION,"",sociologia.java(12:8-12:28),"new LinkedList<No>()"
41,CONSTRUCTEXPRESSION,"",sociologia.java(12:8-12:28),"new LinkedList<No>()"
42,FIELDDECLARATION,"this",,""
43,METHODDECLARATION,"main",sociologia.java(130:2-142:3),"public static void main(String[] args){
		Scanner in=new Scanner(System.in);
		int ncasos=in.nextInt();
		for(int i=1;i<=ncasos;i++){
			int np=in.nextInt();
			Grafos novo=new Grafos(np);
			novo.criarGrafo(in);
			novo.DFS();
			novo.DFS_T();
			System.out.printf(""Caso #%d\n"", i);
			novo.output();
		}
	}"
44,CONSTRUCTORDECLARATION,"sociologia",,""
45,VARIABLEDECLARATION,"this",,""
46,COMPOUNDSTATEMENT,"",sociologia.java(130:40-142:3),"{
		Scanner in=new Scanner(System.in);
		int ncasos=in.nextInt();
		for(int i=1;i<=ncasos;i++){
			int np=in.nextInt();
			Grafos novo=new Grafos(np);
			novo.criarGrafo(in);
			novo.DFS();
			novo.DFS_T();
			System.out.printf(""Caso #%d\n"", i);
			novo.output();
		}
	}"
47,PARAMVARIABLEDECLARATION,"args",sociologia.java(130:26-130:39),"String[] args"
48,DECLAREDREFERENCEEXPRESSION,"System",sociologia.java(131:26-131:32),"System"
49,RETURNSTATEMENT,"",,""
50,DECLARATIONSTATEMENT,"",sociologia.java(131:3-131:37),"Scanner in=new Scanner(System.in);"
51,DECLARATIONSTATEMENT,"",sociologia.java(132:3-132:27),"int ncasos=in.nextInt();"
52,FORSTATEMENT,"",sociologia.java(133:3-141:4),"for(int i=1;i<=ncasos;i++){
			int np=in.nextInt();
			Grafos novo=new Grafos(np);
			novo.criarGrafo(in);
			novo.DFS();
			novo.DFS_T();
			System.out.printf(""Caso #%d\n"", i);
			novo.output();
		}"
53,VARIABLEDECLARATION,"in",sociologia.java(131:11-131:36),"in=new Scanner(System.in)"
54,VARIABLEDECLARATION,"ncasos",sociologia.java(132:7-132:26),"ncasos=in.nextInt()"
55,MEMBERCALLEXPRESSION,"nextInt",sociologia.java(132:14-132:26),"in.nextInt()"
56,DECLAREDREFERENCEEXPRESSION,"nextInt",sociologia.java(132:17-132:24),"nextInt"
57,DECLAREDREFERENCEEXPRESSION,"in",sociologia.java(132:14-132:16),"in"
58,LITERAL,"",sociologia.java(133:13-133:14),"1"
59,COMPOUNDSTATEMENT,"",sociologia.java(133:29-141:4),"{
			int np=in.nextInt();
			Grafos novo=new Grafos(np);
			novo.criarGrafo(in);
			novo.DFS();
			novo.DFS_T();
			System.out.printf(""Caso #%d\n"", i);
			novo.output();
		}"
60,DECLARATIONSTATEMENT,"",sociologia.java(133:7-133:14),"int i=1"
61,BINARYOPERATOR,"<=",sociologia.java(133:15-133:24),"i<=ncasos"
62,UNARYOPERATOR,"++",sociologia.java(133:25-133:28),"i++"
63,VARIABLEDECLARATION,"i",sociologia.java(133:11-133:14),"i=1"
64,DECLAREDREFERENCEEXPRESSION,"in",sociologia.java(134:11-134:13),"in"
65,DECLAREDREFERENCEEXPRESSION,"i",sociologia.java(133:25-133:26),"i"
66,DECLAREDREFERENCEEXPRESSION,"i",sociologia.java(133:15-133:16),"i"
67,DECLARATIONSTATEMENT,"",sociologia.java(134:4-134:24),"int np=in.nextInt();"
68,DECLARATIONSTATEMENT,"",sociologia.java(135:4-135:31),"Grafos novo=new Grafos(np);"
69,MEMBERCALLEXPRESSION,"criarGrafo",sociologia.java(136:4-136:24),"novo.criarGrafo(in);"
70,MEMBERCALLEXPRESSION,"DFS",sociologia.java(137:4-137:15),"novo.DFS();"
71,MEMBERCALLEXPRESSION,"DFS_T",sociologia.java(138:4-138:17),"novo.DFS_T();"
72,MEMBERCALLEXPRESSION,"printf",sociologia.java(139:4-139:39),"System.out.printf(""Caso #%d\n"", i);"
73,MEMBERCALLEXPRESSION,"output",sociologia.java(140:4-140:18),"novo.output();"
74,VARIABLEDECLARATION,"np",sociologia.java(134:8-134:23),"np=in.nextInt()"
75,VARIABLEDECLARATION,"novo",sociologia.java(135:11-135:30),"novo=new Grafos(np)"
76,DECLAREDREFERENCEEXPRESSION,"np",sociologia.java(135:27-135:29),"np"
77,DECLAREDREFERENCEEXPRESSION,"DFS",sociologia.java(137:9-137:12),"DFS"
78,METHODDECLARATION,"DFS",,""
79,DECLAREDREFERENCEEXPRESSION,"novo",sociologia.java(138:4-138:8),"novo"
80,DECLAREDREFERENCEEXPRESSION,"novo",sociologia.java(137:4-137:8),"novo"
81,DECLAREDREFERENCEEXPRESSION,"output",sociologia.java(140:9-140:15),"output"
82,METHODDECLARATION,"output",,""
83,DECLAREDREFERENCEEXPRESSION,"novo",sociologia.java(140:4-140:8),"novo"
84,DECLAREDREFERENCEEXPRESSION,"DFS_T",sociologia.java(138:9-138:14),"DFS_T"
85,METHODDECLARATION,"DFS_T",,""
86,DECLAREDREFERENCEEXPRESSION,"System",sociologia.java(139:4-139:10),"System"
87,DECLAREDREFERENCEEXPRESSION,"novo",sociologia.java(136:4-136:8),"novo"
88,DECLAREDREFERENCEEXPRESSION,"criarGrafo",sociologia.java(136:9-136:19),"criarGrafo"
89,METHODDECLARATION,"criarGrafo",,""
90,DECLAREDREFERENCEEXPRESSION,"in",sociologia.java(136:20-136:22),"in"
91,PARAMVARIABLEDECLARATION,"java.util.scanner0",,""
92,DECLAREDREFERENCEEXPRESSION,"printf",sociologia.java(139:15-139:21),"printf"
93,DECLAREDREFERENCEEXPRESSION,"i",sociologia.java(139:36-139:37),"i"
94,LITERAL,"",sociologia.java(139:22-139:34),"""Caso #%d\n"""
95,MEMBEREXPRESSION,"out",sociologia.java(139:4-139:14),"System.out"
96,NEWEXPRESSION,"",sociologia.java(135:16-135:30),"new Grafos(np)"
97,CONSTRUCTEXPRESSION,"",sociologia.java(135:16-135:30),"new Grafos(np)"
98,CONSTRUCTORDECLARATION,"Grafos",,""
99,PARAMVARIABLEDECLARATION,"int0",,""
100,MEMBERCALLEXPRESSION,"nextInt",sociologia.java(134:11-134:23),"in.nextInt()"
101,DECLAREDREFERENCEEXPRESSION,"nextInt",sociologia.java(134:14-134:21),"nextInt"
102,DECLAREDREFERENCEEXPRESSION,"ncasos",sociologia.java(133:18-133:24),"ncasos"
103,NEWEXPRESSION,"",sociologia.java(131:14-131:36),"new Scanner(System.in)"
104,CONSTRUCTEXPRESSION,"",sociologia.java(131:14-131:36),"new Scanner(System.in)"
105,MEMBEREXPRESSION,"in",sociologia.java(131:26-131:35),"System.in"
106,FIELDDECLARATION,"this",,""
107,FIELDDECLARATION,"tempo",sociologia.java(22:2-22:12),"tempo"
108,FIELDDECLARATION,"npessoas",sociologia.java(23:2-23:15),"npessoas"
109,FIELDDECLARATION,"g",sociologia.java(24:2-24:9),"g"
110,FIELDDECLARATION,"gt",sociologia.java(25:2-25:10),"gt"
111,FIELDDECLARATION,"grupos",sociologia.java(26:2-26:29),"grupos"
112,METHODDECLARATION,"inicializar",sociologia.java(36:2-41:3),"void inicializar(){
		for(int i=1;i<=npessoas;i++){
			g[i]=new No(i);
			gt[i]=new No(i);
		}
	}"
113,METHODDECLARATION,"criarGrafo",sociologia.java(43:2-54:3),"void criarGrafo(Scanner in){
		inicializar();
		for(int i=1;i<=npessoas;i++){
			int pessoa=in.nextInt();
			int namigos=in.nextInt();
			for(int j=0;j<namigos;j++){
				int amigo=in.nextInt();
				g[pessoa].addLigacao(g[amigo]);
				gt[amigo].addLigacao(gt[pessoa]);
			}
		}
	}"
114,METHODDECLARATION,"DFS",sociologia.java(56:2-61:3),"void DFS(){
		for(int i=1;i<=npessoas;i++){
			if(!g[i].visitado)
				DFSVisit(g[i]);
		}
	}"
115,METHODDECLARATION,"DFSVisit",sociologia.java(63:2-73:3),"void DFSVisit(No x){
		tempo=tempo+1;
		x.visitado=true;
		for(No cursor:x.adj){
			if(!cursor.visitado)
				DFSVisit(cursor);
		}
		tempo=tempo+1;
		x.tempof=tempo;
		gt[x.no].tempof=tempo;
	}"
116,METHODDECLARATION,"findMax",sociologia.java(75:2-87:3),"No findMax(){
		int maximo=0;
		No max=new No(0);
		for(int i=1;i<=npessoas;i++){
			if(!gt[i].visitado){
				if(gt[i].tempof>maximo){
					maximo=gt[i].tempof;
					max=gt[i];
				}
			}
		}
		return max;
	}"
117,METHODDECLARATION,"todosVisitados",sociologia.java(89:2-95:3),"boolean  todosVisitados(){
		for(int i=1;i<=npessoas;i++){
			if(!gt[i].visitado)
				return false;
		}
		return true;
	}"
118,METHODDECLARATION,"DFS_T",sociologia.java(97:2-104:3),"void DFS_T(){
		while(!todosVisitados()){
			No TMax=findMax();
			int nelementos=NelementosGrupo(TMax);
			grupos.addLast(nelementos);
			TMax.tempof=0;
		}
	}"
119,METHODDECLARATION,"NelementosGrupo",sociologia.java(106:2-114:3),"int NelementosGrupo(No x){
		int contar=1;
		x.visitado=true;
		for(No cursor:x.adj){
			if(!cursor.visitado)
				contar=contar+NelementosGrupo(cursor);
		}
		return contar;
	}"
120,METHODDECLARATION,"output",sociologia.java(116:2-126:3),"void output(){
		int ngrupos=0;
		int deFora=0;
		for(int x:grupos){
			if(x>=4)
				ngrupos++;
			else
				deFora=deFora+x;
		}
		System.out.printf(""%d %d\n"",ngrupos,deFora);
	}"
121,CONSTRUCTORDECLARATION,"Grafos",sociologia.java(28:2-34:3),"Grafos(int np){
		tempo=0;
		npessoas=np;
		g=new No[np+1];
		gt=new No[np+1];
		grupos=new LinkedList<Integer>();
	}"
122,VARIABLEDECLARATION,"this",,""
123,COMPOUNDSTATEMENT,"",sociologia.java(75:14-87:3),"{
		int maximo=0;
		No max=new No(0);
		for(int i=1;i<=npessoas;i++){
			if(!gt[i].visitado){
				if(gt[i].tempof>maximo){
					maximo=gt[i].tempof;
					max=gt[i];
				}
			}
		}
		return max;
	}"
124,LITERAL,"",sociologia.java(76:14-76:15),"0"
125,RETURNSTATEMENT,"",sociologia.java(86:3-86:14),"return max;"
126,DECLARATIONSTATEMENT,"",sociologia.java(76:3-76:16),"int maximo=0;"
127,DECLARATIONSTATEMENT,"",sociologia.java(77:3-77:20),"No max=new No(0);"
128,FORSTATEMENT,"",sociologia.java(78:3-85:4),"for(int i=1;i<=npessoas;i++){
			if(!gt[i].visitado){
				if(gt[i].tempof>maximo){
					maximo=gt[i].tempof;
					max=gt[i];
				}
			}
		}"
129,VARIABLEDECLARATION,"maximo",sociologia.java(76:7-76:15),"maximo=0"
130,VARIABLEDECLARATION,"max",sociologia.java(77:6-77:19),"max=new No(0)"
131,COMPOUNDSTATEMENT,"",sociologia.java(78:31-85:4),"{
			if(!gt[i].visitado){
				if(gt[i].tempof>maximo){
					maximo=gt[i].tempof;
					max=gt[i];
				}
			}
		}"
132,DECLARATIONSTATEMENT,"",sociologia.java(78:7-78:14),"int i=1"
133,BINARYOPERATOR,"<=",sociologia.java(78:15-78:26),"i<=npessoas"
134,UNARYOPERATOR,"++",sociologia.java(78:27-78:30),"i++"
135,VARIABLEDECLARATION,"i",sociologia.java(78:11-78:14),"i=1"
136,DECLAREDREFERENCEEXPRESSION,"this",sociologia.java(79:8-79:10),"this"
137,DECLAREDREFERENCEEXPRESSION,"max",sociologia.java(86:10-86:13),"max"
138,DECLAREDREFERENCEEXPRESSION,"i",sociologia.java(78:15-78:16),"i"
139,MEMBEREXPRESSION,"npessoas",sociologia.java(78:18-78:26),"npessoas"
140,DECLAREDREFERENCEEXPRESSION,"this",sociologia.java(78:18-78:26),"this"
141,LITERAL,"",sociologia.java(78:13-78:14),"1"
142,IFSTATEMENT,"",sociologia.java(79:4-84:5),"if(!gt[i].visitado){
				if(gt[i].tempof>maximo){
					maximo=gt[i].tempof;
					max=gt[i];
				}
			}"
143,DECLAREDREFERENCEEXPRESSION,"i",sociologia.java(78:27-78:28),"i"
144,COMPOUNDSTATEMENT,"",sociologia.java(79:23-84:5),"{
				if(gt[i].tempof>maximo){
					maximo=gt[i].tempof;
					max=gt[i];
				}
			}"
145,UNARYOPERATOR,"!",sociologia.java(79:7-79:22),"!gt[i].visitado"
146,DECLAREDREFERENCEEXPRESSION,"this",sociologia.java(80:8-80:10),"this"
147,IFSTATEMENT,"",sociologia.java(80:5-83:6),"if(gt[i].tempof>maximo){
					maximo=gt[i].tempof;
					max=gt[i];
				}"
148,COMPOUNDSTATEMENT,"",sociologia.java(80:28-83:6),"{
					maximo=gt[i].tempof;
					max=gt[i];
				}"
149,BINARYOPERATOR,">",sociologia.java(80:8-80:27),"gt[i].tempof>maximo"
150,DECLAREDREFERENCEEXPRESSION,"maximo",sociologia.java(81:6-81:12),"maximo"
151,MEMBEREXPRESSION,"tempof",sociologia.java(80:8-80:20),"gt[i].tempof"
152,DECLAREDREFERENCEEXPRESSION,"maximo",sociologia.java(80:21-80:27),"maximo"
153,ARRAYSUBSCRIPTIONEXPRESSION,"",sociologia.java(80:8-80:13),"gt[i]"
154,MEMBEREXPRESSION,"gt",sociologia.java(80:8-80:10),"gt"
155,DECLAREDREFERENCEEXPRESSION,"i",sociologia.java(80:11-80:12),"i"
156,BINARYOPERATOR,"=",sociologia.java(81:6-81:26),"maximo=gt[i].tempof;"
157,BINARYOPERATOR,"=",sociologia.java(82:6-82:16),"max=gt[i];"
158,DECLAREDREFERENCEEXPRESSION,"max",sociologia.java(82:6-82:9),"max"
159,ARRAYSUBSCRIPTIONEXPRESSION,"",sociologia.java(82:10-82:15),"gt[i]"
160,MEMBEREXPRESSION,"gt",sociologia.java(82:10-82:12),"gt"
161,DECLAREDREFERENCEEXPRESSION,"i",sociologia.java(82:13-82:14),"i"
162,DECLAREDREFERENCEEXPRESSION,"this",sociologia.java(82:10-82:12),"this"
163,MEMBEREXPRESSION,"tempof",sociologia.java(81:13-81:25),"gt[i].tempof"
164,DECLAREDREFERENCEEXPRESSION,"this",sociologia.java(81:13-81:15),"this"
165,ARRAYSUBSCRIPTIONEXPRESSION,"",sociologia.java(81:13-81:18),"gt[i]"
166,MEMBEREXPRESSION,"gt",sociologia.java(81:13-81:15),"gt"
167,DECLAREDREFERENCEEXPRESSION,"i",sociologia.java(81:16-81:17),"i"
168,MEMBEREXPRESSION,"visitado",sociologia.java(79:8-79:22),"gt[i].visitado"
169,ARRAYSUBSCRIPTIONEXPRESSION,"",sociologia.java(79:8-79:13),"gt[i]"
170,MEMBEREXPRESSION,"gt",sociologia.java(79:8-79:10),"gt"
171,DECLAREDREFERENCEEXPRESSION,"i",sociologia.java(79:11-79:12),"i"
172,LITERAL,"",sociologia.java(77:17-77:18),"0"
173,NEWEXPRESSION,"",sociologia.java(77:10-77:19),"new No(0)"
174,CONSTRUCTEXPRESSION,"",sociologia.java(77:10-77:19),"new No(0)"
175,CONSTRUCTORDECLARATION,"No",,""
176,PARAMVARIABLEDECLARATION,"int0",,""
177,VARIABLEDECLARATION,"this",,""
178,COMPOUNDSTATEMENT,"",sociologia.java(89:27-95:3),"{
		for(int i=1;i<=npessoas;i++){
			if(!gt[i].visitado)
				return false;
		}
		return true;
	}"
179,LITERAL,"",sociologia.java(90:13-90:14),"1"
180,RETURNSTATEMENT,"",sociologia.java(94:3-94:15),"return true;"
181,FORSTATEMENT,"",sociologia.java(90:3-93:4),"for(int i=1;i<=npessoas;i++){
			if(!gt[i].visitado)
				return false;
		}"
182,LITERAL,"",sociologia.java(94:10-94:14),"true"
183,COMPOUNDSTATEMENT,"",sociologia.java(90:31-93:4),"{
			if(!gt[i].visitado)
				return false;
		}"
184,DECLARATIONSTATEMENT,"",sociologia.java(90:7-90:14),"int i=1"
185,BINARYOPERATOR,"<=",sociologia.java(90:15-90:26),"i<=npessoas"
186,UNARYOPERATOR,"++",sociologia.java(90:27-90:30),"i++"
187,VARIABLEDECLARATION,"i",sociologia.java(90:11-90:14),"i=1"
188,DECLAREDREFERENCEEXPRESSION,"this",sociologia.java(91:8-91:10),"this"
189,DECLAREDREFERENCEEXPRESSION,"i",sociologia.java(90:15-90:16),"i"
190,MEMBEREXPRESSION,"npessoas",sociologia.java(90:18-90:26),"npessoas"
191,DECLAREDREFERENCEEXPRESSION,"this",sociologia.java(90:18-90:26),"this"
192,DECLAREDREFERENCEEXPRESSION,"i",sociologia.java(90:27-90:28),"i"
193,IFSTATEMENT,"",sociologia.java(91:4-92:18),"if(!gt[i].visitado)
				return false;"
194,UNARYOPERATOR,"!",sociologia.java(91:7-91:22),"!gt[i].visitado"
195,RETURNSTATEMENT,"",sociologia.java(92:5-92:18),"return false;"
196,LITERAL,"",sociologia.java(92:12-92:17),"false"
197,MEMBEREXPRESSION,"visitado",sociologia.java(91:8-91:22),"gt[i].visitado"
198,ARRAYSUBSCRIPTIONEXPRESSION,"",sociologia.java(91:8-91:13),"gt[i]"
199,MEMBEREXPRESSION,"gt",sociologia.java(91:8-91:10),"gt"
200,DECLAREDREFERENCEEXPRESSION,"i",sociologia.java(91:11-91:12),"i"
201,VARIABLEDECLARATION,"this",,""
202,COMPOUNDSTATEMENT,"",sociologia.java(36:20-41:3),"{
		for(int i=1;i<=npessoas;i++){
			g[i]=new No(i);
			gt[i]=new No(i);
		}
	}"
203,LITERAL,"",sociologia.java(37:13-37:14),"1"
204,RETURNSTATEMENT,"",,""
205,FORSTATEMENT,"",sociologia.java(37:3-40:4),"for(int i=1;i<=npessoas;i++){
			g[i]=new No(i);
			gt[i]=new No(i);
		}"
206,COMPOUNDSTATEMENT,"",sociologia.java(37:31-40:4),"{
			g[i]=new No(i);
			gt[i]=new No(i);
		}"
207,DECLARATIONSTATEMENT,"",sociologia.java(37:7-37:14),"int i=1"
208,BINARYOPERATOR,"<=",sociologia.java(37:15-37:26),"i<=npessoas"
209,UNARYOPERATOR,"++",sociologia.java(37:27-37:30),"i++"
210,VARIABLEDECLARATION,"i",sociologia.java(37:11-37:14),"i=1"
211,DECLAREDREFERENCEEXPRESSION,"this",sociologia.java(38:4-38:5),"this"
212,DECLAREDREFERENCEEXPRESSION,"i",sociologia.java(37:15-37:16),"i"
213,BINARYOPERATOR,"=",sociologia.java(38:4-38:19),"g[i]=new No(i);"
214,BINARYOPERATOR,"=",sociologia.java(39:4-39:20),"gt[i]=new No(i);"
215,DECLAREDREFERENCEEXPRESSION,"i",sociologia.java(37:27-37:28),"i"
216,ARRAYSUBSCRIPTIONEXPRESSION,"",sociologia.java(38:4-38:8),"g[i]"
217,NEWEXPRESSION,"",sociologia.java(38:9-38:18),"new No(i)"
218,DECLAREDREFERENCEEXPRESSION,"this",sociologia.java(39:4-39:6),"this"
219,MEMBEREXPRESSION,"g",sociologia.java(38:4-38:5),"g"
220,DECLAREDREFERENCEEXPRESSION,"i",sociologia.java(38:6-38:7),"i"
221,DECLAREDREFERENCEEXPRESSION,"i",sociologia.java(38:16-38:17),"i"
222,CONSTRUCTEXPRESSION,"",sociologia.java(38:9-38:18),"new No(i)"
223,ARRAYSUBSCRIPTIONEXPRESSION,"",sociologia.java(39:4-39:9),"gt[i]"
224,NEWEXPRESSION,"",sociologia.java(39:10-39:19),"new No(i)"
225,MEMBEREXPRESSION,"gt",sociologia.java(39:4-39:6),"gt"
226,DECLAREDREFERENCEEXPRESSION,"i",sociologia.java(39:7-39:8),"i"
227,DECLAREDREFERENCEEXPRESSION,"i",sociologia.java(39:17-39:18),"i"
228,CONSTRUCTEXPRESSION,"",sociologia.java(39:10-39:19),"new No(i)"
229,MEMBEREXPRESSION,"npessoas",sociologia.java(37:18-37:26),"npessoas"
230,DECLAREDREFERENCEEXPRESSION,"this",sociologia.java(37:18-37:26),"this"
231,VARIABLEDECLARATION,"this",,""
232,COMPOUNDSTATEMENT,"",sociologia.java(56:12-61:3),"{
		for(int i=1;i<=npessoas;i++){
			if(!g[i].visitado)
				DFSVisit(g[i]);
		}
	}"
233,LITERAL,"",sociologia.java(57:13-57:14),"1"
234,RETURNSTATEMENT,"",,""
235,FORSTATEMENT,"",sociologia.java(57:3-60:4),"for(int i=1;i<=npessoas;i++){
			if(!g[i].visitado)
				DFSVisit(g[i]);
		}"
236,COMPOUNDSTATEMENT,"",sociologia.java(57:31-60:4),"{
			if(!g[i].visitado)
				DFSVisit(g[i]);
		}"
237,DECLARATIONSTATEMENT,"",sociologia.java(57:7-57:14),"int i=1"
238,BINARYOPERATOR,"<=",sociologia.java(57:15-57:26),"i<=npessoas"
239,UNARYOPERATOR,"++",sociologia.java(57:27-57:30),"i++"
240,VARIABLEDECLARATION,"i",sociologia.java(57:11-57:14),"i=1"
241,DECLAREDREFERENCEEXPRESSION,"this",sociologia.java(58:8-58:9),"this"
242,DECLAREDREFERENCEEXPRESSION,"i",sociologia.java(57:15-57:16),"i"
243,IFSTATEMENT,"",sociologia.java(58:4-59:20),"if(!g[i].visitado)
				DFSVisit(g[i]);"
244,DECLAREDREFERENCEEXPRESSION,"i",sociologia.java(57:27-57:28),"i"
245,CALLEXPRESSION,"DFSVisit",sociologia.java(59:5-59:20),"DFSVisit(g[i]);"
246,UNARYOPERATOR,"!",sociologia.java(58:7-58:21),"!g[i].visitado"
247,DECLAREDREFERENCEEXPRESSION,"this",sociologia.java(59:14-59:15),"this"
248,MEMBEREXPRESSION,"visitado",sociologia.java(58:8-58:21),"g[i].visitado"
249,ARRAYSUBSCRIPTIONEXPRESSION,"",sociologia.java(58:8-58:12),"g[i]"
250,MEMBEREXPRESSION,"g",sociologia.java(58:8-58:9),"g"
251,DECLAREDREFERENCEEXPRESSION,"i",sociologia.java(58:10-58:11),"i"
252,METHODDECLARATION,"DFSVisit",,""
253,ARRAYSUBSCRIPTIONEXPRESSION,"",sociologia.java(59:14-59:18),"g[i]"
254,MEMBEREXPRESSION,"g",sociologia.java(59:14-59:15),"g"
255,DECLAREDREFERENCEEXPRESSION,"i",sociologia.java(59:16-59:17),"i"
256,PARAMVARIABLEDECLARATION,"no0",,""
257,MEMBEREXPRESSION,"npessoas",sociologia.java(57:18-57:26),"npessoas"
258,DECLAREDREFERENCEEXPRESSION,"this",sociologia.java(57:18-57:26),"this"
259,VARIABLEDECLARATION,"this",,""
260,COMPOUNDSTATEMENT,"",sociologia.java(116:15-126:3),"{
		int ngrupos=0;
		int deFora=0;
		for(int x:grupos){
			if(x>=4)
				ngrupos++;
			else
				deFora=deFora+x;
		}
		System.out.printf(""%d %d\n"",ngrupos,deFora);
	}"
261,LITERAL,"",sociologia.java(117:15-117:16),"0"
262,RETURNSTATEMENT,"",,""
263,DECLARATIONSTATEMENT,"",sociologia.java(117:3-117:17),"int ngrupos=0;"
264,DECLARATIONSTATEMENT,"",sociologia.java(118:3-118:16),"int deFora=0;"
265,FOREACHSTATEMENT,"",sociologia.java(119:3-124:4),"for(int x:grupos){
			if(x>=4)
				ngrupos++;
			else
				deFora=deFora+x;
		}"
266,MEMBERCALLEXPRESSION,"printf",sociologia.java(125:3-125:47),"System.out.printf(""%d %d\n"",ngrupos,deFora);"
267,VARIABLEDECLARATION,"ngrupos",sociologia.java(117:7-117:16),"ngrupos=0"
268,VARIABLEDECLARATION,"deFora",sociologia.java(118:7-118:15),"deFora=0"
269,DECLAREDREFERENCEEXPRESSION,"this",sociologia.java(119:13-119:19),"this"
270,DECLARATIONSTATEMENT,"",sociologia.java(119:7-119:12),"int x"
271,MEMBEREXPRESSION,"grupos",sociologia.java(119:13-119:19),"grupos"
272,COMPOUNDSTATEMENT,"",sociologia.java(119:20-124:4),"{
			if(x>=4)
				ngrupos++;
			else
				deFora=deFora+x;
		}"
273,VARIABLEDECLARATION,"x",sociologia.java(119:11-119:12),"x"
274,DECLAREDREFERENCEEXPRESSION,"x",sociologia.java(120:7-120:8),"x"
275,DECLAREDREFERENCEEXPRESSION,"System",sociologia.java(125:3-125:9),"System"
276,IFSTATEMENT,"",sociologia.java(120:4-123:21),"if(x>=4)
				ngrupos++;
			else
				deFora=deFora+x;"
277,UNARYOPERATOR,"++",sociologia.java(121:5-121:15),"ngrupos++;"
278,BINARYOPERATOR,"=",sociologia.java(123:5-123:21),"deFora=deFora+x;"
279,BINARYOPERATOR,">=",sociologia.java(120:7-120:11),"x>=4"
280,DECLAREDREFERENCEEXPRESSION,"ngrupos",sociologia.java(121:5-121:12),"ngrupos"
281,DECLAREDREFERENCEEXPRESSION,"deFora",sociologia.java(123:5-123:11),"deFora"
282,LITERAL,"",sociologia.java(120:10-120:11),"4"
283,BINARYOPERATOR,"+",sociologia.java(123:12-123:20),"deFora+x"
284,DECLAREDREFERENCEEXPRESSION,"deFora",sociologia.java(123:12-123:18),"deFora"
285,DECLAREDREFERENCEEXPRESSION,"x",sociologia.java(123:19-123:20),"x"
286,UNINITIALIZEDVALUE,"Uninitialized Value",,""
287,LITERAL,"",sociologia.java(118:14-118:15),"0"
288,DECLAREDREFERENCEEXPRESSION,"printf",sociologia.java(125:14-125:20),"printf"
289,DECLAREDREFERENCEEXPRESSION,"deFora",sociologia.java(125:39-125:45),"deFora"
290,MEMBEREXPRESSION,"out",sociologia.java(125:3-125:13),"System.out"
291,LITERAL,"",sociologia.java(125:21-125:30),"""%d %d\n"""
292,DECLAREDREFERENCEEXPRESSION,"ngrupos",sociologia.java(125:31-125:38),"ngrupos"
293,VARIABLEDECLARATION,"this",,""
294,COMPOUNDSTATEMENT,"",sociologia.java(106:27-114:3),"{
		int contar=1;
		x.visitado=true;
		for(No cursor:x.adj){
			if(!cursor.visitado)
				contar=contar+NelementosGrupo(cursor);
		}
		return contar;
	}"
295,PARAMVARIABLEDECLARATION,"x",sociologia.java(106:22-106:26),"No x"
296,LITERAL,"",sociologia.java(107:14-107:15),"1"
297,RETURNSTATEMENT,"",sociologia.java(113:3-113:17),"return contar;"
298,DECLARATIONSTATEMENT,"",sociologia.java(107:3-107:16),"int contar=1;"
299,BINARYOPERATOR,"=",sociologia.java(108:3-108:19),"x.visitado=true;"
300,FOREACHSTATEMENT,"",sociologia.java(109:3-112:4),"for(No cursor:x.adj){
			if(!cursor.visitado)
				contar=contar+NelementosGrupo(cursor);
		}"
301,VARIABLEDECLARATION,"contar",sociologia.java(107:7-107:15),"contar=1"
302,DECLAREDREFERENCEEXPRESSION,"contar",sociologia.java(113:10-113:16),"contar"
303,MEMBEREXPRESSION,"visitado",sociologia.java(108:3-108:13),"x.visitado"
304,LITERAL,"",sociologia.java(108:14-108:18),"true"
305,DECLAREDREFERENCEEXPRESSION,"x",sociologia.java(109:17-109:18),"x"
306,DECLAREDREFERENCEEXPRESSION,"x",sociologia.java(108:3-108:4),"x"
307,DECLARATIONSTATEMENT,"",sociologia.java(109:7-109:16),"No cursor"
308,MEMBEREXPRESSION,"adj",sociologia.java(109:17-109:22),"x.adj"
309,COMPOUNDSTATEMENT,"",sociologia.java(109:23-112:4),"{
			if(!cursor.visitado)
				contar=contar+NelementosGrupo(cursor);
		}"
310,VARIABLEDECLARATION,"cursor",sociologia.java(109:10-109:16),"cursor"
311,DECLAREDREFERENCEEXPRESSION,"cursor",sociologia.java(110:8-110:14),"cursor"
312,UNINITIALIZEDVALUE,"Uninitialized Value",,""
313,IFSTATEMENT,"",sociologia.java(110:4-111:43),"if(!cursor.visitado)
				contar=contar+NelementosGrupo(cursor);"
314,BINARYOPERATOR,"=",sociologia.java(111:5-111:43),"contar=contar+NelementosGrupo(cursor);"
315,UNARYOPERATOR,"!",sociologia.java(110:7-110:23),"!cursor.visitado"
316,DECLAREDREFERENCEEXPRESSION,"contar",sociologia.java(111:5-111:11),"contar"
317,BINARYOPERATOR,"+",sociologia.java(111:12-111:42),"contar+NelementosGrupo(cursor)"
318,DECLAREDREFERENCEEXPRESSION,"contar",sociologia.java(111:12-111:18),"contar"
319,CALLEXPRESSION,"NelementosGrupo",sociologia.java(111:19-111:42),"NelementosGrupo(cursor)"
320,METHODDECLARATION,"NelementosGrupo",,""
321,DECLAREDREFERENCEEXPRESSION,"cursor",sociologia.java(111:35-111:41),"cursor"
322,PARAMVARIABLEDECLARATION,"no0",,""
323,MEMBEREXPRESSION,"visitado",sociologia.java(110:8-110:23),"cursor.visitado"
324,VARIABLEDECLARATION,"this",,""
325,COMPOUNDSTATEMENT,"",sociologia.java(63:21-73:3),"{
		tempo=tempo+1;
		x.visitado=true;
		for(No cursor:x.adj){
			if(!cursor.visitado)
				DFSVisit(cursor);
		}
		tempo=tempo+1;
		x.tempof=tempo;
		gt[x.no].tempof=tempo;
	}"
326,PARAMVARIABLEDECLARATION,"x",sociologia.java(63:16-63:20),"No x"
327,DECLAREDREFERENCEEXPRESSION,"this",sociologia.java(64:3-64:8),"this"
328,RETURNSTATEMENT,"",,""
329,BINARYOPERATOR,"=",sociologia.java(64:3-64:17),"tempo=tempo+1;"
330,BINARYOPERATOR,"=",sociologia.java(65:3-65:19),"x.visitado=true;"
331,FOREACHSTATEMENT,"",sociologia.java(66:3-69:4),"for(No cursor:x.adj){
			if(!cursor.visitado)
				DFSVisit(cursor);
		}"
332,BINARYOPERATOR,"=",sociologia.java(70:3-70:17),"tempo=tempo+1;"
333,BINARYOPERATOR,"=",sociologia.java(71:3-71:18),"x.tempof=tempo;"
334,BINARYOPERATOR,"=",sociologia.java(72:3-72:25),"gt[x.no].tempof=tempo;"
335,MEMBEREXPRESSION,"tempo",sociologia.java(64:3-64:8),"tempo"
336,BINARYOPERATOR,"+",sociologia.java(64:9-64:16),"tempo+1"
337,DECLAREDREFERENCEEXPRESSION,"x",sociologia.java(65:3-65:4),"x"
338,DECLAREDREFERENCEEXPRESSION,"this",sociologia.java(64:9-64:14),"this"
339,MEMBEREXPRESSION,"tempo",sociologia.java(64:9-64:14),"tempo"
340,LITERAL,"",sociologia.java(64:15-64:16),"1"
341,MEMBEREXPRESSION,"visitado",sociologia.java(65:3-65:13),"x.visitado"
342,LITERAL,"",sociologia.java(65:14-65:18),"true"
343,DECLAREDREFERENCEEXPRESSION,"x",sociologia.java(66:17-66:18),"x"
344,MEMBEREXPRESSION,"tempof",sociologia.java(72:3-72:18),"gt[x.no].tempof"
345,MEMBEREXPRESSION,"tempo",sociologia.java(72:19-72:24),"tempo"
346,DECLAREDREFERENCEEXPRESSION,"this",sociologia.java(72:19-72:24),"this"
347,ARRAYSUBSCRIPTIONEXPRESSION,"",sociologia.java(72:3-72:11),"gt[x.no]"
348,MEMBEREXPRESSION,"gt",sociologia.java(72:3-72:5),"gt"
349,MEMBEREXPRESSION,"no",sociologia.java(72:6-72:10),"x.no"
350,DECLAREDREFERENCEEXPRESSION,"this",sociologia.java(72:3-72:5),"this"
351,DECLAREDREFERENCEEXPRESSION,"x",sociologia.java(72:6-72:7),"x"
352,MEMBEREXPRESSION,"tempo",sociologia.java(70:3-70:8),"tempo"
353,BINARYOPERATOR,"+",sociologia.java(70:9-70:16),"tempo+1"
354,DECLAREDREFERENCEEXPRESSION,"x",sociologia.java(71:3-71:4),"x"
355,DECLAREDREFERENCEEXPRESSION,"this",sociologia.java(70:3-70:8),"this"
356,DECLAREDREFERENCEEXPRESSION,"this",sociologia.java(70:9-70:14),"this"
357,MEMBEREXPRESSION,"tempo",sociologia.java(70:9-70:14),"tempo"
358,LITERAL,"",sociologia.java(70:15-70:16),"1"
359,DECLARATIONSTATEMENT,"",sociologia.java(66:7-66:16),"No cursor"
360,MEMBEREXPRESSION,"adj",sociologia.java(66:17-66:22),"x.adj"
361,COMPOUNDSTATEMENT,"",sociologia.java(66:23-69:4),"{
			if(!cursor.visitado)
				DFSVisit(cursor);
		}"
362,VARIABLEDECLARATION,"cursor",sociologia.java(66:10-66:16),"cursor"
363,DECLAREDREFERENCEEXPRESSION,"cursor",sociologia.java(67:8-67:14),"cursor"
364,UNINITIALIZEDVALUE,"Uninitialized Value",,""
365,IFSTATEMENT,"",sociologia.java(67:4-68:22),"if(!cursor.visitado)
				DFSVisit(cursor);"
366,CALLEXPRESSION,"DFSVisit",sociologia.java(68:5-68:22),"DFSVisit(cursor);"
367,UNARYOPERATOR,"!",sociologia.java(67:7-67:23),"!cursor.visitado"
368,DECLAREDREFERENCEEXPRESSION,"cursor",sociologia.java(68:14-68:20),"cursor"
369,MEMBEREXPRESSION,"visitado",sociologia.java(67:8-67:23),"cursor.visitado"
370,MEMBEREXPRESSION,"tempof",sociologia.java(71:3-71:11),"x.tempof"
371,MEMBEREXPRESSION,"tempo",sociologia.java(71:12-71:17),"tempo"
372,DECLAREDREFERENCEEXPRESSION,"this",sociologia.java(71:12-71:17),"this"
373,VARIABLEDECLARATION,"this",,""
374,COMPOUNDSTATEMENT,"",sociologia.java(43:29-54:3),"{
		inicializar();
		for(int i=1;i<=npessoas;i++){
			int pessoa=in.nextInt();
			int namigos=in.nextInt();
			for(int j=0;j<namigos;j++){
				int amigo=in.nextInt();
				g[pessoa].addLigacao(g[amigo]);
				gt[amigo].addLigacao(gt[pessoa]);
			}
		}
	}"
375,PARAMVARIABLEDECLARATION,"in",sociologia.java(43:18-43:28),"Scanner in"
376,CALLEXPRESSION,"inicializar",sociologia.java(44:3-44:17),"inicializar();"
377,RETURNSTATEMENT,"",,""
378,FORSTATEMENT,"",sociologia.java(45:3-53:4),"for(int i=1;i<=npessoas;i++){
			int pessoa=in.nextInt();
			int namigos=in.nextInt();
			for(int j=0;j<namigos;j++){
				int amigo=in.nextInt();
				g[pessoa].addLigacao(g[amigo]);
				gt[amigo].addLigacao(gt[pessoa]);
			}
		}"
379,COMPOUNDSTATEMENT,"",sociologia.java(45:31-53:4),"{
			int pessoa=in.nextInt();
			int namigos=in.nextInt();
			for(int j=0;j<namigos;j++){
				int amigo=in.nextInt();
				g[pessoa].addLigacao(g[amigo]);
				gt[amigo].addLigacao(gt[pessoa]);
			}
		}"
380,DECLARATIONSTATEMENT,"",sociologia.java(45:7-45:14),"int i=1"
381,BINARYOPERATOR,"<=",sociologia.java(45:15-45:26),"i<=npessoas"
382,UNARYOPERATOR,"++",sociologia.java(45:27-45:30),"i++"
383,VARIABLEDECLARATION,"i",sociologia.java(45:11-45:14),"i=1"
384,DECLAREDREFERENCEEXPRESSION,"in",sociologia.java(46:15-46:17),"in"
385,DECLAREDREFERENCEEXPRESSION,"i",sociologia.java(45:27-45:28),"i"
386,DECLAREDREFERENCEEXPRESSION,"i",sociologia.java(45:15-45:16),"i"
387,MEMBEREXPRESSION,"npessoas",sociologia.java(45:18-45:26),"npessoas"
388,DECLAREDREFERENCEEXPRESSION,"this",sociologia.java(45:18-45:26),"this"
389,DECLARATIONSTATEMENT,"",sociologia.java(46:4-46:28),"int pessoa=in.nextInt();"
390,DECLARATIONSTATEMENT,"",sociologia.java(47:4-47:29),"int namigos=in.nextInt();"
391,FORSTATEMENT,"",sociologia.java(48:4-52:5),"for(int j=0;j<namigos;j++){
				int amigo=in.nextInt();
				g[pessoa].addLigacao(g[amigo]);
				gt[amigo].addLigacao(gt[pessoa]);
			}"
392,VARIABLEDECLARATION,"pessoa",sociologia.java(46:8-46:27),"pessoa=in.nextInt()"
393,VARIABLEDECLARATION,"namigos",sociologia.java(47:8-47:28),"namigos=in.nextInt()"
394,DECLAREDREFERENCEEXPRESSION,"in",sociologia.java(47:16-47:18),"in"
395,LITERAL,"",sociologia.java(48:14-48:15),"0"
396,MEMBERCALLEXPRESSION,"nextInt",sociologia.java(46:15-46:27),"in.nextInt()"
397,DECLAREDREFERENCEEXPRESSION,"nextInt",sociologia.java(46:18-46:25),"nextInt"
398,COMPOUNDSTATEMENT,"",sociologia.java(48:30-52:5),"{
				int amigo=in.nextInt();
				g[pessoa].addLigacao(g[amigo]);
				gt[amigo].addLigacao(gt[pessoa]);
			}"
399,DECLARATIONSTATEMENT,"",sociologia.java(48:8-48:15),"int j=0"
400,BINARYOPERATOR,"<",sociologia.java(48:16-48:25),"j<namigos"
401,UNARYOPERATOR,"++",sociologia.java(48:26-48:29),"j++"
402,VARIABLEDECLARATION,"j",sociologia.java(48:12-48:15),"j=0"
403,DECLAREDREFERENCEEXPRESSION,"in",sociologia.java(49:15-49:17),"in"
404,DECLARATIONSTATEMENT,"",sociologia.java(49:5-49:28),"int amigo=in.nextInt();"
405,MEMBERCALLEXPRESSION,"addLigacao",sociologia.java(50:5-50:36),"g[pessoa].addLigacao(g[amigo]);"
406,MEMBERCALLEXPRESSION,"addLigacao",sociologia.java(51:5-51:38),"gt[amigo].addLigacao(gt[pessoa]);"
407,VARIABLEDECLARATION,"amigo",sociologia.java(49:9-49:27),"amigo=in.nextInt()"
408,DECLAREDREFERENCEEXPRESSION,"j",sociologia.java(48:26-48:27),"j"
409,MEMBERCALLEXPRESSION,"nextInt",sociologia.java(49:15-49:27),"in.nextInt()"
410,DECLAREDREFERENCEEXPRESSION,"nextInt",sociologia.java(49:18-49:25),"nextInt"
411,DECLAREDREFERENCEEXPRESSION,"addLigacao",sociologia.java(50:15-50:25),"addLigacao"
412,METHODDECLARATION,"addLigacao",,""
413,DECLAREDREFERENCEEXPRESSION,"this",sociologia.java(51:5-51:7),"this"
414,ARRAYSUBSCRIPTIONEXPRESSION,"",sociologia.java(50:26-50:34),"g[amigo]"
415,MEMBEREXPRESSION,"g",sociologia.java(50:26-50:27),"g"
416,DECLAREDREFERENCEEXPRESSION,"amigo",sociologia.java(50:28-50:33),"amigo"
417,PARAMVARIABLEDECLARATION,"no0",,""
418,DECLAREDREFERENCEEXPRESSION,"this",sociologia.java(50:26-50:27),"this"
419,ARRAYSUBSCRIPTIONEXPRESSION,"",sociologia.java(50:5-50:14),"g[pessoa]"
420,MEMBEREXPRESSION,"g",sociologia.java(50:5-50:6),"g"
421,DECLAREDREFERENCEEXPRESSION,"pessoa",sociologia.java(50:7-50:13),"pessoa"
422,DECLAREDREFERENCEEXPRESSION,"this",sociologia.java(50:5-50:6),"this"
423,DECLAREDREFERENCEEXPRESSION,"addLigacao",sociologia.java(51:15-51:25),"addLigacao"
424,ARRAYSUBSCRIPTIONEXPRESSION,"",sociologia.java(51:26-51:36),"gt[pessoa]"
425,MEMBEREXPRESSION,"gt",sociologia.java(51:26-51:28),"gt"
426,DECLAREDREFERENCEEXPRESSION,"pessoa",sociologia.java(51:29-51:35),"pessoa"
427,DECLAREDREFERENCEEXPRESSION,"this",sociologia.java(51:26-51:28),"this"
428,ARRAYSUBSCRIPTIONEXPRESSION,"",sociologia.java(51:5-51:14),"gt[amigo]"
429,MEMBEREXPRESSION,"gt",sociologia.java(51:5-51:7),"gt"
430,DECLAREDREFERENCEEXPRESSION,"amigo",sociologia.java(51:8-51:13),"amigo"
431,DECLAREDREFERENCEEXPRESSION,"j",sociologia.java(48:16-48:17),"j"
432,DECLAREDREFERENCEEXPRESSION,"namigos",sociologia.java(48:18-48:25),"namigos"
433,MEMBERCALLEXPRESSION,"nextInt",sociologia.java(47:16-47:28),"in.nextInt()"
434,DECLAREDREFERENCEEXPRESSION,"nextInt",sociologia.java(47:19-47:26),"nextInt"
435,LITERAL,"",sociologia.java(45:13-45:14),"1"
436,METHODDECLARATION,"inicializar",,""
437,VARIABLEDECLARATION,"this",,""
438,COMPOUNDSTATEMENT,"",sociologia.java(97:14-104:3),"{
		while(!todosVisitados()){
			No TMax=findMax();
			int nelementos=NelementosGrupo(TMax);
			grupos.addLast(nelementos);
			TMax.tempof=0;
		}
	}"
439,CALLEXPRESSION,"todosVisitados",sociologia.java(98:10-98:26),"todosVisitados()"
440,RETURNSTATEMENT,"",,""
441,WHILESTATEMENT,"",sociologia.java(98:3-103:4),"while(!todosVisitados()){
			No TMax=findMax();
			int nelementos=NelementosGrupo(TMax);
			grupos.addLast(nelementos);
			TMax.tempof=0;
		}"
442,UNARYOPERATOR,"!",sociologia.java(98:9-98:26),"!todosVisitados()"
443,COMPOUNDSTATEMENT,"",sociologia.java(98:27-103:4),"{
			No TMax=findMax();
			int nelementos=NelementosGrupo(TMax);
			grupos.addLast(nelementos);
			TMax.tempof=0;
		}"
444,CALLEXPRESSION,"findMax",sociologia.java(99:12-99:21),"findMax()"
445,METHODDECLARATION,"todosVisitados",,""
446,DECLARATIONSTATEMENT,"",sociologia.java(99:4-99:22),"No TMax=findMax();"
447,DECLARATIONSTATEMENT,"",sociologia.java(100:4-100:41),"int nelementos=NelementosGrupo(TMax);"
448,MEMBERCALLEXPRESSION,"addLast",sociologia.java(101:4-101:31),"grupos.addLast(nelementos);"
449,BINARYOPERATOR,"=",sociologia.java(102:4-102:18),"TMax.tempof=0;"
450,VARIABLEDECLARATION,"TMax",sociologia.java(99:7-99:21),"TMax=findMax()"
451,VARIABLEDECLARATION,"nelementos",sociologia.java(100:8-100:40),"nelementos=NelementosGrupo(TMax)"
452,DECLAREDREFERENCEEXPRESSION,"addLast",sociologia.java(101:11-101:18),"addLast"
453,DECLAREDREFERENCEEXPRESSION,"TMax",sociologia.java(102:4-102:8),"TMax"
454,DECLAREDREFERENCEEXPRESSION,"nelementos",sociologia.java(101:19-101:29),"nelementos"
455,MEMBEREXPRESSION,"grupos",sociologia.java(101:4-101:10),"grupos"
456,DECLAREDREFERENCEEXPRESSION,"this",sociologia.java(101:4-101:10),"this"
457,DECLAREDREFERENCEEXPRESSION,"TMax",sociologia.java(100:35-100:39),"TMax"
458,CALLEXPRESSION,"NelementosGrupo",sociologia.java(100:19-100:40),"NelementosGrupo(TMax)"
459,METHODDECLARATION,"findMax",,""
460,MEMBEREXPRESSION,"tempof",sociologia.java(102:4-102:15),"TMax.tempof"
461,LITERAL,"",sociologia.java(102:16-102:17),"0"
462,COMPOUNDSTATEMENT,"",sociologia.java(28:16-34:3),"{
		tempo=0;
		npessoas=np;
		g=new No[np+1];
		gt=new No[np+1];
		grupos=new LinkedList<Integer>();
	}"
463,PARAMVARIABLEDECLARATION,"np",sociologia.java(28:9-28:15),"int np"
464,DECLAREDREFERENCEEXPRESSION,"this",sociologia.java(29:3-29:8),"this"
465,RETURNSTATEMENT,"",,""
466,BINARYOPERATOR,"=",sociologia.java(29:3-29:11),"tempo=0;"
467,BINARYOPERATOR,"=",sociologia.java(30:3-30:15),"npessoas=np;"
468,BINARYOPERATOR,"=",sociologia.java(31:3-31:18),"g=new No[np+1];"
469,BINARYOPERATOR,"=",sociologia.java(32:3-32:19),"gt=new No[np+1];"
470,BINARYOPERATOR,"=",sociologia.java(33:3-33:36),"grupos=new LinkedList<Integer>();"
471,MEMBEREXPRESSION,"tempo",sociologia.java(29:3-29:8),"tempo"
472,LITERAL,"",sociologia.java(29:9-29:10),"0"
473,DECLAREDREFERENCEEXPRESSION,"this",sociologia.java(30:3-30:11),"this"
474,MEMBEREXPRESSION,"gt",sociologia.java(32:3-32:5),"gt"
475,ARRAYCREATIONEXPRESSION,"",sociologia.java(32:6-32:18),"new No[np+1]"
476,DECLAREDREFERENCEEXPRESSION,"this",sociologia.java(33:3-33:9),"this"
477,BINARYOPERATOR,"+",sociologia.java(32:13-32:17),"np+1"
478,DECLAREDREFERENCEEXPRESSION,"np",sociologia.java(32:13-32:15),"np"
479,LITERAL,"",sociologia.java(32:16-32:17),"1"
480,DECLAREDREFERENCEEXPRESSION,"this",sociologia.java(32:3-32:5),"this"
481,MEMBEREXPRESSION,"npessoas",sociologia.java(30:3-30:11),"npessoas"
482,DECLAREDREFERENCEEXPRESSION,"np",sociologia.java(30:12-30:14),"np"
483,DECLAREDREFERENCEEXPRESSION,"this",sociologia.java(31:3-31:4),"this"
484,MEMBEREXPRESSION,"grupos",sociologia.java(33:3-33:9),"grupos"
485,NEWEXPRESSION,"",sociologia.java(33:10-33:35),"new LinkedList<Integer>()"
486,CONSTRUCTEXPRESSION,"",sociologia.java(33:10-33:35),"new LinkedList<Integer>()"
487,MEMBEREXPRESSION,"g",sociologia.java(31:3-31:4),"g"
488,ARRAYCREATIONEXPRESSION,"",sociologia.java(31:5-31:17),"new No[np+1]"
489,DECLAREDREFERENCEEXPRESSION,"np",sociologia.java(31:12-31:14),"np"
490,BINARYOPERATOR,"+",sociologia.java(31:12-31:16),"np+1"
491,LITERAL,"",sociologia.java(31:15-31:16),"1"
