id,type,token,location,code
1,TRANSLATIONUNITDECLARATION,"/data/00000019/submissions/00874681_Sociologia_090307020/Sociologia.java",,""
2,RECORDDECLARATION,"No",Sociologia.java(6:1-21:2),"class No{
	int no;
	int tempof;
	LinkedList<No> adj;
	boolean visitado;
	
	No(int n){
		no = n;
		tempof = 0;
		adj = new LinkedList<No>();
		visitado = false;
	}
	void addLigacao(No x){
		adj.addLast(x);
	}
}"
3,RECORDDECLARATION,"Graph",Sociologia.java(23:1-121:2),"class Graph{
	int tempo, npessoas;
	No g[];
	No gt[];
	LinkedList<Integer> grupos;
	
	Graph(int np){
		this.npessoas = np;
		tempo = 0;
		g = new No[np+1];
		gt = new No[np+1];
		grupos = new LinkedList<Integer>();
	}
	private void inicializar(){
		for(int i = 1; i<=npessoas; i++){
			g[i] = new No(i);
			gt[i] = new No(i);
		}
	}
	void createGrafo(Scanner in){
		inicializar();
		for(int i = 1; i<=npessoas; i++){
			int pessoa = in.nextInt();
			int namigo = in.nextInt();
			for(int j = 0; j<namigo; j++){
				int amigo = in.nextInt();
				g[pessoa].addLigacao(g[amigo]);
				gt[amigo].addLigacao(gt[pessoa]);
			}
		}
	}
	
	void DFS(){
		for(int i = 1; i<=npessoas; i++){
			if(!g[i].visitado)
				DFSVisit(g[i]);
		}
	}
	private void DFSVisit(No x){
		tempo++;
		x.visitado = true;
		for(No cursor: x.adj){
			if(!cursor.visitado)
				DFSVisit(cursor);
		}
		tempo++;
		x.tempof =tempo;
		gt[x.no].tempof = tempo;
	}
	private No findMax(){
		int maximo = 0; 
		No max = new No(0);
		
		for(int i = 1; i<=npessoas; i++){
			if(!gt[i].visitado){
				if(gt[i].tempof > maximo){
					maximo = gt[i].tempof;
					max = gt[i];
				}
			}
		}
		return max;
	}
	private boolean allVisited(){
		for(int i = 1; i<=npessoas; i++){
			if(!gt[i].visitado)
				return false;
		}
		return true;
	}
	
	void DFS_T(){
		while(!allVisited()){
			No TMax = findMax();
			int nelementos = NelementosGrupo(TMax);
			grupos.addLast(nelementos);
			TMax.tempof = 0;
		}
	}
	private int NelementosGrupo(No x){
		int count = 1;
		x.visitado = true;
		for(No cursor: x.adj){
			if(!cursor.visitado)
				count +=NelementosGrupo(cursor);
		}
		return count;
	}
	
	void Output(){
		int ngrupos = 0;
		int deFora = 0;
		for(int x: grupos){
			if(x>=4){ngrupos++;}
			else {deFora+=x;}
		}
		System.out.printf(""%d %d\n"", ngrupos, deFora);
	}
}"
4,RECORDDECLARATION,"Sociologia",Sociologia.java(122:1-139:2),"public class Sociologia {
	public static void main(String[] args) {
		Scanner in = new Scanner(System.in);
		int ncasos = in.nextInt();
		for(int i = 1; i<=ncasos; i++){
			int np = in.nextInt();
			Graph novo = new Graph(np);
			novo.createGrafo(in);
			novo.DFS();
			novo.DFS_T();
			
			System.out.printf(""Caso #%d\n"", i);
			novo.Output();
		}

	}

}"
5,INCLUDEDECLARATION,"java.util.LinkedList",,""
6,INCLUDEDECLARATION,"java.util.Scanner",,""
7,FIELDDECLARATION,"this",,""
8,FIELDDECLARATION,"tempo",Sociologia.java(24:2-24:22),"tempo"
9,FIELDDECLARATION,"g",Sociologia.java(25:2-25:9),"g"
10,FIELDDECLARATION,"gt",Sociologia.java(26:2-26:10),"gt"
11,FIELDDECLARATION,"grupos",Sociologia.java(27:2-27:29),"grupos"
12,METHODDECLARATION,"inicializar",Sociologia.java(36:2-41:3),"private void inicializar(){
		for(int i = 1; i<=npessoas; i++){
			g[i] = new No(i);
			gt[i] = new No(i);
		}
	}"
13,METHODDECLARATION,"createGrafo",Sociologia.java(42:2-53:3),"void createGrafo(Scanner in){
		inicializar();
		for(int i = 1; i<=npessoas; i++){
			int pessoa = in.nextInt();
			int namigo = in.nextInt();
			for(int j = 0; j<namigo; j++){
				int amigo = in.nextInt();
				g[pessoa].addLigacao(g[amigo]);
				gt[amigo].addLigacao(gt[pessoa]);
			}
		}
	}"
14,METHODDECLARATION,"DFS",Sociologia.java(55:2-60:3),"void DFS(){
		for(int i = 1; i<=npessoas; i++){
			if(!g[i].visitado)
				DFSVisit(g[i]);
		}
	}"
15,METHODDECLARATION,"DFSVisit",Sociologia.java(61:2-71:3),"private void DFSVisit(No x){
		tempo++;
		x.visitado = true;
		for(No cursor: x.adj){
			if(!cursor.visitado)
				DFSVisit(cursor);
		}
		tempo++;
		x.tempof =tempo;
		gt[x.no].tempof = tempo;
	}"
16,METHODDECLARATION,"findMax",Sociologia.java(72:2-85:3),"private No findMax(){
		int maximo = 0; 
		No max = new No(0);
		
		for(int i = 1; i<=npessoas; i++){
			if(!gt[i].visitado){
				if(gt[i].tempof > maximo){
					maximo = gt[i].tempof;
					max = gt[i];
				}
			}
		}
		return max;
	}"
17,METHODDECLARATION,"allVisited",Sociologia.java(86:2-92:3),"private boolean allVisited(){
		for(int i = 1; i<=npessoas; i++){
			if(!gt[i].visitado)
				return false;
		}
		return true;
	}"
18,METHODDECLARATION,"DFS_T",Sociologia.java(94:2-101:3),"void DFS_T(){
		while(!allVisited()){
			No TMax = findMax();
			int nelementos = NelementosGrupo(TMax);
			grupos.addLast(nelementos);
			TMax.tempof = 0;
		}
	}"
19,METHODDECLARATION,"NelementosGrupo",Sociologia.java(102:2-110:3),"private int NelementosGrupo(No x){
		int count = 1;
		x.visitado = true;
		for(No cursor: x.adj){
			if(!cursor.visitado)
				count +=NelementosGrupo(cursor);
		}
		return count;
	}"
20,METHODDECLARATION,"Output",Sociologia.java(112:2-120:3),"void Output(){
		int ngrupos = 0;
		int deFora = 0;
		for(int x: grupos){
			if(x>=4){ngrupos++;}
			else {deFora+=x;}
		}
		System.out.printf(""%d %d\n"", ngrupos, deFora);
	}"
21,CONSTRUCTORDECLARATION,"Graph",Sociologia.java(29:2-35:3),"Graph(int np){
		this.npessoas = np;
		tempo = 0;
		g = new No[np+1];
		gt = new No[np+1];
		grupos = new LinkedList<Integer>();
	}"
22,VARIABLEDECLARATION,"this",,""
23,COMPOUNDSTATEMENT,"",Sociologia.java(42:30-53:3),"{
		inicializar();
		for(int i = 1; i<=npessoas; i++){
			int pessoa = in.nextInt();
			int namigo = in.nextInt();
			for(int j = 0; j<namigo; j++){
				int amigo = in.nextInt();
				g[pessoa].addLigacao(g[amigo]);
				gt[amigo].addLigacao(gt[pessoa]);
			}
		}
	}"
24,PARAMVARIABLEDECLARATION,"in",Sociologia.java(42:19-42:29),"Scanner in"
25,CALLEXPRESSION,"inicializar",Sociologia.java(43:3-43:17),"inicializar();"
26,RETURNSTATEMENT,"",,""
27,FORSTATEMENT,"",Sociologia.java(44:3-52:4),"for(int i = 1; i<=npessoas; i++){
			int pessoa = in.nextInt();
			int namigo = in.nextInt();
			for(int j = 0; j<namigo; j++){
				int amigo = in.nextInt();
				g[pessoa].addLigacao(g[amigo]);
				gt[amigo].addLigacao(gt[pessoa]);
			}
		}"
28,METHODDECLARATION,"inicializar",,""
29,LITERAL,"",Sociologia.java(44:15-44:16),"1"
30,COMPOUNDSTATEMENT,"",Sociologia.java(44:35-52:4),"{
			int pessoa = in.nextInt();
			int namigo = in.nextInt();
			for(int j = 0; j<namigo; j++){
				int amigo = in.nextInt();
				g[pessoa].addLigacao(g[amigo]);
				gt[amigo].addLigacao(gt[pessoa]);
			}
		}"
31,DECLARATIONSTATEMENT,"",Sociologia.java(44:7-44:16),"int i = 1"
32,BINARYOPERATOR,"<=",Sociologia.java(44:18-44:29),"i<=npessoas"
33,UNARYOPERATOR,"++",Sociologia.java(44:31-44:34),"i++"
34,VARIABLEDECLARATION,"i",Sociologia.java(44:11-44:16),"i = 1"
35,DECLAREDREFERENCEEXPRESSION,"in",Sociologia.java(45:17-45:19),"in"
36,DECLAREDREFERENCEEXPRESSION,"i",Sociologia.java(44:18-44:19),"i"
37,MEMBEREXPRESSION,"npessoas",Sociologia.java(44:21-44:29),"npessoas"
38,DECLAREDREFERENCEEXPRESSION,"this",Sociologia.java(44:21-44:29),"this"
39,DECLARATIONSTATEMENT,"",Sociologia.java(45:4-45:30),"int pessoa = in.nextInt();"
40,DECLARATIONSTATEMENT,"",Sociologia.java(46:4-46:30),"int namigo = in.nextInt();"
41,FORSTATEMENT,"",Sociologia.java(47:4-51:5),"for(int j = 0; j<namigo; j++){
				int amigo = in.nextInt();
				g[pessoa].addLigacao(g[amigo]);
				gt[amigo].addLigacao(gt[pessoa]);
			}"
42,VARIABLEDECLARATION,"pessoa",Sociologia.java(45:8-45:29),"pessoa = in.nextInt()"
43,VARIABLEDECLARATION,"namigo",Sociologia.java(46:8-46:29),"namigo = in.nextInt()"
44,DECLAREDREFERENCEEXPRESSION,"i",Sociologia.java(44:31-44:32),"i"
45,MEMBERCALLEXPRESSION,"nextInt",Sociologia.java(46:17-46:29),"in.nextInt()"
46,DECLAREDREFERENCEEXPRESSION,"nextInt",Sociologia.java(46:20-46:27),"nextInt"
47,DECLAREDREFERENCEEXPRESSION,"in",Sociologia.java(46:17-46:19),"in"
48,MEMBERCALLEXPRESSION,"nextInt",Sociologia.java(45:17-45:29),"in.nextInt()"
49,DECLAREDREFERENCEEXPRESSION,"nextInt",Sociologia.java(45:20-45:27),"nextInt"
50,LITERAL,"",Sociologia.java(47:16-47:17),"0"
51,COMPOUNDSTATEMENT,"",Sociologia.java(47:33-51:5),"{
				int amigo = in.nextInt();
				g[pessoa].addLigacao(g[amigo]);
				gt[amigo].addLigacao(gt[pessoa]);
			}"
52,DECLARATIONSTATEMENT,"",Sociologia.java(47:8-47:17),"int j = 0"
53,BINARYOPERATOR,"<",Sociologia.java(47:19-47:27),"j<namigo"
54,UNARYOPERATOR,"++",Sociologia.java(47:29-47:32),"j++"
55,VARIABLEDECLARATION,"j",Sociologia.java(47:12-47:17),"j = 0"
56,DECLAREDREFERENCEEXPRESSION,"in",Sociologia.java(48:17-48:19),"in"
57,DECLARATIONSTATEMENT,"",Sociologia.java(48:5-48:30),"int amigo = in.nextInt();"
58,MEMBERCALLEXPRESSION,"addLigacao",Sociologia.java(49:5-49:36),"g[pessoa].addLigacao(g[amigo]);"
59,MEMBERCALLEXPRESSION,"addLigacao",Sociologia.java(50:5-50:38),"gt[amigo].addLigacao(gt[pessoa]);"
60,VARIABLEDECLARATION,"amigo",Sociologia.java(48:9-48:29),"amigo = in.nextInt()"
61,DECLAREDREFERENCEEXPRESSION,"j",Sociologia.java(47:29-47:30),"j"
62,DECLAREDREFERENCEEXPRESSION,"addLigacao",Sociologia.java(49:15-49:25),"addLigacao"
63,METHODDECLARATION,"addLigacao",,""
64,DECLAREDREFERENCEEXPRESSION,"this",Sociologia.java(50:5-50:7),"this"
65,ARRAYSUBSCRIPTIONEXPRESSION,"",Sociologia.java(49:26-49:34),"g[amigo]"
66,ARRAYSUBSCRIPTIONEXPRESSION,"",Sociologia.java(49:5-49:14),"g[pessoa]"
67,MEMBEREXPRESSION,"g",Sociologia.java(49:5-49:6),"g"
68,DECLAREDREFERENCEEXPRESSION,"pessoa",Sociologia.java(49:7-49:13),"pessoa"
69,DECLAREDREFERENCEEXPRESSION,"this",Sociologia.java(49:26-49:27),"this"
70,DECLAREDREFERENCEEXPRESSION,"this",Sociologia.java(49:5-49:6),"this"
71,MEMBEREXPRESSION,"g",Sociologia.java(49:26-49:27),"g"
72,DECLAREDREFERENCEEXPRESSION,"amigo",Sociologia.java(49:28-49:33),"amigo"
73,PARAMVARIABLEDECLARATION,"no0",,""
74,MEMBERCALLEXPRESSION,"nextInt",Sociologia.java(48:17-48:29),"in.nextInt()"
75,DECLAREDREFERENCEEXPRESSION,"nextInt",Sociologia.java(48:20-48:27),"nextInt"
76,DECLAREDREFERENCEEXPRESSION,"addLigacao",Sociologia.java(50:15-50:25),"addLigacao"
77,ARRAYSUBSCRIPTIONEXPRESSION,"",Sociologia.java(50:26-50:36),"gt[pessoa]"
78,ARRAYSUBSCRIPTIONEXPRESSION,"",Sociologia.java(50:5-50:14),"gt[amigo]"
79,MEMBEREXPRESSION,"gt",Sociologia.java(50:5-50:7),"gt"
80,DECLAREDREFERENCEEXPRESSION,"amigo",Sociologia.java(50:8-50:13),"amigo"
81,DECLAREDREFERENCEEXPRESSION,"this",Sociologia.java(50:26-50:28),"this"
82,MEMBEREXPRESSION,"gt",Sociologia.java(50:26-50:28),"gt"
83,DECLAREDREFERENCEEXPRESSION,"pessoa",Sociologia.java(50:29-50:35),"pessoa"
84,DECLAREDREFERENCEEXPRESSION,"j",Sociologia.java(47:19-47:20),"j"
85,DECLAREDREFERENCEEXPRESSION,"namigo",Sociologia.java(47:21-47:27),"namigo"
86,VARIABLEDECLARATION,"this",,""
87,COMPOUNDSTATEMENT,"",Sociologia.java(61:29-71:3),"{
		tempo++;
		x.visitado = true;
		for(No cursor: x.adj){
			if(!cursor.visitado)
				DFSVisit(cursor);
		}
		tempo++;
		x.tempof =tempo;
		gt[x.no].tempof = tempo;
	}"
88,PARAMVARIABLEDECLARATION,"x",Sociologia.java(61:24-61:28),"No x"
89,DECLAREDREFERENCEEXPRESSION,"this",Sociologia.java(62:3-62:8),"this"
90,RETURNSTATEMENT,"",,""
91,UNARYOPERATOR,"++",Sociologia.java(62:3-62:11),"tempo++;"
92,BINARYOPERATOR,"=",Sociologia.java(63:3-63:21),"x.visitado = true;"
93,FOREACHSTATEMENT,"",Sociologia.java(64:3-67:4),"for(No cursor: x.adj){
			if(!cursor.visitado)
				DFSVisit(cursor);
		}"
94,UNARYOPERATOR,"++",Sociologia.java(68:3-68:11),"tempo++;"
95,BINARYOPERATOR,"=",Sociologia.java(69:3-69:19),"x.tempof =tempo;"
96,BINARYOPERATOR,"=",Sociologia.java(70:3-70:27),"gt[x.no].tempof = tempo;"
97,DECLARATIONSTATEMENT,"",Sociologia.java(64:7-64:16),"No cursor"
98,MEMBEREXPRESSION,"adj",Sociologia.java(64:18-64:23),"x.adj"
99,COMPOUNDSTATEMENT,"",Sociologia.java(64:24-67:4),"{
			if(!cursor.visitado)
				DFSVisit(cursor);
		}"
100,VARIABLEDECLARATION,"cursor",Sociologia.java(64:10-64:16),"cursor"
101,DECLAREDREFERENCEEXPRESSION,"cursor",Sociologia.java(65:8-65:14),"cursor"
102,DECLAREDREFERENCEEXPRESSION,"this",Sociologia.java(68:3-68:8),"this"
103,DECLAREDREFERENCEEXPRESSION,"x",Sociologia.java(64:18-64:19),"x"
104,UNINITIALIZEDVALUE,"Uninitialized Value",,""
105,IFSTATEMENT,"",Sociologia.java(65:4-66:22),"if(!cursor.visitado)
				DFSVisit(cursor);"
106,CALLEXPRESSION,"DFSVisit",Sociologia.java(66:5-66:22),"DFSVisit(cursor);"
107,UNARYOPERATOR,"!",Sociologia.java(65:7-65:23),"!cursor.visitado"
108,DECLAREDREFERENCEEXPRESSION,"cursor",Sociologia.java(66:14-66:20),"cursor"
109,METHODDECLARATION,"DFSVisit",,""
110,PARAMVARIABLEDECLARATION,"no0",,""
111,MEMBEREXPRESSION,"visitado",Sociologia.java(65:8-65:23),"cursor.visitado"
112,MEMBEREXPRESSION,"tempof",Sociologia.java(69:3-69:11),"x.tempof"
113,MEMBEREXPRESSION,"tempo",Sociologia.java(69:13-69:18),"tempo"
114,DECLAREDREFERENCEEXPRESSION,"this",Sociologia.java(70:3-70:5),"this"
115,DECLAREDREFERENCEEXPRESSION,"this",Sociologia.java(69:13-69:18),"this"
116,DECLAREDREFERENCEEXPRESSION,"x",Sociologia.java(69:3-69:4),"x"
117,MEMBEREXPRESSION,"tempof",Sociologia.java(70:3-70:18),"gt[x.no].tempof"
118,MEMBEREXPRESSION,"tempo",Sociologia.java(70:21-70:26),"tempo"
119,DECLAREDREFERENCEEXPRESSION,"this",Sociologia.java(70:21-70:26),"this"
120,ARRAYSUBSCRIPTIONEXPRESSION,"",Sociologia.java(70:3-70:11),"gt[x.no]"
121,MEMBEREXPRESSION,"gt",Sociologia.java(70:3-70:5),"gt"
122,MEMBEREXPRESSION,"no",Sociologia.java(70:6-70:10),"x.no"
123,DECLAREDREFERENCEEXPRESSION,"x",Sociologia.java(70:6-70:7),"x"
124,MEMBEREXPRESSION,"tempo",Sociologia.java(68:3-68:8),"tempo"
125,MEMBEREXPRESSION,"tempo",Sociologia.java(62:3-62:8),"tempo"
126,DECLAREDREFERENCEEXPRESSION,"x",Sociologia.java(63:3-63:4),"x"
127,MEMBEREXPRESSION,"visitado",Sociologia.java(63:3-63:13),"x.visitado"
128,LITERAL,"",Sociologia.java(63:16-63:20),"true"
129,VARIABLEDECLARATION,"this",,""
130,COMPOUNDSTATEMENT,"",Sociologia.java(102:35-110:3),"{
		int count = 1;
		x.visitado = true;
		for(No cursor: x.adj){
			if(!cursor.visitado)
				count +=NelementosGrupo(cursor);
		}
		return count;
	}"
131,PARAMVARIABLEDECLARATION,"x",Sociologia.java(102:30-102:34),"No x"
132,LITERAL,"",Sociologia.java(103:15-103:16),"1"
133,RETURNSTATEMENT,"",Sociologia.java(109:3-109:16),"return count;"
134,DECLARATIONSTATEMENT,"",Sociologia.java(103:3-103:17),"int count = 1;"
135,BINARYOPERATOR,"=",Sociologia.java(104:3-104:21),"x.visitado = true;"
136,FOREACHSTATEMENT,"",Sociologia.java(105:3-108:4),"for(No cursor: x.adj){
			if(!cursor.visitado)
				count +=NelementosGrupo(cursor);
		}"
137,VARIABLEDECLARATION,"count",Sociologia.java(103:7-103:16),"count = 1"
138,DECLARATIONSTATEMENT,"",Sociologia.java(105:7-105:16),"No cursor"
139,MEMBEREXPRESSION,"adj",Sociologia.java(105:18-105:23),"x.adj"
140,COMPOUNDSTATEMENT,"",Sociologia.java(105:24-108:4),"{
			if(!cursor.visitado)
				count +=NelementosGrupo(cursor);
		}"
141,VARIABLEDECLARATION,"cursor",Sociologia.java(105:10-105:16),"cursor"
142,DECLAREDREFERENCEEXPRESSION,"cursor",Sociologia.java(106:8-106:14),"cursor"
143,DECLAREDREFERENCEEXPRESSION,"count",Sociologia.java(109:10-109:15),"count"
144,DECLAREDREFERENCEEXPRESSION,"x",Sociologia.java(105:18-105:19),"x"
145,UNINITIALIZEDVALUE,"Uninitialized Value",,""
146,IFSTATEMENT,"",Sociologia.java(106:4-107:37),"if(!cursor.visitado)
				count +=NelementosGrupo(cursor);"
147,BINARYOPERATOR,"+=",Sociologia.java(107:5-107:37),"count +=NelementosGrupo(cursor);"
148,UNARYOPERATOR,"!",Sociologia.java(106:7-106:23),"!cursor.visitado"
149,DECLAREDREFERENCEEXPRESSION,"count",Sociologia.java(107:5-107:10),"count"
150,MEMBEREXPRESSION,"visitado",Sociologia.java(106:8-106:23),"cursor.visitado"
151,CALLEXPRESSION,"NelementosGrupo",Sociologia.java(107:13-107:36),"NelementosGrupo(cursor)"
152,METHODDECLARATION,"NelementosGrupo",,""
153,DECLAREDREFERENCEEXPRESSION,"cursor",Sociologia.java(107:29-107:35),"cursor"
154,PARAMVARIABLEDECLARATION,"no0",,""
155,DECLAREDREFERENCEEXPRESSION,"x",Sociologia.java(104:3-104:4),"x"
156,MEMBEREXPRESSION,"visitado",Sociologia.java(104:3-104:13),"x.visitado"
157,LITERAL,"",Sociologia.java(104:16-104:20),"true"
158,VARIABLEDECLARATION,"this",,""
159,COMPOUNDSTATEMENT,"",Sociologia.java(112:15-120:3),"{
		int ngrupos = 0;
		int deFora = 0;
		for(int x: grupos){
			if(x>=4){ngrupos++;}
			else {deFora+=x;}
		}
		System.out.printf(""%d %d\n"", ngrupos, deFora);
	}"
160,LITERAL,"",Sociologia.java(113:17-113:18),"0"
161,RETURNSTATEMENT,"",,""
162,DECLARATIONSTATEMENT,"",Sociologia.java(113:3-113:19),"int ngrupos = 0;"
163,DECLARATIONSTATEMENT,"",Sociologia.java(114:3-114:18),"int deFora = 0;"
164,FOREACHSTATEMENT,"",Sociologia.java(115:3-118:4),"for(int x: grupos){
			if(x>=4){ngrupos++;}
			else {deFora+=x;}
		}"
165,MEMBERCALLEXPRESSION,"printf",Sociologia.java(119:3-119:49),"System.out.printf(""%d %d\n"", ngrupos, deFora);"
166,VARIABLEDECLARATION,"ngrupos",Sociologia.java(113:7-113:18),"ngrupos = 0"
167,VARIABLEDECLARATION,"deFora",Sociologia.java(114:7-114:17),"deFora = 0"
168,DECLAREDREFERENCEEXPRESSION,"this",Sociologia.java(115:14-115:20),"this"
169,LITERAL,"",Sociologia.java(114:16-114:17),"0"
170,DECLARATIONSTATEMENT,"",Sociologia.java(115:7-115:12),"int x"
171,MEMBEREXPRESSION,"grupos",Sociologia.java(115:14-115:20),"grupos"
172,COMPOUNDSTATEMENT,"",Sociologia.java(115:21-118:4),"{
			if(x>=4){ngrupos++;}
			else {deFora+=x;}
		}"
173,VARIABLEDECLARATION,"x",Sociologia.java(115:11-115:12),"x"
174,DECLAREDREFERENCEEXPRESSION,"x",Sociologia.java(116:7-116:8),"x"
175,DECLAREDREFERENCEEXPRESSION,"System",Sociologia.java(119:3-119:9),"System"
176,UNINITIALIZEDVALUE,"Uninitialized Value",,""
177,IFSTATEMENT,"",Sociologia.java(116:4-117:21),"if(x>=4){ngrupos++;}
			else {deFora+=x;}"
178,COMPOUNDSTATEMENT,"",Sociologia.java(116:12-116:24),"{ngrupos++;}"
179,COMPOUNDSTATEMENT,"",Sociologia.java(117:9-117:21),"{deFora+=x;}"
180,BINARYOPERATOR,">=",Sociologia.java(116:7-116:11),"x>=4"
181,DECLAREDREFERENCEEXPRESSION,"ngrupos",Sociologia.java(116:13-116:20),"ngrupos"
182,DECLAREDREFERENCEEXPRESSION,"deFora",Sociologia.java(117:10-117:16),"deFora"
183,UNARYOPERATOR,"++",Sociologia.java(116:13-116:23),"ngrupos++;"
184,LITERAL,"",Sociologia.java(116:10-116:11),"4"
185,BINARYOPERATOR,"+=",Sociologia.java(117:10-117:20),"deFora+=x;"
186,DECLAREDREFERENCEEXPRESSION,"x",Sociologia.java(117:18-117:19),"x"
187,DECLAREDREFERENCEEXPRESSION,"printf",Sociologia.java(119:14-119:20),"printf"
188,DECLAREDREFERENCEEXPRESSION,"deFora",Sociologia.java(119:41-119:47),"deFora"
189,MEMBEREXPRESSION,"out",Sociologia.java(119:3-119:13),"System.out"
190,LITERAL,"",Sociologia.java(119:21-119:30),"""%d %d\n"""
191,DECLAREDREFERENCEEXPRESSION,"ngrupos",Sociologia.java(119:32-119:39),"ngrupos"
192,VARIABLEDECLARATION,"this",,""
193,COMPOUNDSTATEMENT,"",Sociologia.java(36:28-41:3),"{
		for(int i = 1; i<=npessoas; i++){
			g[i] = new No(i);
			gt[i] = new No(i);
		}
	}"
194,LITERAL,"",Sociologia.java(37:15-37:16),"1"
195,RETURNSTATEMENT,"",,""
196,FORSTATEMENT,"",Sociologia.java(37:3-40:4),"for(int i = 1; i<=npessoas; i++){
			g[i] = new No(i);
			gt[i] = new No(i);
		}"
197,COMPOUNDSTATEMENT,"",Sociologia.java(37:35-40:4),"{
			g[i] = new No(i);
			gt[i] = new No(i);
		}"
198,DECLARATIONSTATEMENT,"",Sociologia.java(37:7-37:16),"int i = 1"
199,BINARYOPERATOR,"<=",Sociologia.java(37:18-37:29),"i<=npessoas"
200,UNARYOPERATOR,"++",Sociologia.java(37:31-37:34),"i++"
201,VARIABLEDECLARATION,"i",Sociologia.java(37:11-37:16),"i = 1"
202,DECLAREDREFERENCEEXPRESSION,"this",Sociologia.java(38:4-38:5),"this"
203,DECLAREDREFERENCEEXPRESSION,"i",Sociologia.java(37:18-37:19),"i"
204,DECLAREDREFERENCEEXPRESSION,"i",Sociologia.java(37:31-37:32),"i"
205,MEMBEREXPRESSION,"npessoas",Sociologia.java(37:21-37:29),"npessoas"
206,DECLAREDREFERENCEEXPRESSION,"this",Sociologia.java(37:21-37:29),"this"
207,BINARYOPERATOR,"=",Sociologia.java(38:4-38:21),"g[i] = new No(i);"
208,BINARYOPERATOR,"=",Sociologia.java(39:4-39:22),"gt[i] = new No(i);"
209,ARRAYSUBSCRIPTIONEXPRESSION,"",Sociologia.java(38:4-38:8),"g[i]"
210,NEWEXPRESSION,"",Sociologia.java(38:11-38:20),"new No(i)"
211,DECLAREDREFERENCEEXPRESSION,"this",Sociologia.java(39:4-39:6),"this"
212,MEMBEREXPRESSION,"g",Sociologia.java(38:4-38:5),"g"
213,DECLAREDREFERENCEEXPRESSION,"i",Sociologia.java(38:6-38:7),"i"
214,DECLAREDREFERENCEEXPRESSION,"i",Sociologia.java(38:18-38:19),"i"
215,CONSTRUCTEXPRESSION,"",Sociologia.java(38:11-38:20),"new No(i)"
216,CONSTRUCTORDECLARATION,"No",,""
217,PARAMVARIABLEDECLARATION,"int0",,""
218,ARRAYSUBSCRIPTIONEXPRESSION,"",Sociologia.java(39:4-39:9),"gt[i]"
219,NEWEXPRESSION,"",Sociologia.java(39:12-39:21),"new No(i)"
220,MEMBEREXPRESSION,"gt",Sociologia.java(39:4-39:6),"gt"
221,DECLAREDREFERENCEEXPRESSION,"i",Sociologia.java(39:7-39:8),"i"
222,DECLAREDREFERENCEEXPRESSION,"i",Sociologia.java(39:19-39:20),"i"
223,CONSTRUCTEXPRESSION,"",Sociologia.java(39:12-39:21),"new No(i)"
224,VARIABLEDECLARATION,"this",,""
225,COMPOUNDSTATEMENT,"",Sociologia.java(55:12-60:3),"{
		for(int i = 1; i<=npessoas; i++){
			if(!g[i].visitado)
				DFSVisit(g[i]);
		}
	}"
226,LITERAL,"",Sociologia.java(56:15-56:16),"1"
227,RETURNSTATEMENT,"",,""
228,FORSTATEMENT,"",Sociologia.java(56:3-59:4),"for(int i = 1; i<=npessoas; i++){
			if(!g[i].visitado)
				DFSVisit(g[i]);
		}"
229,COMPOUNDSTATEMENT,"",Sociologia.java(56:35-59:4),"{
			if(!g[i].visitado)
				DFSVisit(g[i]);
		}"
230,DECLARATIONSTATEMENT,"",Sociologia.java(56:7-56:16),"int i = 1"
231,BINARYOPERATOR,"<=",Sociologia.java(56:18-56:29),"i<=npessoas"
232,UNARYOPERATOR,"++",Sociologia.java(56:31-56:34),"i++"
233,VARIABLEDECLARATION,"i",Sociologia.java(56:11-56:16),"i = 1"
234,DECLAREDREFERENCEEXPRESSION,"this",Sociologia.java(57:8-57:9),"this"
235,IFSTATEMENT,"",Sociologia.java(57:4-58:20),"if(!g[i].visitado)
				DFSVisit(g[i]);"
236,DECLAREDREFERENCEEXPRESSION,"i",Sociologia.java(56:31-56:32),"i"
237,CALLEXPRESSION,"DFSVisit",Sociologia.java(58:5-58:20),"DFSVisit(g[i]);"
238,UNARYOPERATOR,"!",Sociologia.java(57:7-57:21),"!g[i].visitado"
239,DECLAREDREFERENCEEXPRESSION,"this",Sociologia.java(58:14-58:15),"this"
240,ARRAYSUBSCRIPTIONEXPRESSION,"",Sociologia.java(58:14-58:18),"g[i]"
241,MEMBEREXPRESSION,"g",Sociologia.java(58:14-58:15),"g"
242,DECLAREDREFERENCEEXPRESSION,"i",Sociologia.java(58:16-58:17),"i"
243,MEMBEREXPRESSION,"visitado",Sociologia.java(57:8-57:21),"g[i].visitado"
244,ARRAYSUBSCRIPTIONEXPRESSION,"",Sociologia.java(57:8-57:12),"g[i]"
245,MEMBEREXPRESSION,"g",Sociologia.java(57:8-57:9),"g"
246,DECLAREDREFERENCEEXPRESSION,"i",Sociologia.java(57:10-57:11),"i"
247,DECLAREDREFERENCEEXPRESSION,"i",Sociologia.java(56:18-56:19),"i"
248,MEMBEREXPRESSION,"npessoas",Sociologia.java(56:21-56:29),"npessoas"
249,DECLAREDREFERENCEEXPRESSION,"this",Sociologia.java(56:21-56:29),"this"
250,COMPOUNDSTATEMENT,"",Sociologia.java(29:15-35:3),"{
		this.npessoas = np;
		tempo = 0;
		g = new No[np+1];
		gt = new No[np+1];
		grupos = new LinkedList<Integer>();
	}"
251,PARAMVARIABLEDECLARATION,"np",Sociologia.java(29:8-29:14),"int np"
252,DECLAREDREFERENCEEXPRESSION,"this",Sociologia.java(30:3-30:7),"this"
253,RETURNSTATEMENT,"",,""
254,BINARYOPERATOR,"=",Sociologia.java(30:3-30:22),"this.npessoas = np;"
255,BINARYOPERATOR,"=",Sociologia.java(31:3-31:13),"tempo = 0;"
256,BINARYOPERATOR,"=",Sociologia.java(32:3-32:20),"g = new No[np+1];"
257,BINARYOPERATOR,"=",Sociologia.java(33:3-33:21),"gt = new No[np+1];"
258,BINARYOPERATOR,"=",Sociologia.java(34:3-34:38),"grupos = new LinkedList<Integer>();"
259,MEMBEREXPRESSION,"npessoas",Sociologia.java(30:3-30:16),"this.npessoas"
260,DECLAREDREFERENCEEXPRESSION,"np",Sociologia.java(30:19-30:21),"np"
261,DECLAREDREFERENCEEXPRESSION,"this",Sociologia.java(31:3-31:8),"this"
262,MEMBEREXPRESSION,"tempo",Sociologia.java(31:3-31:8),"tempo"
263,LITERAL,"",Sociologia.java(31:11-31:12),"0"
264,DECLAREDREFERENCEEXPRESSION,"this",Sociologia.java(32:3-32:4),"this"
265,MEMBEREXPRESSION,"gt",Sociologia.java(33:3-33:5),"gt"
266,ARRAYCREATIONEXPRESSION,"",Sociologia.java(33:8-33:20),"new No[np+1]"
267,DECLAREDREFERENCEEXPRESSION,"this",Sociologia.java(34:3-34:9),"this"
268,BINARYOPERATOR,"+",Sociologia.java(33:15-33:19),"np+1"
269,DECLAREDREFERENCEEXPRESSION,"np",Sociologia.java(33:15-33:17),"np"
270,LITERAL,"",Sociologia.java(33:18-33:19),"1"
271,DECLAREDREFERENCEEXPRESSION,"this",Sociologia.java(33:3-33:5),"this"
272,MEMBEREXPRESSION,"grupos",Sociologia.java(34:3-34:9),"grupos"
273,NEWEXPRESSION,"",Sociologia.java(34:12-34:37),"new LinkedList<Integer>()"
274,CONSTRUCTEXPRESSION,"",Sociologia.java(34:12-34:37),"new LinkedList<Integer>()"
275,MEMBEREXPRESSION,"g",Sociologia.java(32:3-32:4),"g"
276,ARRAYCREATIONEXPRESSION,"",Sociologia.java(32:7-32:19),"new No[np+1]"
277,DECLAREDREFERENCEEXPRESSION,"np",Sociologia.java(32:14-32:16),"np"
278,BINARYOPERATOR,"+",Sociologia.java(32:14-32:18),"np+1"
279,LITERAL,"",Sociologia.java(32:17-32:18),"1"
280,VARIABLEDECLARATION,"this",,""
281,COMPOUNDSTATEMENT,"",Sociologia.java(72:22-85:3),"{
		int maximo = 0; 
		No max = new No(0);
		
		for(int i = 1; i<=npessoas; i++){
			if(!gt[i].visitado){
				if(gt[i].tempof > maximo){
					maximo = gt[i].tempof;
					max = gt[i];
				}
			}
		}
		return max;
	}"
282,LITERAL,"",Sociologia.java(73:16-73:17),"0"
283,RETURNSTATEMENT,"",Sociologia.java(84:3-84:14),"return max;"
284,DECLARATIONSTATEMENT,"",Sociologia.java(73:3-73:18),"int maximo = 0;"
285,DECLARATIONSTATEMENT,"",Sociologia.java(74:3-74:22),"No max = new No(0);"
286,FORSTATEMENT,"",Sociologia.java(76:3-83:4),"for(int i = 1; i<=npessoas; i++){
			if(!gt[i].visitado){
				if(gt[i].tempof > maximo){
					maximo = gt[i].tempof;
					max = gt[i];
				}
			}
		}"
287,VARIABLEDECLARATION,"maximo",Sociologia.java(73:7-73:17),"maximo = 0"
288,VARIABLEDECLARATION,"max",Sociologia.java(74:6-74:21),"max = new No(0)"
289,DECLAREDREFERENCEEXPRESSION,"max",Sociologia.java(84:10-84:13),"max"
290,NEWEXPRESSION,"",Sociologia.java(74:12-74:21),"new No(0)"
291,CONSTRUCTEXPRESSION,"",Sociologia.java(74:12-74:21),"new No(0)"
292,LITERAL,"",Sociologia.java(74:19-74:20),"0"
293,LITERAL,"",Sociologia.java(76:15-76:16),"1"
294,COMPOUNDSTATEMENT,"",Sociologia.java(76:35-83:4),"{
			if(!gt[i].visitado){
				if(gt[i].tempof > maximo){
					maximo = gt[i].tempof;
					max = gt[i];
				}
			}
		}"
295,DECLARATIONSTATEMENT,"",Sociologia.java(76:7-76:16),"int i = 1"
296,BINARYOPERATOR,"<=",Sociologia.java(76:18-76:29),"i<=npessoas"
297,UNARYOPERATOR,"++",Sociologia.java(76:31-76:34),"i++"
298,VARIABLEDECLARATION,"i",Sociologia.java(76:11-76:16),"i = 1"
299,DECLAREDREFERENCEEXPRESSION,"this",Sociologia.java(77:8-77:10),"this"
300,DECLAREDREFERENCEEXPRESSION,"i",Sociologia.java(76:18-76:19),"i"
301,MEMBEREXPRESSION,"npessoas",Sociologia.java(76:21-76:29),"npessoas"
302,DECLAREDREFERENCEEXPRESSION,"this",Sociologia.java(76:21-76:29),"this"
303,DECLAREDREFERENCEEXPRESSION,"i",Sociologia.java(76:31-76:32),"i"
304,IFSTATEMENT,"",Sociologia.java(77:4-82:5),"if(!gt[i].visitado){
				if(gt[i].tempof > maximo){
					maximo = gt[i].tempof;
					max = gt[i];
				}
			}"
305,COMPOUNDSTATEMENT,"",Sociologia.java(77:23-82:5),"{
				if(gt[i].tempof > maximo){
					maximo = gt[i].tempof;
					max = gt[i];
				}
			}"
306,UNARYOPERATOR,"!",Sociologia.java(77:7-77:22),"!gt[i].visitado"
307,DECLAREDREFERENCEEXPRESSION,"this",Sociologia.java(78:8-78:10),"this"
308,MEMBEREXPRESSION,"visitado",Sociologia.java(77:8-77:22),"gt[i].visitado"
309,ARRAYSUBSCRIPTIONEXPRESSION,"",Sociologia.java(77:8-77:13),"gt[i]"
310,MEMBEREXPRESSION,"gt",Sociologia.java(77:8-77:10),"gt"
311,DECLAREDREFERENCEEXPRESSION,"i",Sociologia.java(77:11-77:12),"i"
312,IFSTATEMENT,"",Sociologia.java(78:5-81:6),"if(gt[i].tempof > maximo){
					maximo = gt[i].tempof;
					max = gt[i];
				}"
313,COMPOUNDSTATEMENT,"",Sociologia.java(78:30-81:6),"{
					maximo = gt[i].tempof;
					max = gt[i];
				}"
314,BINARYOPERATOR,">",Sociologia.java(78:8-78:29),"gt[i].tempof > maximo"
315,DECLAREDREFERENCEEXPRESSION,"maximo",Sociologia.java(79:6-79:12),"maximo"
316,MEMBEREXPRESSION,"tempof",Sociologia.java(78:8-78:20),"gt[i].tempof"
317,DECLAREDREFERENCEEXPRESSION,"maximo",Sociologia.java(78:23-78:29),"maximo"
318,ARRAYSUBSCRIPTIONEXPRESSION,"",Sociologia.java(78:8-78:13),"gt[i]"
319,MEMBEREXPRESSION,"gt",Sociologia.java(78:8-78:10),"gt"
320,DECLAREDREFERENCEEXPRESSION,"i",Sociologia.java(78:11-78:12),"i"
321,BINARYOPERATOR,"=",Sociologia.java(79:6-79:28),"maximo = gt[i].tempof;"
322,BINARYOPERATOR,"=",Sociologia.java(80:6-80:18),"max = gt[i];"
323,MEMBEREXPRESSION,"tempof",Sociologia.java(79:15-79:27),"gt[i].tempof"
324,DECLAREDREFERENCEEXPRESSION,"max",Sociologia.java(80:6-80:9),"max"
325,DECLAREDREFERENCEEXPRESSION,"this",Sociologia.java(79:15-79:17),"this"
326,ARRAYSUBSCRIPTIONEXPRESSION,"",Sociologia.java(79:15-79:20),"gt[i]"
327,MEMBEREXPRESSION,"gt",Sociologia.java(79:15-79:17),"gt"
328,DECLAREDREFERENCEEXPRESSION,"i",Sociologia.java(79:18-79:19),"i"
329,ARRAYSUBSCRIPTIONEXPRESSION,"",Sociologia.java(80:12-80:17),"gt[i]"
330,MEMBEREXPRESSION,"gt",Sociologia.java(80:12-80:14),"gt"
331,DECLAREDREFERENCEEXPRESSION,"i",Sociologia.java(80:15-80:16),"i"
332,DECLAREDREFERENCEEXPRESSION,"this",Sociologia.java(80:12-80:14),"this"
333,VARIABLEDECLARATION,"this",,""
334,COMPOUNDSTATEMENT,"",Sociologia.java(86:30-92:3),"{
		for(int i = 1; i<=npessoas; i++){
			if(!gt[i].visitado)
				return false;
		}
		return true;
	}"
335,LITERAL,"",Sociologia.java(87:15-87:16),"1"
336,RETURNSTATEMENT,"",Sociologia.java(91:3-91:15),"return true;"
337,FORSTATEMENT,"",Sociologia.java(87:3-90:4),"for(int i = 1; i<=npessoas; i++){
			if(!gt[i].visitado)
				return false;
		}"
338,COMPOUNDSTATEMENT,"",Sociologia.java(87:35-90:4),"{
			if(!gt[i].visitado)
				return false;
		}"
339,DECLARATIONSTATEMENT,"",Sociologia.java(87:7-87:16),"int i = 1"
340,BINARYOPERATOR,"<=",Sociologia.java(87:18-87:29),"i<=npessoas"
341,UNARYOPERATOR,"++",Sociologia.java(87:31-87:34),"i++"
342,VARIABLEDECLARATION,"i",Sociologia.java(87:11-87:16),"i = 1"
343,DECLAREDREFERENCEEXPRESSION,"this",Sociologia.java(88:8-88:10),"this"
344,LITERAL,"",Sociologia.java(91:10-91:14),"true"
345,DECLAREDREFERENCEEXPRESSION,"i",Sociologia.java(87:31-87:32),"i"
346,DECLAREDREFERENCEEXPRESSION,"i",Sociologia.java(87:18-87:19),"i"
347,MEMBEREXPRESSION,"npessoas",Sociologia.java(87:21-87:29),"npessoas"
348,DECLAREDREFERENCEEXPRESSION,"this",Sociologia.java(87:21-87:29),"this"
349,IFSTATEMENT,"",Sociologia.java(88:4-89:18),"if(!gt[i].visitado)
				return false;"
350,UNARYOPERATOR,"!",Sociologia.java(88:7-88:22),"!gt[i].visitado"
351,RETURNSTATEMENT,"",Sociologia.java(89:5-89:18),"return false;"
352,LITERAL,"",Sociologia.java(89:12-89:17),"false"
353,MEMBEREXPRESSION,"visitado",Sociologia.java(88:8-88:22),"gt[i].visitado"
354,ARRAYSUBSCRIPTIONEXPRESSION,"",Sociologia.java(88:8-88:13),"gt[i]"
355,MEMBEREXPRESSION,"gt",Sociologia.java(88:8-88:10),"gt"
356,DECLAREDREFERENCEEXPRESSION,"i",Sociologia.java(88:11-88:12),"i"
357,VARIABLEDECLARATION,"this",,""
358,COMPOUNDSTATEMENT,"",Sociologia.java(94:14-101:3),"{
		while(!allVisited()){
			No TMax = findMax();
			int nelementos = NelementosGrupo(TMax);
			grupos.addLast(nelementos);
			TMax.tempof = 0;
		}
	}"
359,CALLEXPRESSION,"allVisited",Sociologia.java(95:10-95:22),"allVisited()"
360,RETURNSTATEMENT,"",,""
361,WHILESTATEMENT,"",Sociologia.java(95:3-100:4),"while(!allVisited()){
			No TMax = findMax();
			int nelementos = NelementosGrupo(TMax);
			grupos.addLast(nelementos);
			TMax.tempof = 0;
		}"
362,UNARYOPERATOR,"!",Sociologia.java(95:9-95:22),"!allVisited()"
363,COMPOUNDSTATEMENT,"",Sociologia.java(95:23-100:4),"{
			No TMax = findMax();
			int nelementos = NelementosGrupo(TMax);
			grupos.addLast(nelementos);
			TMax.tempof = 0;
		}"
364,CALLEXPRESSION,"findMax",Sociologia.java(96:14-96:23),"findMax()"
365,METHODDECLARATION,"allVisited",,""
366,DECLARATIONSTATEMENT,"",Sociologia.java(96:4-96:24),"No TMax = findMax();"
367,DECLARATIONSTATEMENT,"",Sociologia.java(97:4-97:43),"int nelementos = NelementosGrupo(TMax);"
368,MEMBERCALLEXPRESSION,"addLast",Sociologia.java(98:4-98:31),"grupos.addLast(nelementos);"
369,BINARYOPERATOR,"=",Sociologia.java(99:4-99:20),"TMax.tempof = 0;"
370,VARIABLEDECLARATION,"TMax",Sociologia.java(96:7-96:23),"TMax = findMax()"
371,VARIABLEDECLARATION,"nelementos",Sociologia.java(97:8-97:42),"nelementos = NelementosGrupo(TMax)"
372,DECLAREDREFERENCEEXPRESSION,"addLast",Sociologia.java(98:11-98:18),"addLast"
373,DECLAREDREFERENCEEXPRESSION,"TMax",Sociologia.java(99:4-99:8),"TMax"
374,DECLAREDREFERENCEEXPRESSION,"nelementos",Sociologia.java(98:19-98:29),"nelementos"
375,MEMBEREXPRESSION,"grupos",Sociologia.java(98:4-98:10),"grupos"
376,DECLAREDREFERENCEEXPRESSION,"this",Sociologia.java(98:4-98:10),"this"
377,METHODDECLARATION,"findMax",,""
378,MEMBEREXPRESSION,"tempof",Sociologia.java(99:4-99:15),"TMax.tempof"
379,LITERAL,"",Sociologia.java(99:18-99:19),"0"
380,DECLAREDREFERENCEEXPRESSION,"TMax",Sociologia.java(97:37-97:41),"TMax"
381,CALLEXPRESSION,"NelementosGrupo",Sociologia.java(97:21-97:42),"NelementosGrupo(TMax)"
382,FIELDDECLARATION,"this",,""
383,METHODDECLARATION,"main",Sociologia.java(123:2-137:3),"public static void main(String[] args) {
		Scanner in = new Scanner(System.in);
		int ncasos = in.nextInt();
		for(int i = 1; i<=ncasos; i++){
			int np = in.nextInt();
			Graph novo = new Graph(np);
			novo.createGrafo(in);
			novo.DFS();
			novo.DFS_T();
			
			System.out.printf(""Caso #%d\n"", i);
			novo.Output();
		}

	}"
384,CONSTRUCTORDECLARATION,"Sociologia",,""
385,VARIABLEDECLARATION,"this",,""
386,COMPOUNDSTATEMENT,"",Sociologia.java(123:41-137:3),"{
		Scanner in = new Scanner(System.in);
		int ncasos = in.nextInt();
		for(int i = 1; i<=ncasos; i++){
			int np = in.nextInt();
			Graph novo = new Graph(np);
			novo.createGrafo(in);
			novo.DFS();
			novo.DFS_T();
			
			System.out.printf(""Caso #%d\n"", i);
			novo.Output();
		}

	}"
387,PARAMVARIABLEDECLARATION,"args",Sociologia.java(123:26-123:39),"String[] args"
388,DECLAREDREFERENCEEXPRESSION,"System",Sociologia.java(124:28-124:34),"System"
389,RETURNSTATEMENT,"",,""
390,DECLARATIONSTATEMENT,"",Sociologia.java(124:3-124:39),"Scanner in = new Scanner(System.in);"
391,DECLARATIONSTATEMENT,"",Sociologia.java(125:3-125:29),"int ncasos = in.nextInt();"
392,FORSTATEMENT,"",Sociologia.java(126:3-135:4),"for(int i = 1; i<=ncasos; i++){
			int np = in.nextInt();
			Graph novo = new Graph(np);
			novo.createGrafo(in);
			novo.DFS();
			novo.DFS_T();
			
			System.out.printf(""Caso #%d\n"", i);
			novo.Output();
		}"
393,VARIABLEDECLARATION,"in",Sociologia.java(124:11-124:38),"in = new Scanner(System.in)"
394,VARIABLEDECLARATION,"ncasos",Sociologia.java(125:7-125:28),"ncasos = in.nextInt()"
395,LITERAL,"",Sociologia.java(126:15-126:16),"1"
396,COMPOUNDSTATEMENT,"",Sociologia.java(126:33-135:4),"{
			int np = in.nextInt();
			Graph novo = new Graph(np);
			novo.createGrafo(in);
			novo.DFS();
			novo.DFS_T();
			
			System.out.printf(""Caso #%d\n"", i);
			novo.Output();
		}"
397,DECLARATIONSTATEMENT,"",Sociologia.java(126:7-126:16),"int i = 1"
398,BINARYOPERATOR,"<=",Sociologia.java(126:18-126:27),"i<=ncasos"
399,UNARYOPERATOR,"++",Sociologia.java(126:29-126:32),"i++"
400,VARIABLEDECLARATION,"i",Sociologia.java(126:11-126:16),"i = 1"
401,DECLAREDREFERENCEEXPRESSION,"in",Sociologia.java(127:13-127:15),"in"
402,DECLAREDREFERENCEEXPRESSION,"i",Sociologia.java(126:18-126:19),"i"
403,DECLAREDREFERENCEEXPRESSION,"ncasos",Sociologia.java(126:21-126:27),"ncasos"
404,DECLARATIONSTATEMENT,"",Sociologia.java(127:4-127:26),"int np = in.nextInt();"
405,DECLARATIONSTATEMENT,"",Sociologia.java(128:4-128:31),"Graph novo = new Graph(np);"
406,MEMBERCALLEXPRESSION,"createGrafo",Sociologia.java(129:4-129:25),"novo.createGrafo(in);"
407,MEMBERCALLEXPRESSION,"DFS",Sociologia.java(130:4-130:15),"novo.DFS();"
408,MEMBERCALLEXPRESSION,"DFS_T",Sociologia.java(131:4-131:17),"novo.DFS_T();"
409,MEMBERCALLEXPRESSION,"printf",Sociologia.java(133:4-133:39),"System.out.printf(""Caso #%d\n"", i);"
410,MEMBERCALLEXPRESSION,"Output",Sociologia.java(134:4-134:18),"novo.Output();"
411,VARIABLEDECLARATION,"np",Sociologia.java(127:8-127:25),"np = in.nextInt()"
412,VARIABLEDECLARATION,"novo",Sociologia.java(128:10-128:30),"novo = new Graph(np)"
413,DECLAREDREFERENCEEXPRESSION,"i",Sociologia.java(126:29-126:30),"i"
414,DECLAREDREFERENCEEXPRESSION,"DFS_T",Sociologia.java(131:9-131:14),"DFS_T"
415,METHODDECLARATION,"DFS_T",,""
416,DECLAREDREFERENCEEXPRESSION,"System",Sociologia.java(133:4-133:10),"System"
417,DECLAREDREFERENCEEXPRESSION,"novo",Sociologia.java(131:4-131:8),"novo"
418,DECLAREDREFERENCEEXPRESSION,"printf",Sociologia.java(133:15-133:21),"printf"
419,DECLAREDREFERENCEEXPRESSION,"novo",Sociologia.java(134:4-134:8),"novo"
420,DECLAREDREFERENCEEXPRESSION,"i",Sociologia.java(133:36-133:37),"i"
421,LITERAL,"",Sociologia.java(133:22-133:34),"""Caso #%d\n"""
422,MEMBEREXPRESSION,"out",Sociologia.java(133:4-133:14),"System.out"
423,MEMBERCALLEXPRESSION,"nextInt",Sociologia.java(127:13-127:25),"in.nextInt()"
424,DECLAREDREFERENCEEXPRESSION,"nextInt",Sociologia.java(127:16-127:23),"nextInt"
425,DECLAREDREFERENCEEXPRESSION,"np",Sociologia.java(128:27-128:29),"np"
426,DECLAREDREFERENCEEXPRESSION,"Output",Sociologia.java(134:9-134:15),"Output"
427,METHODDECLARATION,"Output",,""
428,NEWEXPRESSION,"",Sociologia.java(128:17-128:30),"new Graph(np)"
429,CONSTRUCTEXPRESSION,"",Sociologia.java(128:17-128:30),"new Graph(np)"
430,CONSTRUCTORDECLARATION,"Graph",Prob19.java(28:5-33:6),"Graph(int n) {
	this.n = n;
	nodes  = new Node[n+1]; // +1 se os comecam em 1 ao inves de 0
	for (int i=1; i<=n; i++)
	    nodes[i] = new Node();
    }"
431,PARAMVARIABLEDECLARATION,"n",Prob19.java(28:11-28:16),"int n"
432,DECLAREDREFERENCEEXPRESSION,"novo",Sociologia.java(129:4-129:8),"novo"
433,DECLAREDREFERENCEEXPRESSION,"createGrafo",Sociologia.java(129:9-129:20),"createGrafo"
434,METHODDECLARATION,"createGrafo",,""
435,DECLAREDREFERENCEEXPRESSION,"novo",Sociologia.java(130:4-130:8),"novo"
436,DECLAREDREFERENCEEXPRESSION,"in",Sociologia.java(129:21-129:23),"in"
437,PARAMVARIABLEDECLARATION,"java.util.scanner0",,""
438,DECLAREDREFERENCEEXPRESSION,"DFS",Sociologia.java(130:9-130:12),"DFS"
439,METHODDECLARATION,"DFS",,""
440,NEWEXPRESSION,"",Sociologia.java(124:16-124:38),"new Scanner(System.in)"
441,CONSTRUCTEXPRESSION,"",Sociologia.java(124:16-124:38),"new Scanner(System.in)"
442,MEMBEREXPRESSION,"in",Sociologia.java(124:28-124:37),"System.in"
443,DECLAREDREFERENCEEXPRESSION,"in",Sociologia.java(125:16-125:18),"in"
444,MEMBERCALLEXPRESSION,"nextInt",Sociologia.java(125:16-125:28),"in.nextInt()"
445,DECLAREDREFERENCEEXPRESSION,"nextInt",Sociologia.java(125:19-125:26),"nextInt"
446,FIELDDECLARATION,"this",,""
447,FIELDDECLARATION,"no",Sociologia.java(7:2-7:9),"no"
448,FIELDDECLARATION,"tempof",Sociologia.java(8:2-8:13),"tempof"
449,FIELDDECLARATION,"adj",Sociologia.java(9:2-9:21),"adj"
450,FIELDDECLARATION,"visitado",Sociologia.java(10:2-10:19),"visitado"
451,METHODDECLARATION,"addLigacao",Sociologia.java(18:2-20:3),"void addLigacao(No x){
		adj.addLast(x);
	}"
452,CONSTRUCTORDECLARATION,"No",Sociologia.java(12:2-17:3),"No(int n){
		no = n;
		tempof = 0;
		adj = new LinkedList<No>();
		visitado = false;
	}"
453,COMPOUNDSTATEMENT,"",Sociologia.java(12:11-17:3),"{
		no = n;
		tempof = 0;
		adj = new LinkedList<No>();
		visitado = false;
	}"
454,PARAMVARIABLEDECLARATION,"n",Sociologia.java(12:5-12:10),"int n"
455,DECLAREDREFERENCEEXPRESSION,"this",Sociologia.java(13:3-13:5),"this"
456,RETURNSTATEMENT,"",,""
457,BINARYOPERATOR,"=",Sociologia.java(13:3-13:10),"no = n;"
458,BINARYOPERATOR,"=",Sociologia.java(14:3-14:14),"tempof = 0;"
459,BINARYOPERATOR,"=",Sociologia.java(15:3-15:30),"adj = new LinkedList<No>();"
460,BINARYOPERATOR,"=",Sociologia.java(16:3-16:20),"visitado = false;"
461,MEMBEREXPRESSION,"no",Sociologia.java(13:3-13:5),"no"
462,DECLAREDREFERENCEEXPRESSION,"n",Sociologia.java(13:8-13:9),"n"
463,DECLAREDREFERENCEEXPRESSION,"this",Sociologia.java(14:3-14:9),"this"
464,MEMBEREXPRESSION,"adj",Sociologia.java(15:3-15:6),"adj"
465,NEWEXPRESSION,"",Sociologia.java(15:9-15:29),"new LinkedList<No>()"
466,DECLAREDREFERENCEEXPRESSION,"this",Sociologia.java(16:3-16:11),"this"
467,CONSTRUCTEXPRESSION,"",Sociologia.java(15:9-15:29),"new LinkedList<No>()"
468,DECLAREDREFERENCEEXPRESSION,"this",Sociologia.java(15:3-15:6),"this"
469,MEMBEREXPRESSION,"tempof",Sociologia.java(14:3-14:9),"tempof"
470,LITERAL,"",Sociologia.java(14:12-14:13),"0"
471,MEMBEREXPRESSION,"visitado",Sociologia.java(16:3-16:11),"visitado"
472,LITERAL,"",Sociologia.java(16:14-16:19),"false"
473,VARIABLEDECLARATION,"this",,""
474,COMPOUNDSTATEMENT,"",Sociologia.java(18:23-20:3),"{
		adj.addLast(x);
	}"
475,PARAMVARIABLEDECLARATION,"x",Sociologia.java(18:18-18:22),"No x"
476,DECLAREDREFERENCEEXPRESSION,"this",Sociologia.java(19:3-19:6),"this"
477,RETURNSTATEMENT,"",,""
478,MEMBERCALLEXPRESSION,"addLast",Sociologia.java(19:3-19:18),"adj.addLast(x);"
479,DECLAREDREFERENCEEXPRESSION,"addLast",Sociologia.java(19:7-19:14),"addLast"
480,DECLAREDREFERENCEEXPRESSION,"x",Sociologia.java(19:15-19:16),"x"
481,MEMBEREXPRESSION,"adj",Sociologia.java(19:3-19:6),"adj"
