id,type,token,location,code
1,TRANSLATIONUNITDECLARATION,"/data/00000019/submissions/01489382_Sociologia_up200908399/Sociologia.java",,""
2,RECORDDECLARATION,"Arco",Sociologia.java(7:1-23:2),"class Arco {
    int no_final;
    int valor;
    
    Arco(int fim, int v){
	no_final = fim;
	valor = v;
    }

    int extremo_final() {
	return no_final;
    }

    int valor_arco() {
	return valor;
    }
}"
3,RECORDDECLARATION,"No",Sociologia.java(26:1-32:2),"class No {
    //int label;
    LinkedList<Arco> adjs;
    No() {
	adjs = new LinkedList<Arco>();
    }
}"
4,RECORDDECLARATION,"Grafo",Sociologia.java(35:1-70:2),"class Grafo {
    No verts[];
    int nvs, narcos;
			
    public Grafo(int n) {
	nvs = n;
	narcos = 0;
	verts  = new No[n+1];
	for (int i = 0 ; i <= n ; i++)
	    verts[i] = new No();
        // para vertices numerados de 1 a n (posicao 0 nao vai ser usada)
    }
    
    public int num_vertices(){
	return nvs;
    }

    public int num_arcos(){
	return narcos;
    }

    public LinkedList<Arco> adjs_no(int i) {
	return verts[i].adjs;
    }
    
    public void insert_new_arc(int i, int j, int valor_ij){
	verts[i].adjs.addFirst(new Arco(j,valor_ij));
        narcos++;
    }

    public Arco find_arc(int i, int j){
	for (Arco adj: adjs_no(i))
	    if (adj.extremo_final() == j) return adj;
	return null;
    }
}"
5,RECORDDECLARATION,"Sociologia",Sociologia.java(72:1-162:2),"class Sociologia {
	public static void main(String args[]){
		Scanner in = new Scanner(System.in);
		Grafo g;
		int casos = in.nextInt();
		for (int i = 0; i < casos; i++) {
			g = makeGraf(in);
			System.out.println(""Caso #""+(i+1));
			DFS(g);
		}
		
	}
	static Grafo makeGraf(Scanner in) {
		int nAlunos = in.nextInt();
		Grafo g = new Grafo(nAlunos);
		
		for (int i = 0; i < nAlunos; i++) {
			int aluno = in.nextInt();
			int amigos = in.nextInt();
				for (int j = 0; j < amigos; j++) {
				int amigo = in.nextInt();
				g.insert_new_arc(aluno, amigo, 0);
			}
		}
		
		return g;
	}
	
	static void DFS(Grafo g) {
		Stack<Integer> s = new Stack<Integer>();
		int visitados[] = new int[g.nvs+1];
		for (int i = 1; i <= g.nvs; i++) {
			if(visitados[i]==0){
				DFS_Visit(g, i, s, visitados);
			}
		}
		
		Grafo gt = gTransposto(g);
		int vis[] = new int[g.nvs+1];
		int pessoas = 0, quatro = 0;
		while(!s.isEmpty()) {
			int i = s.pop();
			if(vis[i]==0){
				int c = DFS_Transposto(gt, i,vis);
				if(c>=4) {
					quatro++;
				}
				else{
					pessoas+=c;
				}
			}
		}
		System.out.println(quatro + "" "" + pessoas);
	}
	
	static void DFS_Visit(Grafo g, int v, Stack<Integer> s, int[] visitados){
		visitados[v]=1;
		for (Arco a : g.adjs_no(v)) {
			int w = a.extremo_final();
			if(visitados[w]==0){
				DFS_Visit(g, w, s, visitados);
			}
		}
		s.push(v);
		
	}
	
	static int DFS_Transposto(Grafo g, int v, int[] visitados) {
		int c=1;
		visitados[v]=1;
		for (Arco a : g.adjs_no(v)) {
			int w = a.extremo_final();
			if(visitados[w]==0){
				c+=DFS_Transposto(g, w, visitados);
				
			}
		}
		return c;
	}
	
	static Grafo gTransposto(Grafo g){
		Grafo gt = new Grafo(g.nvs);
		for (int i = 1; i <= g.nvs; i++) {
			for (Arco a : g.adjs_no(i)) {
				int w = a.extremo_final();
				gt.insert_new_arc(w, i, 0);
			}
		}
		return gt;
	}
}"
6,INCLUDEDECLARATION,"java.util.LinkedList",,""
7,INCLUDEDECLARATION,"java.util.Scanner",,""
8,INCLUDEDECLARATION,"java.util.Stack",,""
9,FIELDDECLARATION,"this",,""
10,FIELDDECLARATION,"verts",Sociologia.java(36:5-36:16),"verts"
11,FIELDDECLARATION,"nvs",Sociologia.java(37:5-37:21),"nvs"
12,METHODDECLARATION,"num_vertices",Sociologia.java(48:5-50:6),"public int num_vertices(){
	return nvs;
    }"
13,METHODDECLARATION,"num_arcos",Sociologia.java(52:5-54:6),"public int num_arcos(){
	return narcos;
    }"
14,METHODDECLARATION,"adjs_no",Sociologia.java(56:5-58:6),"public LinkedList<Arco> adjs_no(int i) {
	return verts[i].adjs;
    }"
15,METHODDECLARATION,"insert_new_arc",Sociologia.java(60:5-63:6),"public void insert_new_arc(int i, int j, int valor_ij){
	verts[i].adjs.addFirst(new Arco(j,valor_ij));
        narcos++;
    }"
16,METHODDECLARATION,"find_arc",Sociologia.java(65:5-69:6),"public Arco find_arc(int i, int j){
	for (Arco adj: adjs_no(i))
	    if (adj.extremo_final() == j) return adj;
	return null;
    }"
17,CONSTRUCTORDECLARATION,"Grafo",Sociologia.java(39:5-46:6),"public Grafo(int n) {
	nvs = n;
	narcos = 0;
	verts  = new No[n+1];
	for (int i = 0 ; i <= n ; i++)
	    verts[i] = new No();
        // para vertices numerados de 1 a n (posicao 0 nao vai ser usada)
    }"
18,VARIABLEDECLARATION,"this",,""
19,COMPOUNDSTATEMENT,"",Sociologia.java(60:59-63:6),"{
	verts[i].adjs.addFirst(new Arco(j,valor_ij));
        narcos++;
    }"
20,PARAMVARIABLEDECLARATION,"i",Sociologia.java(60:32-60:37),"int i"
21,PARAMVARIABLEDECLARATION,"j",Sociologia.java(60:39-60:44),"int j"
22,PARAMVARIABLEDECLARATION,"valor_ij",Sociologia.java(60:46-60:58),"int valor_ij"
23,DECLAREDREFERENCEEXPRESSION,"this",Sociologia.java(61:2-61:7),"this"
24,RETURNSTATEMENT,"",,""
25,MEMBERCALLEXPRESSION,"addFirst",Sociologia.java(61:2-61:47),"verts[i].adjs.addFirst(new Arco(j,valor_ij));"
26,UNARYOPERATOR,"++",Sociologia.java(62:9-62:18),"narcos++;"
27,DECLAREDREFERENCEEXPRESSION,"addFirst",Sociologia.java(61:16-61:24),"addFirst"
28,DECLAREDREFERENCEEXPRESSION,"this",Sociologia.java(62:9-62:15),"this"
29,NEWEXPRESSION,"",Sociologia.java(61:25-61:45),"new Arco(j,valor_ij)"
30,MEMBEREXPRESSION,"adjs",Sociologia.java(61:2-61:15),"verts[i].adjs"
31,ARRAYSUBSCRIPTIONEXPRESSION,"",Sociologia.java(61:2-61:10),"verts[i]"
32,DECLAREDREFERENCEEXPRESSION,"j",Sociologia.java(61:34-61:35),"j"
33,MEMBEREXPRESSION,"verts",Sociologia.java(61:2-61:7),"verts"
34,DECLAREDREFERENCEEXPRESSION,"i",Sociologia.java(61:8-61:9),"i"
35,CONSTRUCTEXPRESSION,"",Sociologia.java(61:25-61:45),"new Arco(j,valor_ij)"
36,CONSTRUCTORDECLARATION,"Arco",main.java(153:2-156:3),"Arco(int fim, int v) {
		no_final = fim;
		valor = v;
	}"
37,DECLAREDREFERENCEEXPRESSION,"valor_ij",Sociologia.java(61:36-61:44),"valor_ij"
38,PARAMVARIABLEDECLARATION,"v",main.java(153:16-153:21),"int v"
39,PARAMVARIABLEDECLARATION,"fim",main.java(153:7-153:14),"int fim"
40,MEMBEREXPRESSION,"narcos",Sociologia.java(62:9-62:15),"narcos"
41,VARIABLEDECLARATION,"this",,""
42,COMPOUNDSTATEMENT,"",Sociologia.java(48:30-50:6),"{
	return nvs;
    }"
43,DECLAREDREFERENCEEXPRESSION,"this",Sociologia.java(49:9-49:12),"this"
44,RETURNSTATEMENT,"",Sociologia.java(49:2-49:13),"return nvs;"
45,MEMBEREXPRESSION,"nvs",Sociologia.java(49:9-49:12),"nvs"
46,VARIABLEDECLARATION,"this",,""
47,COMPOUNDSTATEMENT,"",Sociologia.java(56:44-58:6),"{
	return verts[i].adjs;
    }"
48,PARAMVARIABLEDECLARATION,"i",Sociologia.java(56:37-56:42),"int i"
49,DECLAREDREFERENCEEXPRESSION,"this",Sociologia.java(57:9-57:14),"this"
50,RETURNSTATEMENT,"",Sociologia.java(57:2-57:23),"return verts[i].adjs;"
51,MEMBEREXPRESSION,"adjs",Sociologia.java(57:9-57:22),"verts[i].adjs"
52,ARRAYSUBSCRIPTIONEXPRESSION,"",Sociologia.java(57:9-57:17),"verts[i]"
53,MEMBEREXPRESSION,"verts",Sociologia.java(57:9-57:14),"verts"
54,DECLAREDREFERENCEEXPRESSION,"i",Sociologia.java(57:15-57:16),"i"
55,COMPOUNDSTATEMENT,"",Sociologia.java(39:25-46:6),"{
	nvs = n;
	narcos = 0;
	verts  = new No[n+1];
	for (int i = 0 ; i <= n ; i++)
	    verts[i] = new No();
        // para vertices numerados de 1 a n (posicao 0 nao vai ser usada)
    }"
56,PARAMVARIABLEDECLARATION,"n",Sociologia.java(39:18-39:23),"int n"
57,DECLAREDREFERENCEEXPRESSION,"this",Sociologia.java(40:2-40:5),"this"
58,RETURNSTATEMENT,"",,""
59,BINARYOPERATOR,"=",Sociologia.java(40:2-40:10),"nvs = n;"
60,BINARYOPERATOR,"=",Sociologia.java(41:2-41:13),"narcos = 0;"
61,BINARYOPERATOR,"=",Sociologia.java(42:2-42:23),"verts  = new No[n+1];"
62,FORSTATEMENT,"",Sociologia.java(43:2-44:26),"for (int i = 0 ; i <= n ; i++)
	    verts[i] = new No();"
63,BINARYOPERATOR,"=",Sociologia.java(44:6-44:26),"verts[i] = new No();"
64,DECLARATIONSTATEMENT,"",Sociologia.java(43:7-43:16),"int i = 0"
65,BINARYOPERATOR,"<=",Sociologia.java(43:19-43:25),"i <= n"
66,UNARYOPERATOR,"++",Sociologia.java(43:28-43:31),"i++"
67,VARIABLEDECLARATION,"i",Sociologia.java(43:11-43:16),"i = 0"
68,DECLAREDREFERENCEEXPRESSION,"this",Sociologia.java(44:6-44:11),"this"
69,LITERAL,"",Sociologia.java(43:15-43:16),"0"
70,DECLAREDREFERENCEEXPRESSION,"i",Sociologia.java(43:19-43:20),"i"
71,DECLAREDREFERENCEEXPRESSION,"n",Sociologia.java(43:24-43:25),"n"
72,DECLAREDREFERENCEEXPRESSION,"i",Sociologia.java(43:28-43:29),"i"
73,ARRAYSUBSCRIPTIONEXPRESSION,"",Sociologia.java(44:6-44:14),"verts[i]"
74,NEWEXPRESSION,"",Sociologia.java(44:17-44:25),"new No()"
75,MEMBEREXPRESSION,"verts",Sociologia.java(44:6-44:11),"verts"
76,DECLAREDREFERENCEEXPRESSION,"i",Sociologia.java(44:12-44:13),"i"
77,CONSTRUCTEXPRESSION,"",Sociologia.java(44:17-44:25),"new No()"
78,CONSTRUCTORDECLARATION,"No",main.java(171:2-173:3),"No() {
		adjs = new LinkedList<Arco>();
	}"
79,MEMBEREXPRESSION,"verts",Sociologia.java(42:2-42:7),"verts"
80,ARRAYCREATIONEXPRESSION,"",Sociologia.java(42:11-42:22),"new No[n+1]"
81,DECLAREDREFERENCEEXPRESSION,"this",Sociologia.java(42:2-42:7),"this"
82,DECLAREDREFERENCEEXPRESSION,"n",Sociologia.java(42:18-42:19),"n"
83,BINARYOPERATOR,"+",Sociologia.java(42:18-42:21),"n+1"
84,LITERAL,"",Sociologia.java(42:20-42:21),"1"
85,MEMBEREXPRESSION,"narcos",Sociologia.java(41:2-41:8),"narcos"
86,LITERAL,"",Sociologia.java(41:11-41:12),"0"
87,DECLAREDREFERENCEEXPRESSION,"this",Sociologia.java(41:2-41:8),"this"
88,MEMBEREXPRESSION,"nvs",Sociologia.java(40:2-40:5),"nvs"
89,DECLAREDREFERENCEEXPRESSION,"n",Sociologia.java(40:8-40:9),"n"
90,VARIABLEDECLARATION,"this",,""
91,COMPOUNDSTATEMENT,"",Sociologia.java(52:27-54:6),"{
	return narcos;
    }"
92,DECLAREDREFERENCEEXPRESSION,"this",Sociologia.java(53:9-53:15),"this"
93,RETURNSTATEMENT,"",Sociologia.java(53:2-53:16),"return narcos;"
94,MEMBEREXPRESSION,"narcos",Sociologia.java(53:9-53:15),"narcos"
95,VARIABLEDECLARATION,"this",,""
96,COMPOUNDSTATEMENT,"",Sociologia.java(65:39-69:6),"{
	for (Arco adj: adjs_no(i))
	    if (adj.extremo_final() == j) return adj;
	return null;
    }"
97,PARAMVARIABLEDECLARATION,"i",Sociologia.java(65:26-65:31),"int i"
98,PARAMVARIABLEDECLARATION,"j",Sociologia.java(65:33-65:38),"int j"
99,DECLAREDREFERENCEEXPRESSION,"i",Sociologia.java(66:25-66:26),"i"
100,RETURNSTATEMENT,"",Sociologia.java(68:2-68:14),"return null;"
101,FOREACHSTATEMENT,"",Sociologia.java(66:2-67:47),"for (Arco adj: adjs_no(i))
	    if (adj.extremo_final() == j) return adj;"
102,DECLARATIONSTATEMENT,"",Sociologia.java(66:7-66:15),"Arco adj"
103,CALLEXPRESSION,"adjs_no",Sociologia.java(66:17-66:27),"adjs_no(i)"
104,IFSTATEMENT,"",Sociologia.java(67:6-67:47),"if (adj.extremo_final() == j) return adj;"
105,VARIABLEDECLARATION,"adj",Sociologia.java(66:12-66:15),"adj"
106,DECLAREDREFERENCEEXPRESSION,"adj",Sociologia.java(67:10-67:13),"adj"
107,LITERAL,"",Sociologia.java(68:9-68:13),"null"
108,UNINITIALIZEDVALUE,"Uninitialized Value",,""
109,METHODDECLARATION,"adjs_no",main.java(197:2-199:3),"public LinkedList<Arco> adjs_no(int i) {
		return verts[i].adjs;
	}"
110,PARAMVARIABLEDECLARATION,"i",main.java(197:34-197:39),"int i"
111,BINARYOPERATOR,"==",Sociologia.java(67:10-67:34),"adj.extremo_final() == j"
112,RETURNSTATEMENT,"",Sociologia.java(67:36-67:47),"return adj;"
113,DECLAREDREFERENCEEXPRESSION,"adj",Sociologia.java(67:43-67:46),"adj"
114,MEMBERCALLEXPRESSION,"extremo_final",Sociologia.java(67:10-67:29),"adj.extremo_final()"
115,DECLAREDREFERENCEEXPRESSION,"j",Sociologia.java(67:33-67:34),"j"
116,DECLAREDREFERENCEEXPRESSION,"extremo_final",Sociologia.java(67:14-67:27),"extremo_final"
117,METHODDECLARATION,"extremo_final",main.java(158:2-160:3),"int extremo_final() {
		return no_final;
	}"
118,FIELDDECLARATION,"this",,""
119,FIELDDECLARATION,"no_final",Sociologia.java(8:5-8:18),"no_final"
120,FIELDDECLARATION,"valor",Sociologia.java(9:5-9:15),"valor"
121,METHODDECLARATION,"extremo_final",Sociologia.java(16:5-18:6),"int extremo_final() {
	return no_final;
    }"
122,METHODDECLARATION,"valor_arco",Sociologia.java(20:5-22:6),"int valor_arco() {
	return valor;
    }"
123,CONSTRUCTORDECLARATION,"Arco",Sociologia.java(11:5-14:6),"Arco(int fim, int v){
	no_final = fim;
	valor = v;
    }"
124,COMPOUNDSTATEMENT,"",Sociologia.java(11:25-14:6),"{
	no_final = fim;
	valor = v;
    }"
125,PARAMVARIABLEDECLARATION,"fim",Sociologia.java(11:10-11:17),"int fim"
126,PARAMVARIABLEDECLARATION,"v",Sociologia.java(11:19-11:24),"int v"
127,DECLAREDREFERENCEEXPRESSION,"this",Sociologia.java(12:2-12:10),"this"
128,RETURNSTATEMENT,"",,""
129,BINARYOPERATOR,"=",Sociologia.java(12:2-12:17),"no_final = fim;"
130,BINARYOPERATOR,"=",Sociologia.java(13:2-13:12),"valor = v;"
131,MEMBEREXPRESSION,"valor",Sociologia.java(13:2-13:7),"valor"
132,DECLAREDREFERENCEEXPRESSION,"v",Sociologia.java(13:10-13:11),"v"
133,DECLAREDREFERENCEEXPRESSION,"this",Sociologia.java(13:2-13:7),"this"
134,MEMBEREXPRESSION,"no_final",Sociologia.java(12:2-12:10),"no_final"
135,DECLAREDREFERENCEEXPRESSION,"fim",Sociologia.java(12:13-12:16),"fim"
136,VARIABLEDECLARATION,"this",,""
137,COMPOUNDSTATEMENT,"",Sociologia.java(20:22-22:6),"{
	return valor;
    }"
138,DECLAREDREFERENCEEXPRESSION,"this",Sociologia.java(21:9-21:14),"this"
139,RETURNSTATEMENT,"",Sociologia.java(21:2-21:15),"return valor;"
140,MEMBEREXPRESSION,"valor",Sociologia.java(21:9-21:14),"valor"
141,VARIABLEDECLARATION,"this",,""
142,COMPOUNDSTATEMENT,"",Sociologia.java(16:25-18:6),"{
	return no_final;
    }"
143,DECLAREDREFERENCEEXPRESSION,"this",Sociologia.java(17:9-17:17),"this"
144,RETURNSTATEMENT,"",Sociologia.java(17:2-17:18),"return no_final;"
145,MEMBEREXPRESSION,"no_final",Sociologia.java(17:9-17:17),"no_final"
146,FIELDDECLARATION,"this",,""
147,FIELDDECLARATION,"adjs",Sociologia.java(28:5-28:27),"adjs"
148,CONSTRUCTORDECLARATION,"No",Sociologia.java(29:5-31:6),"No() {
	adjs = new LinkedList<Arco>();
    }"
149,COMPOUNDSTATEMENT,"",Sociologia.java(29:10-31:6),"{
	adjs = new LinkedList<Arco>();
    }"
150,DECLAREDREFERENCEEXPRESSION,"this",Sociologia.java(30:2-30:6),"this"
151,RETURNSTATEMENT,"",,""
152,BINARYOPERATOR,"=",Sociologia.java(30:2-30:32),"adjs = new LinkedList<Arco>();"
153,MEMBEREXPRESSION,"adjs",Sociologia.java(30:2-30:6),"adjs"
154,NEWEXPRESSION,"",Sociologia.java(30:9-30:31),"new LinkedList<Arco>()"
155,CONSTRUCTEXPRESSION,"",Sociologia.java(30:9-30:31),"new LinkedList<Arco>()"
156,FIELDDECLARATION,"this",,""
157,METHODDECLARATION,"main",Sociologia.java(73:2-83:3),"public static void main(String args[]){
		Scanner in = new Scanner(System.in);
		Grafo g;
		int casos = in.nextInt();
		for (int i = 0; i < casos; i++) {
			g = makeGraf(in);
			System.out.println(""Caso #""+(i+1));
			DFS(g);
		}
		
	}"
158,METHODDECLARATION,"makeGraf",Sociologia.java(84:2-98:3),"static Grafo makeGraf(Scanner in) {
		int nAlunos = in.nextInt();
		Grafo g = new Grafo(nAlunos);
		
		for (int i = 0; i < nAlunos; i++) {
			int aluno = in.nextInt();
			int amigos = in.nextInt();
				for (int j = 0; j < amigos; j++) {
				int amigo = in.nextInt();
				g.insert_new_arc(aluno, amigo, 0);
			}
		}
		
		return g;
	}"
159,METHODDECLARATION,"DFS",Sociologia.java(100:2-125:3),"static void DFS(Grafo g) {
		Stack<Integer> s = new Stack<Integer>();
		int visitados[] = new int[g.nvs+1];
		for (int i = 1; i <= g.nvs; i++) {
			if(visitados[i]==0){
				DFS_Visit(g, i, s, visitados);
			}
		}
		
		Grafo gt = gTransposto(g);
		int vis[] = new int[g.nvs+1];
		int pessoas = 0, quatro = 0;
		while(!s.isEmpty()) {
			int i = s.pop();
			if(vis[i]==0){
				int c = DFS_Transposto(gt, i,vis);
				if(c>=4) {
					quatro++;
				}
				else{
					pessoas+=c;
				}
			}
		}
		System.out.println(quatro + "" "" + pessoas);
	}"
160,METHODDECLARATION,"DFS_Visit",Sociologia.java(127:2-137:3),"static void DFS_Visit(Grafo g, int v, Stack<Integer> s, int[] visitados){
		visitados[v]=1;
		for (Arco a : g.adjs_no(v)) {
			int w = a.extremo_final();
			if(visitados[w]==0){
				DFS_Visit(g, w, s, visitados);
			}
		}
		s.push(v);
		
	}"
161,METHODDECLARATION,"DFS_Transposto",Sociologia.java(139:2-150:3),"static int DFS_Transposto(Grafo g, int v, int[] visitados) {
		int c=1;
		visitados[v]=1;
		for (Arco a : g.adjs_no(v)) {
			int w = a.extremo_final();
			if(visitados[w]==0){
				c+=DFS_Transposto(g, w, visitados);
				
			}
		}
		return c;
	}"
162,METHODDECLARATION,"gTransposto",Sociologia.java(152:2-161:3),"static Grafo gTransposto(Grafo g){
		Grafo gt = new Grafo(g.nvs);
		for (int i = 1; i <= g.nvs; i++) {
			for (Arco a : g.adjs_no(i)) {
				int w = a.extremo_final();
				gt.insert_new_arc(w, i, 0);
			}
		}
		return gt;
	}"
163,CONSTRUCTORDECLARATION,"Sociologia",,""
164,VARIABLEDECLARATION,"this",,""
165,COMPOUNDSTATEMENT,"",Sociologia.java(152:35-161:3),"{
		Grafo gt = new Grafo(g.nvs);
		for (int i = 1; i <= g.nvs; i++) {
			for (Arco a : g.adjs_no(i)) {
				int w = a.extremo_final();
				gt.insert_new_arc(w, i, 0);
			}
		}
		return gt;
	}"
166,PARAMVARIABLEDECLARATION,"g",Sociologia.java(152:27-152:34),"Grafo g"
167,DECLAREDREFERENCEEXPRESSION,"g",Sociologia.java(153:24-153:25),"g"
168,RETURNSTATEMENT,"",Sociologia.java(160:3-160:13),"return gt;"
169,DECLARATIONSTATEMENT,"",Sociologia.java(153:3-153:31),"Grafo gt = new Grafo(g.nvs);"
170,FORSTATEMENT,"",Sociologia.java(154:3-159:4),"for (int i = 1; i <= g.nvs; i++) {
			for (Arco a : g.adjs_no(i)) {
				int w = a.extremo_final();
				gt.insert_new_arc(w, i, 0);
			}
		}"
171,VARIABLEDECLARATION,"gt",Sociologia.java(153:9-153:30),"gt = new Grafo(g.nvs)"
172,NEWEXPRESSION,"",Sociologia.java(153:14-153:30),"new Grafo(g.nvs)"
173,CONSTRUCTEXPRESSION,"",Sociologia.java(153:14-153:30),"new Grafo(g.nvs)"
174,CONSTRUCTORDECLARATION,"Grafo",main.java(180:2-187:3),"public Grafo(int n) {
		nvs = n;
		narcos = 0;
		verts = new No[n + 1];
		for (int i = 0; i <= n; i++)
			verts[i] = new No();
		// para vertices numerados de 1 a n (posicao 0 nao vai ser usada)
	}"
175,MEMBEREXPRESSION,"nvs",Sociologia.java(153:24-153:29),"g.nvs"
176,PARAMVARIABLEDECLARATION,"n",main.java(180:15-180:20),"int n"
177,LITERAL,"",Sociologia.java(154:16-154:17),"1"
178,COMPOUNDSTATEMENT,"",Sociologia.java(154:36-159:4),"{
			for (Arco a : g.adjs_no(i)) {
				int w = a.extremo_final();
				gt.insert_new_arc(w, i, 0);
			}
		}"
179,DECLARATIONSTATEMENT,"",Sociologia.java(154:8-154:17),"int i = 1"
180,BINARYOPERATOR,"<=",Sociologia.java(154:19-154:29),"i <= g.nvs"
181,UNARYOPERATOR,"++",Sociologia.java(154:31-154:34),"i++"
182,VARIABLEDECLARATION,"i",Sociologia.java(154:12-154:17),"i = 1"
183,DECLAREDREFERENCEEXPRESSION,"g",Sociologia.java(155:18-155:19),"g"
184,DECLAREDREFERENCEEXPRESSION,"gt",Sociologia.java(160:10-160:12),"gt"
185,DECLAREDREFERENCEEXPRESSION,"i",Sociologia.java(154:19-154:20),"i"
186,MEMBEREXPRESSION,"nvs",Sociologia.java(154:24-154:29),"g.nvs"
187,DECLAREDREFERENCEEXPRESSION,"g",Sociologia.java(154:24-154:25),"g"
188,FOREACHSTATEMENT,"",Sociologia.java(155:4-158:5),"for (Arco a : g.adjs_no(i)) {
				int w = a.extremo_final();
				gt.insert_new_arc(w, i, 0);
			}"
189,DECLAREDREFERENCEEXPRESSION,"i",Sociologia.java(154:31-154:32),"i"
190,DECLARATIONSTATEMENT,"",Sociologia.java(155:9-155:15),"Arco a"
191,MEMBERCALLEXPRESSION,"adjs_no",Sociologia.java(155:18-155:30),"g.adjs_no(i)"
192,COMPOUNDSTATEMENT,"",Sociologia.java(155:32-158:5),"{
				int w = a.extremo_final();
				gt.insert_new_arc(w, i, 0);
			}"
193,VARIABLEDECLARATION,"a",Sociologia.java(155:14-155:15),"a"
194,DECLAREDREFERENCEEXPRESSION,"a",Sociologia.java(156:13-156:14),"a"
195,UNINITIALIZEDVALUE,"Uninitialized Value",,""
196,DECLAREDREFERENCEEXPRESSION,"adjs_no",Sociologia.java(155:20-155:27),"adjs_no"
197,DECLAREDREFERENCEEXPRESSION,"i",Sociologia.java(155:28-155:29),"i"
198,DECLARATIONSTATEMENT,"",Sociologia.java(156:5-156:31),"int w = a.extremo_final();"
199,MEMBERCALLEXPRESSION,"insert_new_arc",Sociologia.java(157:5-157:32),"gt.insert_new_arc(w, i, 0);"
200,VARIABLEDECLARATION,"w",Sociologia.java(156:9-156:30),"w = a.extremo_final()"
201,DECLAREDREFERENCEEXPRESSION,"insert_new_arc",Sociologia.java(157:8-157:22),"insert_new_arc"
202,METHODDECLARATION,"insert_new_arc",main.java(201:2-204:3),"public void insert_new_arc(int i, int j, int valor_ij) {
		verts[i].adjs.addFirst(new Arco(j, valor_ij));
		narcos++;
	}"
203,LITERAL,"",Sociologia.java(157:29-157:30),"0"
204,PARAMVARIABLEDECLARATION,"valor_ij",main.java(201:43-201:55),"int valor_ij"
205,DECLAREDREFERENCEEXPRESSION,"i",Sociologia.java(157:26-157:27),"i"
206,PARAMVARIABLEDECLARATION,"j",main.java(201:36-201:41),"int j"
207,DECLAREDREFERENCEEXPRESSION,"w",Sociologia.java(157:23-157:24),"w"
208,PARAMVARIABLEDECLARATION,"i",main.java(201:29-201:34),"int i"
209,DECLAREDREFERENCEEXPRESSION,"gt",Sociologia.java(157:5-157:7),"gt"
210,MEMBERCALLEXPRESSION,"extremo_final",Sociologia.java(156:13-156:30),"a.extremo_final()"
211,DECLAREDREFERENCEEXPRESSION,"extremo_final",Sociologia.java(156:15-156:28),"extremo_final"
212,VARIABLEDECLARATION,"this",,""
213,COMPOUNDSTATEMENT,"",Sociologia.java(139:61-150:3),"{
		int c=1;
		visitados[v]=1;
		for (Arco a : g.adjs_no(v)) {
			int w = a.extremo_final();
			if(visitados[w]==0){
				c+=DFS_Transposto(g, w, visitados);
				
			}
		}
		return c;
	}"
214,PARAMVARIABLEDECLARATION,"g",Sociologia.java(139:28-139:35),"Grafo g"
215,PARAMVARIABLEDECLARATION,"v",Sociologia.java(139:37-139:42),"int v"
216,PARAMVARIABLEDECLARATION,"visitados",Sociologia.java(139:44-139:59),"int[] visitados"
217,LITERAL,"",Sociologia.java(140:9-140:10),"1"
218,RETURNSTATEMENT,"",Sociologia.java(149:3-149:12),"return c;"
219,DECLARATIONSTATEMENT,"",Sociologia.java(140:3-140:11),"int c=1;"
220,BINARYOPERATOR,"=",Sociologia.java(141:3-141:18),"visitados[v]=1;"
221,FOREACHSTATEMENT,"",Sociologia.java(142:3-148:4),"for (Arco a : g.adjs_no(v)) {
			int w = a.extremo_final();
			if(visitados[w]==0){
				c+=DFS_Transposto(g, w, visitados);
				
			}
		}"
222,VARIABLEDECLARATION,"c",Sociologia.java(140:7-140:10),"c=1"
223,DECLAREDREFERENCEEXPRESSION,"visitados",Sociologia.java(141:3-141:12),"visitados"
224,ARRAYSUBSCRIPTIONEXPRESSION,"",Sociologia.java(141:3-141:15),"visitados[v]"
225,LITERAL,"",Sociologia.java(141:16-141:17),"1"
226,DECLAREDREFERENCEEXPRESSION,"g",Sociologia.java(142:17-142:18),"g"
227,DECLAREDREFERENCEEXPRESSION,"v",Sociologia.java(141:13-141:14),"v"
228,DECLARATIONSTATEMENT,"",Sociologia.java(142:8-142:14),"Arco a"
229,MEMBERCALLEXPRESSION,"adjs_no",Sociologia.java(142:17-142:29),"g.adjs_no(v)"
230,COMPOUNDSTATEMENT,"",Sociologia.java(142:31-148:4),"{
			int w = a.extremo_final();
			if(visitados[w]==0){
				c+=DFS_Transposto(g, w, visitados);
				
			}
		}"
231,VARIABLEDECLARATION,"a",Sociologia.java(142:13-142:14),"a"
232,DECLAREDREFERENCEEXPRESSION,"a",Sociologia.java(143:12-143:13),"a"
233,DECLAREDREFERENCEEXPRESSION,"c",Sociologia.java(149:10-149:11),"c"
234,UNINITIALIZEDVALUE,"Uninitialized Value",,""
235,DECLARATIONSTATEMENT,"",Sociologia.java(143:4-143:30),"int w = a.extremo_final();"
236,IFSTATEMENT,"",Sociologia.java(144:4-147:5),"if(visitados[w]==0){
				c+=DFS_Transposto(g, w, visitados);
				
			}"
237,VARIABLEDECLARATION,"w",Sociologia.java(143:8-143:29),"w = a.extremo_final()"
238,COMPOUNDSTATEMENT,"",Sociologia.java(144:23-147:5),"{
				c+=DFS_Transposto(g, w, visitados);
				
			}"
239,MEMBERCALLEXPRESSION,"extremo_final",Sociologia.java(143:12-143:29),"a.extremo_final()"
240,DECLAREDREFERENCEEXPRESSION,"extremo_final",Sociologia.java(143:14-143:27),"extremo_final"
241,DECLAREDREFERENCEEXPRESSION,"visitados",Sociologia.java(144:7-144:16),"visitados"
242,BINARYOPERATOR,"==",Sociologia.java(144:7-144:22),"visitados[w]==0"
243,DECLAREDREFERENCEEXPRESSION,"c",Sociologia.java(145:5-145:6),"c"
244,BINARYOPERATOR,"+=",Sociologia.java(145:5-145:40),"c+=DFS_Transposto(g, w, visitados);"
245,CALLEXPRESSION,"DFS_Transposto",Sociologia.java(145:8-145:39),"DFS_Transposto(g, w, visitados)"
246,METHODDECLARATION,"DFS_Transposto",,""
247,DECLAREDREFERENCEEXPRESSION,"g",Sociologia.java(145:23-145:24),"g"
248,DECLAREDREFERENCEEXPRESSION,"w",Sociologia.java(145:26-145:27),"w"
249,DECLAREDREFERENCEEXPRESSION,"visitados",Sociologia.java(145:29-145:38),"visitados"
250,PARAMVARIABLEDECLARATION,"intPtr2",,""
251,PARAMVARIABLEDECLARATION,"int1",,""
252,PARAMVARIABLEDECLARATION,"grafo0",,""
253,ARRAYSUBSCRIPTIONEXPRESSION,"",Sociologia.java(144:7-144:19),"visitados[w]"
254,LITERAL,"",Sociologia.java(144:21-144:22),"0"
255,DECLAREDREFERENCEEXPRESSION,"w",Sociologia.java(144:17-144:18),"w"
256,DECLAREDREFERENCEEXPRESSION,"adjs_no",Sociologia.java(142:19-142:26),"adjs_no"
257,DECLAREDREFERENCEEXPRESSION,"v",Sociologia.java(142:27-142:28),"v"
258,VARIABLEDECLARATION,"this",,""
259,COMPOUNDSTATEMENT,"",Sociologia.java(73:40-83:3),"{
		Scanner in = new Scanner(System.in);
		Grafo g;
		int casos = in.nextInt();
		for (int i = 0; i < casos; i++) {
			g = makeGraf(in);
			System.out.println(""Caso #""+(i+1));
			DFS(g);
		}
		
	}"
260,PARAMVARIABLEDECLARATION,"args",Sociologia.java(73:26-73:39),"String args[]"
261,DECLAREDREFERENCEEXPRESSION,"System",Sociologia.java(74:28-74:34),"System"
262,RETURNSTATEMENT,"",,""
263,DECLARATIONSTATEMENT,"",Sociologia.java(74:3-74:39),"Scanner in = new Scanner(System.in);"
264,DECLARATIONSTATEMENT,"",Sociologia.java(75:3-75:11),"Grafo g;"
265,DECLARATIONSTATEMENT,"",Sociologia.java(76:3-76:28),"int casos = in.nextInt();"
266,FORSTATEMENT,"",Sociologia.java(77:3-81:4),"for (int i = 0; i < casos; i++) {
			g = makeGraf(in);
			System.out.println(""Caso #""+(i+1));
			DFS(g);
		}"
267,VARIABLEDECLARATION,"in",Sociologia.java(74:11-74:38),"in = new Scanner(System.in)"
268,VARIABLEDECLARATION,"g",Sociologia.java(75:9-75:10),"g"
269,VARIABLEDECLARATION,"casos",Sociologia.java(76:7-76:27),"casos = in.nextInt()"
270,UNINITIALIZEDVALUE,"Uninitialized Value",,""
271,LITERAL,"",Sociologia.java(77:16-77:17),"0"
272,DECLAREDREFERENCEEXPRESSION,"in",Sociologia.java(76:15-76:17),"in"
273,COMPOUNDSTATEMENT,"",Sociologia.java(77:35-81:4),"{
			g = makeGraf(in);
			System.out.println(""Caso #""+(i+1));
			DFS(g);
		}"
274,DECLARATIONSTATEMENT,"",Sociologia.java(77:8-77:17),"int i = 0"
275,BINARYOPERATOR,"<",Sociologia.java(77:19-77:28),"i < casos"
276,UNARYOPERATOR,"++",Sociologia.java(77:30-77:33),"i++"
277,VARIABLEDECLARATION,"i",Sociologia.java(77:12-77:17),"i = 0"
278,DECLAREDREFERENCEEXPRESSION,"g",Sociologia.java(78:4-78:5),"g"
279,DECLAREDREFERENCEEXPRESSION,"i",Sociologia.java(77:30-77:31),"i"
280,DECLAREDREFERENCEEXPRESSION,"i",Sociologia.java(77:19-77:20),"i"
281,BINARYOPERATOR,"=",Sociologia.java(78:4-78:21),"g = makeGraf(in);"
282,MEMBERCALLEXPRESSION,"println",Sociologia.java(79:4-79:39),"System.out.println(""Caso #""+(i+1));"
283,CALLEXPRESSION,"DFS",Sociologia.java(80:4-80:11),"DFS(g);"
284,DECLAREDREFERENCEEXPRESSION,"println",Sociologia.java(79:15-79:22),"println"
285,DECLAREDREFERENCEEXPRESSION,"g",Sociologia.java(80:8-80:9),"g"
286,BINARYOPERATOR,"+",Sociologia.java(79:23-79:37),"""Caso #""+(i+1)"
287,MEMBEREXPRESSION,"out",Sociologia.java(79:4-79:14),"System.out"
288,DECLAREDREFERENCEEXPRESSION,"System",Sociologia.java(79:4-79:10),"System"
289,LITERAL,"",Sociologia.java(79:23-79:31),"""Caso #"""
290,BINARYOPERATOR,"+",Sociologia.java(79:33-79:36),"i+1"
291,DECLAREDREFERENCEEXPRESSION,"i",Sociologia.java(79:33-79:34),"i"
292,LITERAL,"",Sociologia.java(79:35-79:36),"1"
293,METHODDECLARATION,"DFS",,""
294,PARAMVARIABLEDECLARATION,"grafo0",,""
295,CALLEXPRESSION,"makeGraf",Sociologia.java(78:8-78:20),"makeGraf(in)"
296,DECLAREDREFERENCEEXPRESSION,"in",Sociologia.java(78:17-78:19),"in"
297,METHODDECLARATION,"makeGraf",,""
298,PARAMVARIABLEDECLARATION,"java.util.scanner0",,""
299,DECLAREDREFERENCEEXPRESSION,"casos",Sociologia.java(77:23-77:28),"casos"
300,NEWEXPRESSION,"",Sociologia.java(74:16-74:38),"new Scanner(System.in)"
301,CONSTRUCTEXPRESSION,"",Sociologia.java(74:16-74:38),"new Scanner(System.in)"
302,MEMBEREXPRESSION,"in",Sociologia.java(74:28-74:37),"System.in"
303,MEMBERCALLEXPRESSION,"nextInt",Sociologia.java(76:15-76:27),"in.nextInt()"
304,DECLAREDREFERENCEEXPRESSION,"nextInt",Sociologia.java(76:18-76:25),"nextInt"
305,VARIABLEDECLARATION,"this",,""
306,COMPOUNDSTATEMENT,"",Sociologia.java(100:27-125:3),"{
		Stack<Integer> s = new Stack<Integer>();
		int visitados[] = new int[g.nvs+1];
		for (int i = 1; i <= g.nvs; i++) {
			if(visitados[i]==0){
				DFS_Visit(g, i, s, visitados);
			}
		}
		
		Grafo gt = gTransposto(g);
		int vis[] = new int[g.nvs+1];
		int pessoas = 0, quatro = 0;
		while(!s.isEmpty()) {
			int i = s.pop();
			if(vis[i]==0){
				int c = DFS_Transposto(gt, i,vis);
				if(c>=4) {
					quatro++;
				}
				else{
					pessoas+=c;
				}
			}
		}
		System.out.println(quatro + "" "" + pessoas);
	}"
307,PARAMVARIABLEDECLARATION,"g",Sociologia.java(100:18-100:25),"Grafo g"
308,CONSTRUCTEXPRESSION,"",Sociologia.java(101:22-101:42),"new Stack<Integer>()"
309,RETURNSTATEMENT,"",,""
310,DECLARATIONSTATEMENT,"",Sociologia.java(101:3-101:43),"Stack<Integer> s = new Stack<Integer>();"
311,DECLARATIONSTATEMENT,"",Sociologia.java(102:3-102:38),"int visitados[] = new int[g.nvs+1];"
312,FORSTATEMENT,"",Sociologia.java(103:3-107:4),"for (int i = 1; i <= g.nvs; i++) {
			if(visitados[i]==0){
				DFS_Visit(g, i, s, visitados);
			}
		}"
313,DECLARATIONSTATEMENT,"",Sociologia.java(109:3-109:29),"Grafo gt = gTransposto(g);"
314,DECLARATIONSTATEMENT,"",Sociologia.java(110:3-110:32),"int vis[] = new int[g.nvs+1];"
315,DECLARATIONSTATEMENT,"",Sociologia.java(111:3-111:31),"int pessoas = 0, quatro = 0;"
316,WHILESTATEMENT,"",Sociologia.java(112:3-123:4),"while(!s.isEmpty()) {
			int i = s.pop();
			if(vis[i]==0){
				int c = DFS_Transposto(gt, i,vis);
				if(c>=4) {
					quatro++;
				}
				else{
					pessoas+=c;
				}
			}
		}"
317,MEMBERCALLEXPRESSION,"println",Sociologia.java(124:3-124:46),"System.out.println(quatro + "" "" + pessoas);"
318,VARIABLEDECLARATION,"s",Sociologia.java(101:18-101:42),"s = new Stack<Integer>()"
319,VARIABLEDECLARATION,"visitados",Sociologia.java(102:7-102:37),"visitados[] = new int[g.nvs+1]"
320,VARIABLEDECLARATION,"gt",Sociologia.java(109:9-109:28),"gt = gTransposto(g)"
321,VARIABLEDECLARATION,"vis",Sociologia.java(110:7-110:31),"vis[] = new int[g.nvs+1]"
322,VARIABLEDECLARATION,"pessoas",Sociologia.java(111:7-111:18),"pessoas = 0"
323,VARIABLEDECLARATION,"quatro",Sociologia.java(111:20-111:30),"quatro = 0"
324,LITERAL,"",Sociologia.java(111:17-111:18),"0"
325,DECLAREDREFERENCEEXPRESSION,"g",Sociologia.java(102:29-102:30),"g"
326,CALLEXPRESSION,"gTransposto",Sociologia.java(109:14-109:28),"gTransposto(g)"
327,METHODDECLARATION,"gTransposto",,""
328,DECLAREDREFERENCEEXPRESSION,"g",Sociologia.java(109:26-109:27),"g"
329,PARAMVARIABLEDECLARATION,"grafo0",,""
330,DECLAREDREFERENCEEXPRESSION,"g",Sociologia.java(110:23-110:24),"g"
331,DECLAREDREFERENCEEXPRESSION,"s",Sociologia.java(112:10-112:11),"s"
332,COMPOUNDSTATEMENT,"",Sociologia.java(103:36-107:4),"{
			if(visitados[i]==0){
				DFS_Visit(g, i, s, visitados);
			}
		}"
333,DECLARATIONSTATEMENT,"",Sociologia.java(103:8-103:17),"int i = 1"
334,BINARYOPERATOR,"<=",Sociologia.java(103:19-103:29),"i <= g.nvs"
335,UNARYOPERATOR,"++",Sociologia.java(103:31-103:34),"i++"
336,VARIABLEDECLARATION,"i",Sociologia.java(103:12-103:17),"i = 1"
337,DECLAREDREFERENCEEXPRESSION,"visitados",Sociologia.java(104:7-104:16),"visitados"
338,IFSTATEMENT,"",Sociologia.java(104:4-106:5),"if(visitados[i]==0){
				DFS_Visit(g, i, s, visitados);
			}"
339,DECLAREDREFERENCEEXPRESSION,"i",Sociologia.java(103:31-103:32),"i"
340,COMPOUNDSTATEMENT,"",Sociologia.java(104:23-106:5),"{
				DFS_Visit(g, i, s, visitados);
			}"
341,BINARYOPERATOR,"==",Sociologia.java(104:7-104:22),"visitados[i]==0"
342,DECLAREDREFERENCEEXPRESSION,"g",Sociologia.java(105:15-105:16),"g"
343,CALLEXPRESSION,"DFS_Visit",Sociologia.java(105:5-105:35),"DFS_Visit(g, i, s, visitados);"
344,METHODDECLARATION,"DFS_Visit",,""
345,DECLAREDREFERENCEEXPRESSION,"i",Sociologia.java(105:18-105:19),"i"
346,DECLAREDREFERENCEEXPRESSION,"s",Sociologia.java(105:21-105:22),"s"
347,DECLAREDREFERENCEEXPRESSION,"visitados",Sociologia.java(105:24-105:33),"visitados"
348,PARAMVARIABLEDECLARATION,"intPtr3",,""
349,PARAMVARIABLEDECLARATION,"int1",,""
350,PARAMVARIABLEDECLARATION,"grafo0",,""
351,PARAMVARIABLEDECLARATION,"java.util.stack2",,""
352,ARRAYSUBSCRIPTIONEXPRESSION,"",Sociologia.java(104:7-104:19),"visitados[i]"
353,LITERAL,"",Sociologia.java(104:21-104:22),"0"
354,DECLAREDREFERENCEEXPRESSION,"i",Sociologia.java(104:17-104:18),"i"
355,LITERAL,"",Sociologia.java(103:16-103:17),"1"
356,DECLAREDREFERENCEEXPRESSION,"i",Sociologia.java(103:19-103:20),"i"
357,MEMBEREXPRESSION,"nvs",Sociologia.java(103:24-103:29),"g.nvs"
358,DECLAREDREFERENCEEXPRESSION,"g",Sociologia.java(103:24-103:25),"g"
359,UNARYOPERATOR,"!",Sociologia.java(112:9-112:21),"!s.isEmpty()"
360,COMPOUNDSTATEMENT,"",Sociologia.java(112:23-123:4),"{
			int i = s.pop();
			if(vis[i]==0){
				int c = DFS_Transposto(gt, i,vis);
				if(c>=4) {
					quatro++;
				}
				else{
					pessoas+=c;
				}
			}
		}"
361,DECLAREDREFERENCEEXPRESSION,"s",Sociologia.java(113:12-113:13),"s"
362,DECLAREDREFERENCEEXPRESSION,"System",Sociologia.java(124:3-124:9),"System"
363,MEMBERCALLEXPRESSION,"isEmpty",Sociologia.java(112:10-112:21),"s.isEmpty()"
364,DECLAREDREFERENCEEXPRESSION,"isEmpty",Sociologia.java(112:12-112:19),"isEmpty"
365,DECLARATIONSTATEMENT,"",Sociologia.java(113:4-113:20),"int i = s.pop();"
366,IFSTATEMENT,"",Sociologia.java(114:4-122:5),"if(vis[i]==0){
				int c = DFS_Transposto(gt, i,vis);
				if(c>=4) {
					quatro++;
				}
				else{
					pessoas+=c;
				}
			}"
367,VARIABLEDECLARATION,"i",Sociologia.java(113:8-113:19),"i = s.pop()"
368,COMPOUNDSTATEMENT,"",Sociologia.java(114:17-122:5),"{
				int c = DFS_Transposto(gt, i,vis);
				if(c>=4) {
					quatro++;
				}
				else{
					pessoas+=c;
				}
			}"
369,MEMBERCALLEXPRESSION,"pop",Sociologia.java(113:12-113:19),"s.pop()"
370,DECLAREDREFERENCEEXPRESSION,"pop",Sociologia.java(113:14-113:17),"pop"
371,BINARYOPERATOR,"==",Sociologia.java(114:7-114:16),"vis[i]==0"
372,DECLAREDREFERENCEEXPRESSION,"gt",Sociologia.java(115:28-115:30),"gt"
373,DECLARATIONSTATEMENT,"",Sociologia.java(115:5-115:39),"int c = DFS_Transposto(gt, i,vis);"
374,IFSTATEMENT,"",Sociologia.java(116:5-121:6),"if(c>=4) {
					quatro++;
				}
				else{
					pessoas+=c;
				}"
375,VARIABLEDECLARATION,"c",Sociologia.java(115:9-115:38),"c = DFS_Transposto(gt, i,vis)"
376,COMPOUNDSTATEMENT,"",Sociologia.java(116:14-118:6),"{
					quatro++;
				}"
377,COMPOUNDSTATEMENT,"",Sociologia.java(119:9-121:6),"{
					pessoas+=c;
				}"
378,BINARYOPERATOR,">=",Sociologia.java(116:8-116:12),"c>=4"
379,DECLAREDREFERENCEEXPRESSION,"quatro",Sociologia.java(117:6-117:12),"quatro"
380,DECLAREDREFERENCEEXPRESSION,"pessoas",Sociologia.java(120:6-120:13),"pessoas"
381,DECLAREDREFERENCEEXPRESSION,"c",Sociologia.java(116:8-116:9),"c"
382,LITERAL,"",Sociologia.java(116:11-116:12),"4"
383,BINARYOPERATOR,"+=",Sociologia.java(120:6-120:17),"pessoas+=c;"
384,DECLAREDREFERENCEEXPRESSION,"c",Sociologia.java(120:15-120:16),"c"
385,UNARYOPERATOR,"++",Sociologia.java(117:6-117:15),"quatro++;"
386,CALLEXPRESSION,"DFS_Transposto",Sociologia.java(115:13-115:38),"DFS_Transposto(gt, i,vis)"
387,DECLAREDREFERENCEEXPRESSION,"i",Sociologia.java(115:32-115:33),"i"
388,DECLAREDREFERENCEEXPRESSION,"vis",Sociologia.java(115:34-115:37),"vis"
389,ARRAYSUBSCRIPTIONEXPRESSION,"",Sociologia.java(114:7-114:13),"vis[i]"
390,LITERAL,"",Sociologia.java(114:15-114:16),"0"
391,DECLAREDREFERENCEEXPRESSION,"vis",Sociologia.java(114:7-114:10),"vis"
392,DECLAREDREFERENCEEXPRESSION,"i",Sociologia.java(114:11-114:12),"i"
393,ARRAYCREATIONEXPRESSION,"",Sociologia.java(110:15-110:31),"new int[g.nvs+1]"
394,BINARYOPERATOR,"+",Sociologia.java(110:23-110:30),"g.nvs+1"
395,MEMBEREXPRESSION,"nvs",Sociologia.java(110:23-110:28),"g.nvs"
396,LITERAL,"",Sociologia.java(110:29-110:30),"1"
397,NEWEXPRESSION,"",Sociologia.java(101:22-101:42),"new Stack<Integer>()"
398,ARRAYCREATIONEXPRESSION,"",Sociologia.java(102:21-102:37),"new int[g.nvs+1]"
399,BINARYOPERATOR,"+",Sociologia.java(102:29-102:36),"g.nvs+1"
400,MEMBEREXPRESSION,"nvs",Sociologia.java(102:29-102:34),"g.nvs"
401,LITERAL,"",Sociologia.java(102:35-102:36),"1"
402,LITERAL,"",Sociologia.java(111:29-111:30),"0"
403,DECLAREDREFERENCEEXPRESSION,"println",Sociologia.java(124:14-124:21),"println"
404,BINARYOPERATOR,"+",Sociologia.java(124:22-124:44),"quatro + "" "" + pessoas"
405,BINARYOPERATOR,"+",Sociologia.java(124:22-124:34),"quatro + "" """
406,DECLAREDREFERENCEEXPRESSION,"pessoas",Sociologia.java(124:37-124:44),"pessoas"
407,DECLAREDREFERENCEEXPRESSION,"quatro",Sociologia.java(124:22-124:28),"quatro"
408,LITERAL,"",Sociologia.java(124:31-124:34),""" """
409,MEMBEREXPRESSION,"out",Sociologia.java(124:3-124:13),"System.out"
410,VARIABLEDECLARATION,"this",,""
411,COMPOUNDSTATEMENT,"",Sociologia.java(127:74-137:3),"{
		visitados[v]=1;
		for (Arco a : g.adjs_no(v)) {
			int w = a.extremo_final();
			if(visitados[w]==0){
				DFS_Visit(g, w, s, visitados);
			}
		}
		s.push(v);
		
	}"
412,PARAMVARIABLEDECLARATION,"g",Sociologia.java(127:24-127:31),"Grafo g"
413,PARAMVARIABLEDECLARATION,"v",Sociologia.java(127:33-127:38),"int v"
414,PARAMVARIABLEDECLARATION,"s",Sociologia.java(127:40-127:56),"Stack<Integer> s"
415,PARAMVARIABLEDECLARATION,"visitados",Sociologia.java(127:58-127:73),"int[] visitados"
416,DECLAREDREFERENCEEXPRESSION,"visitados",Sociologia.java(128:3-128:12),"visitados"
417,RETURNSTATEMENT,"",,""
418,BINARYOPERATOR,"=",Sociologia.java(128:3-128:18),"visitados[v]=1;"
419,FOREACHSTATEMENT,"",Sociologia.java(129:3-134:4),"for (Arco a : g.adjs_no(v)) {
			int w = a.extremo_final();
			if(visitados[w]==0){
				DFS_Visit(g, w, s, visitados);
			}
		}"
420,MEMBERCALLEXPRESSION,"push",Sociologia.java(135:3-135:13),"s.push(v);"
421,DECLAREDREFERENCEEXPRESSION,"push",Sociologia.java(135:5-135:9),"push"
422,DECLAREDREFERENCEEXPRESSION,"v",Sociologia.java(135:10-135:11),"v"
423,DECLAREDREFERENCEEXPRESSION,"s",Sociologia.java(135:3-135:4),"s"
424,DECLARATIONSTATEMENT,"",Sociologia.java(129:8-129:14),"Arco a"
425,MEMBERCALLEXPRESSION,"adjs_no",Sociologia.java(129:17-129:29),"g.adjs_no(v)"
426,COMPOUNDSTATEMENT,"",Sociologia.java(129:31-134:4),"{
			int w = a.extremo_final();
			if(visitados[w]==0){
				DFS_Visit(g, w, s, visitados);
			}
		}"
427,VARIABLEDECLARATION,"a",Sociologia.java(129:13-129:14),"a"
428,DECLAREDREFERENCEEXPRESSION,"a",Sociologia.java(130:12-130:13),"a"
429,UNINITIALIZEDVALUE,"Uninitialized Value",,""
430,DECLARATIONSTATEMENT,"",Sociologia.java(130:4-130:30),"int w = a.extremo_final();"
431,IFSTATEMENT,"",Sociologia.java(131:4-133:5),"if(visitados[w]==0){
				DFS_Visit(g, w, s, visitados);
			}"
432,VARIABLEDECLARATION,"w",Sociologia.java(130:8-130:29),"w = a.extremo_final()"
433,DECLAREDREFERENCEEXPRESSION,"g",Sociologia.java(129:17-129:18),"g"
434,COMPOUNDSTATEMENT,"",Sociologia.java(131:23-133:5),"{
				DFS_Visit(g, w, s, visitados);
			}"
435,MEMBERCALLEXPRESSION,"extremo_final",Sociologia.java(130:12-130:29),"a.extremo_final()"
436,DECLAREDREFERENCEEXPRESSION,"extremo_final",Sociologia.java(130:14-130:27),"extremo_final"
437,DECLAREDREFERENCEEXPRESSION,"visitados",Sociologia.java(131:7-131:16),"visitados"
438,BINARYOPERATOR,"==",Sociologia.java(131:7-131:22),"visitados[w]==0"
439,DECLAREDREFERENCEEXPRESSION,"g",Sociologia.java(132:15-132:16),"g"
440,CALLEXPRESSION,"DFS_Visit",Sociologia.java(132:5-132:35),"DFS_Visit(g, w, s, visitados);"
441,DECLAREDREFERENCEEXPRESSION,"w",Sociologia.java(132:18-132:19),"w"
442,DECLAREDREFERENCEEXPRESSION,"s",Sociologia.java(132:21-132:22),"s"
443,DECLAREDREFERENCEEXPRESSION,"visitados",Sociologia.java(132:24-132:33),"visitados"
444,ARRAYSUBSCRIPTIONEXPRESSION,"",Sociologia.java(131:7-131:19),"visitados[w]"
445,LITERAL,"",Sociologia.java(131:21-131:22),"0"
446,DECLAREDREFERENCEEXPRESSION,"w",Sociologia.java(131:17-131:18),"w"
447,DECLAREDREFERENCEEXPRESSION,"adjs_no",Sociologia.java(129:19-129:26),"adjs_no"
448,DECLAREDREFERENCEEXPRESSION,"v",Sociologia.java(129:27-129:28),"v"
449,ARRAYSUBSCRIPTIONEXPRESSION,"",Sociologia.java(128:3-128:15),"visitados[v]"
450,LITERAL,"",Sociologia.java(128:16-128:17),"1"
451,DECLAREDREFERENCEEXPRESSION,"v",Sociologia.java(128:13-128:14),"v"
452,VARIABLEDECLARATION,"this",,""
453,COMPOUNDSTATEMENT,"",Sociologia.java(84:36-98:3),"{
		int nAlunos = in.nextInt();
		Grafo g = new Grafo(nAlunos);
		
		for (int i = 0; i < nAlunos; i++) {
			int aluno = in.nextInt();
			int amigos = in.nextInt();
				for (int j = 0; j < amigos; j++) {
				int amigo = in.nextInt();
				g.insert_new_arc(aluno, amigo, 0);
			}
		}
		
		return g;
	}"
454,PARAMVARIABLEDECLARATION,"in",Sociologia.java(84:24-84:34),"Scanner in"
455,DECLAREDREFERENCEEXPRESSION,"in",Sociologia.java(85:17-85:19),"in"
456,RETURNSTATEMENT,"",Sociologia.java(97:3-97:12),"return g;"
457,DECLARATIONSTATEMENT,"",Sociologia.java(85:3-85:30),"int nAlunos = in.nextInt();"
458,DECLARATIONSTATEMENT,"",Sociologia.java(86:3-86:32),"Grafo g = new Grafo(nAlunos);"
459,FORSTATEMENT,"",Sociologia.java(88:3-95:4),"for (int i = 0; i < nAlunos; i++) {
			int aluno = in.nextInt();
			int amigos = in.nextInt();
				for (int j = 0; j < amigos; j++) {
				int amigo = in.nextInt();
				g.insert_new_arc(aluno, amigo, 0);
			}
		}"
460,VARIABLEDECLARATION,"nAlunos",Sociologia.java(85:7-85:29),"nAlunos = in.nextInt()"
461,VARIABLEDECLARATION,"g",Sociologia.java(86:9-86:31),"g = new Grafo(nAlunos)"
462,NEWEXPRESSION,"",Sociologia.java(86:13-86:31),"new Grafo(nAlunos)"
463,CONSTRUCTEXPRESSION,"",Sociologia.java(86:13-86:31),"new Grafo(nAlunos)"
464,DECLAREDREFERENCEEXPRESSION,"nAlunos",Sociologia.java(86:23-86:30),"nAlunos"
465,MEMBERCALLEXPRESSION,"nextInt",Sociologia.java(85:17-85:29),"in.nextInt()"
466,DECLAREDREFERENCEEXPRESSION,"nextInt",Sociologia.java(85:20-85:27),"nextInt"
467,COMPOUNDSTATEMENT,"",Sociologia.java(88:37-95:4),"{
			int aluno = in.nextInt();
			int amigos = in.nextInt();
				for (int j = 0; j < amigos; j++) {
				int amigo = in.nextInt();
				g.insert_new_arc(aluno, amigo, 0);
			}
		}"
468,DECLARATIONSTATEMENT,"",Sociologia.java(88:8-88:17),"int i = 0"
469,BINARYOPERATOR,"<",Sociologia.java(88:19-88:30),"i < nAlunos"
470,UNARYOPERATOR,"++",Sociologia.java(88:32-88:35),"i++"
471,VARIABLEDECLARATION,"i",Sociologia.java(88:12-88:17),"i = 0"
472,DECLAREDREFERENCEEXPRESSION,"in",Sociologia.java(89:16-89:18),"in"
473,DECLAREDREFERENCEEXPRESSION,"g",Sociologia.java(97:10-97:11),"g"
474,DECLAREDREFERENCEEXPRESSION,"i",Sociologia.java(88:32-88:33),"i"
475,DECLAREDREFERENCEEXPRESSION,"i",Sociologia.java(88:19-88:20),"i"
476,DECLAREDREFERENCEEXPRESSION,"nAlunos",Sociologia.java(88:23-88:30),"nAlunos"
477,LITERAL,"",Sociologia.java(88:16-88:17),"0"
478,DECLARATIONSTATEMENT,"",Sociologia.java(89:4-89:29),"int aluno = in.nextInt();"
479,DECLARATIONSTATEMENT,"",Sociologia.java(90:4-90:30),"int amigos = in.nextInt();"
480,FORSTATEMENT,"",Sociologia.java(91:5-94:5),"for (int j = 0; j < amigos; j++) {
				int amigo = in.nextInt();
				g.insert_new_arc(aluno, amigo, 0);
			}"
481,VARIABLEDECLARATION,"aluno",Sociologia.java(89:8-89:28),"aluno = in.nextInt()"
482,VARIABLEDECLARATION,"amigos",Sociologia.java(90:8-90:29),"amigos = in.nextInt()"
483,MEMBERCALLEXPRESSION,"nextInt",Sociologia.java(90:17-90:29),"in.nextInt()"
484,DECLAREDREFERENCEEXPRESSION,"nextInt",Sociologia.java(90:20-90:27),"nextInt"
485,DECLAREDREFERENCEEXPRESSION,"in",Sociologia.java(90:17-90:19),"in"
486,LITERAL,"",Sociologia.java(91:18-91:19),"0"
487,COMPOUNDSTATEMENT,"",Sociologia.java(91:38-94:5),"{
				int amigo = in.nextInt();
				g.insert_new_arc(aluno, amigo, 0);
			}"
488,DECLARATIONSTATEMENT,"",Sociologia.java(91:10-91:19),"int j = 0"
489,BINARYOPERATOR,"<",Sociologia.java(91:21-91:31),"j < amigos"
490,UNARYOPERATOR,"++",Sociologia.java(91:33-91:36),"j++"
491,VARIABLEDECLARATION,"j",Sociologia.java(91:14-91:19),"j = 0"
492,DECLAREDREFERENCEEXPRESSION,"in",Sociologia.java(92:17-92:19),"in"
493,DECLAREDREFERENCEEXPRESSION,"j",Sociologia.java(91:21-91:22),"j"
494,DECLAREDREFERENCEEXPRESSION,"amigos",Sociologia.java(91:25-91:31),"amigos"
495,DECLAREDREFERENCEEXPRESSION,"j",Sociologia.java(91:33-91:34),"j"
496,DECLARATIONSTATEMENT,"",Sociologia.java(92:5-92:30),"int amigo = in.nextInt();"
497,MEMBERCALLEXPRESSION,"insert_new_arc",Sociologia.java(93:5-93:39),"g.insert_new_arc(aluno, amigo, 0);"
498,VARIABLEDECLARATION,"amigo",Sociologia.java(92:9-92:29),"amigo = in.nextInt()"
499,DECLAREDREFERENCEEXPRESSION,"g",Sociologia.java(93:5-93:6),"g"
500,MEMBERCALLEXPRESSION,"nextInt",Sociologia.java(92:17-92:29),"in.nextInt()"
501,DECLAREDREFERENCEEXPRESSION,"nextInt",Sociologia.java(92:20-92:27),"nextInt"
502,DECLAREDREFERENCEEXPRESSION,"insert_new_arc",Sociologia.java(93:7-93:21),"insert_new_arc"
503,LITERAL,"",Sociologia.java(93:36-93:37),"0"
504,DECLAREDREFERENCEEXPRESSION,"amigo",Sociologia.java(93:29-93:34),"amigo"
505,DECLAREDREFERENCEEXPRESSION,"aluno",Sociologia.java(93:22-93:27),"aluno"
506,MEMBERCALLEXPRESSION,"nextInt",Sociologia.java(89:16-89:28),"in.nextInt()"
507,DECLAREDREFERENCEEXPRESSION,"nextInt",Sociologia.java(89:19-89:26),"nextInt"
