{"jplag_version":{"major":5,"minor":0,"patch":0},"submission_folder_path":[".\\testcases"],"base_code_folder_path":"","language":"Javac based AST plugin","file_extensions":[".java",".JAVA"],"submission_id_to_display_name":{"plagaraized.java":"plagaraized.java","original.java":"original.java"},"submission_ids_to_comparison_file_name":{"plagaraized.java":{"original.java":"original.java-plagaraized.java.json"},"original.java":{"plagaraized.java":"original.java-plagaraized.java.json"}},"failed_submission_names":[],"excluded_files":[],"match_sensitivity":9,"date_of_execution":"11/04/24","execution_time":20,"distributions":{"AVG":[0,0,0,0,0,0,0,0,0,0,0,0,0,0,0,0,0,0,0,0,0,0,0,0,0,0,0,0,0,0,0,0,0,0,0,0,0,0,0,0,0,0,0,0,0,0,0,0,0,0,0,0,0,0,0,0,0,0,0,0,0,0,0,0,0,0,0,0,0,0,0,0,0,0,0,0,0,0,0,0,0,0,0,0,0,0,0,0,0,0,0,0,0,0,0,0,0,0,0,1],"MAX":[0,0,0,0,0,0,0,0,0,0,0,0,0,0,0,0,0,0,0,0,0,0,0,0,0,0,0,0,0,0,0,0,0,0,0,0,0,0,0,0,0,0,0,0,0,0,0,0,0,0,0,0,0,0,0,0,0,0,0,0,0,0,0,0,0,0,0,0,0,0,0,0,0,0,0,0,0,0,0,0,0,0,0,0,0,0,0,0,0,0,0,0,0,0,0,0,0,0,0,1]},"top_comparisons":[{"first_submission":"original.java","second_submission":"plagaraized.java","similarities":{"AVG":0.0,"MAX":0.0}}],"clusters":[],"total_comparisons":1}