id,type,token,location,code
1,TRANSLATIONUNITDECLARATION,"/data/00000019/submissions/00837190_Sociologia_090316050/Sociologia.java",,""
2,RECORDDECLARATION,"No",Sociologia.java(5:1-20:2),"class No{
	int no;
	int tempof;
	LinkedList<No> adj;
	boolean visitado;
	
	No(int n){
		no = n;
		tempof = 0;
		adj = new LinkedList<No>();
		visitado = false;
	}
	void addLigacao(No x){
		adj.addLast(x);
	}
}"
3,RECORDDECLARATION,"Graph",Sociologia.java(22:1-120:2),"class Graph{
	int tempo, npessoas;
	No g[];
	No gt[];
	LinkedList<Integer> grupos;
	
	Graph(int np){
		this.npessoas = np;
		tempo = 0;
		g = new No[np+1];
		gt = new No[np+1];
		grupos = new LinkedList<Integer>();
	}
	private void inicializar(){
		for(int i = 1; i<=npessoas; i++){
			g[i] = new No(i);
			gt[i] = new No(i);
		}
	}
	void createGrafo(Scanner in){
		inicializar();
		for(int i = 1; i<=npessoas; i++){
			int pessoa = in.nextInt();
			int namigo = in.nextInt();
			for(int j = 0; j<namigo; j++){
				int amigo = in.nextInt();
				g[pessoa].addLigacao(g[amigo]);
				gt[amigo].addLigacao(gt[pessoa]);
			}
		}
	}
	
	void DFS(){
		for(int i = 1; i<=npessoas; i++){
			if(!g[i].visitado)
				DFSVisit(g[i]);
		}
	}
	private void DFSVisit(No x){
		tempo++;
		x.visitado = true;
		for(No cursor: x.adj){
			if(!cursor.visitado)
				DFSVisit(cursor);
		}
		tempo++;
		x.tempof =tempo;
		gt[x.no].tempof = tempo;
	}
	private No findMax(){
		int maximo = 0; 
		No max = new No(0);
		
		for(int i = 1; i<=npessoas; i++){
			if(!gt[i].visitado){
				if(gt[i].tempof > maximo){
					maximo = gt[i].tempof;
					max = gt[i];
				}
			}
		}
		return max;
	}
	private boolean allVisited(){
		for(int i = 1; i<=npessoas; i++){
			if(!gt[i].visitado)
				return false;
		}
		return true;
	}
	
	void DFS_T(){
		while(!allVisited()){
			No TMax = findMax();
			int nelementos = NelementosGrupo(TMax);
			grupos.addLast(nelementos);
			TMax.tempof = 0;
		}
	}
	private int NelementosGrupo(No x){
		int count = 1;
		x.visitado = true;
		for(No cursor: x.adj){
			if(!cursor.visitado)
				count +=NelementosGrupo(cursor);
		}
		return count;
	}
	
	void Output(){
		int ngrupos = 0;
		int deFora = 0;
		for(int x: grupos){
			if(x>=4){ngrupos++;}
			else {deFora+=x;}
		}
		System.out.printf(""%d %d\n"", ngrupos, deFora);
	}
}"
4,RECORDDECLARATION,"Sociologia",Sociologia.java(121:1-138:2),"public class Sociologia {
	public static void main(String[] args) {
		Scanner in = new Scanner(System.in);
		int ncasos = in.nextInt();
		for(int i = 1; i<=ncasos; i++){
			int np = in.nextInt();
			Graph novo = new Graph(np);
			novo.createGrafo(in);
			novo.DFS();
			novo.DFS_T();
			
			System.out.printf(""Caso #%d\n"", i);
			novo.Output();
		}

	}

}"
5,INCLUDEDECLARATION,"java.util.LinkedList",,""
6,INCLUDEDECLARATION,"java.util.Scanner",,""
7,FIELDDECLARATION,"this",,""
8,FIELDDECLARATION,"tempo",Sociologia.java(23:2-23:22),"tempo"
9,FIELDDECLARATION,"g",Sociologia.java(24:2-24:9),"g"
10,FIELDDECLARATION,"gt",Sociologia.java(25:2-25:10),"gt"
11,FIELDDECLARATION,"grupos",Sociologia.java(26:2-26:29),"grupos"
12,METHODDECLARATION,"inicializar",Sociologia.java(35:2-40:3),"private void inicializar(){
		for(int i = 1; i<=npessoas; i++){
			g[i] = new No(i);
			gt[i] = new No(i);
		}
	}"
13,METHODDECLARATION,"createGrafo",Sociologia.java(41:2-52:3),"void createGrafo(Scanner in){
		inicializar();
		for(int i = 1; i<=npessoas; i++){
			int pessoa = in.nextInt();
			int namigo = in.nextInt();
			for(int j = 0; j<namigo; j++){
				int amigo = in.nextInt();
				g[pessoa].addLigacao(g[amigo]);
				gt[amigo].addLigacao(gt[pessoa]);
			}
		}
	}"
14,METHODDECLARATION,"DFS",Sociologia.java(54:2-59:3),"void DFS(){
		for(int i = 1; i<=npessoas; i++){
			if(!g[i].visitado)
				DFSVisit(g[i]);
		}
	}"
15,METHODDECLARATION,"DFSVisit",Sociologia.java(60:2-70:3),"private void DFSVisit(No x){
		tempo++;
		x.visitado = true;
		for(No cursor: x.adj){
			if(!cursor.visitado)
				DFSVisit(cursor);
		}
		tempo++;
		x.tempof =tempo;
		gt[x.no].tempof = tempo;
	}"
16,METHODDECLARATION,"findMax",Sociologia.java(71:2-84:3),"private No findMax(){
		int maximo = 0; 
		No max = new No(0);
		
		for(int i = 1; i<=npessoas; i++){
			if(!gt[i].visitado){
				if(gt[i].tempof > maximo){
					maximo = gt[i].tempof;
					max = gt[i];
				}
			}
		}
		return max;
	}"
17,METHODDECLARATION,"allVisited",Sociologia.java(85:2-91:3),"private boolean allVisited(){
		for(int i = 1; i<=npessoas; i++){
			if(!gt[i].visitado)
				return false;
		}
		return true;
	}"
18,METHODDECLARATION,"DFS_T",Sociologia.java(93:2-100:3),"void DFS_T(){
		while(!allVisited()){
			No TMax = findMax();
			int nelementos = NelementosGrupo(TMax);
			grupos.addLast(nelementos);
			TMax.tempof = 0;
		}
	}"
19,METHODDECLARATION,"NelementosGrupo",Sociologia.java(101:2-109:3),"private int NelementosGrupo(No x){
		int count = 1;
		x.visitado = true;
		for(No cursor: x.adj){
			if(!cursor.visitado)
				count +=NelementosGrupo(cursor);
		}
		return count;
	}"
20,METHODDECLARATION,"Output",Sociologia.java(111:2-119:3),"void Output(){
		int ngrupos = 0;
		int deFora = 0;
		for(int x: grupos){
			if(x>=4){ngrupos++;}
			else {deFora+=x;}
		}
		System.out.printf(""%d %d\n"", ngrupos, deFora);
	}"
21,CONSTRUCTORDECLARATION,"Graph",Sociologia.java(28:2-34:3),"Graph(int np){
		this.npessoas = np;
		tempo = 0;
		g = new No[np+1];
		gt = new No[np+1];
		grupos = new LinkedList<Integer>();
	}"
22,VARIABLEDECLARATION,"this",,""
23,COMPOUNDSTATEMENT,"",Sociologia.java(111:15-119:3),"{
		int ngrupos = 0;
		int deFora = 0;
		for(int x: grupos){
			if(x>=4){ngrupos++;}
			else {deFora+=x;}
		}
		System.out.printf(""%d %d\n"", ngrupos, deFora);
	}"
24,LITERAL,"",Sociologia.java(112:17-112:18),"0"
25,RETURNSTATEMENT,"",,""
26,DECLARATIONSTATEMENT,"",Sociologia.java(112:3-112:19),"int ngrupos = 0;"
27,DECLARATIONSTATEMENT,"",Sociologia.java(113:3-113:18),"int deFora = 0;"
28,FOREACHSTATEMENT,"",Sociologia.java(114:3-117:4),"for(int x: grupos){
			if(x>=4){ngrupos++;}
			else {deFora+=x;}
		}"
29,MEMBERCALLEXPRESSION,"printf",Sociologia.java(118:3-118:49),"System.out.printf(""%d %d\n"", ngrupos, deFora);"
30,VARIABLEDECLARATION,"ngrupos",Sociologia.java(112:7-112:18),"ngrupos = 0"
31,VARIABLEDECLARATION,"deFora",Sociologia.java(113:7-113:17),"deFora = 0"
32,DECLAREDREFERENCEEXPRESSION,"printf",Sociologia.java(118:14-118:20),"printf"
33,DECLAREDREFERENCEEXPRESSION,"deFora",Sociologia.java(118:41-118:47),"deFora"
34,LITERAL,"",Sociologia.java(118:21-118:30),"""%d %d\n"""
35,DECLAREDREFERENCEEXPRESSION,"ngrupos",Sociologia.java(118:32-118:39),"ngrupos"
36,MEMBEREXPRESSION,"out",Sociologia.java(118:3-118:13),"System.out"
37,DECLAREDREFERENCEEXPRESSION,"System",Sociologia.java(118:3-118:9),"System"
38,LITERAL,"",Sociologia.java(113:16-113:17),"0"
39,DECLAREDREFERENCEEXPRESSION,"this",Sociologia.java(114:14-114:20),"this"
40,DECLARATIONSTATEMENT,"",Sociologia.java(114:7-114:12),"int x"
41,MEMBEREXPRESSION,"grupos",Sociologia.java(114:14-114:20),"grupos"
42,COMPOUNDSTATEMENT,"",Sociologia.java(114:21-117:4),"{
			if(x>=4){ngrupos++;}
			else {deFora+=x;}
		}"
43,VARIABLEDECLARATION,"x",Sociologia.java(114:11-114:12),"x"
44,DECLAREDREFERENCEEXPRESSION,"x",Sociologia.java(115:7-115:8),"x"
45,IFSTATEMENT,"",Sociologia.java(115:4-116:21),"if(x>=4){ngrupos++;}
			else {deFora+=x;}"
46,COMPOUNDSTATEMENT,"",Sociologia.java(115:12-115:24),"{ngrupos++;}"
47,COMPOUNDSTATEMENT,"",Sociologia.java(116:9-116:21),"{deFora+=x;}"
48,BINARYOPERATOR,">=",Sociologia.java(115:7-115:11),"x>=4"
49,DECLAREDREFERENCEEXPRESSION,"ngrupos",Sociologia.java(115:13-115:20),"ngrupos"
50,DECLAREDREFERENCEEXPRESSION,"deFora",Sociologia.java(116:10-116:16),"deFora"
51,UNARYOPERATOR,"++",Sociologia.java(115:13-115:23),"ngrupos++;"
52,BINARYOPERATOR,"+=",Sociologia.java(116:10-116:20),"deFora+=x;"
53,DECLAREDREFERENCEEXPRESSION,"x",Sociologia.java(116:18-116:19),"x"
54,LITERAL,"",Sociologia.java(115:10-115:11),"4"
55,UNINITIALIZEDVALUE,"Uninitialized Value",,""
56,VARIABLEDECLARATION,"this",,""
57,COMPOUNDSTATEMENT,"",Sociologia.java(35:28-40:3),"{
		for(int i = 1; i<=npessoas; i++){
			g[i] = new No(i);
			gt[i] = new No(i);
		}
	}"
58,LITERAL,"",Sociologia.java(36:15-36:16),"1"
59,RETURNSTATEMENT,"",,""
60,FORSTATEMENT,"",Sociologia.java(36:3-39:4),"for(int i = 1; i<=npessoas; i++){
			g[i] = new No(i);
			gt[i] = new No(i);
		}"
61,COMPOUNDSTATEMENT,"",Sociologia.java(36:35-39:4),"{
			g[i] = new No(i);
			gt[i] = new No(i);
		}"
62,DECLARATIONSTATEMENT,"",Sociologia.java(36:7-36:16),"int i = 1"
63,BINARYOPERATOR,"<=",Sociologia.java(36:18-36:29),"i<=npessoas"
64,UNARYOPERATOR,"++",Sociologia.java(36:31-36:34),"i++"
65,VARIABLEDECLARATION,"i",Sociologia.java(36:11-36:16),"i = 1"
66,DECLAREDREFERENCEEXPRESSION,"this",Sociologia.java(37:4-37:5),"this"
67,BINARYOPERATOR,"=",Sociologia.java(37:4-37:21),"g[i] = new No(i);"
68,BINARYOPERATOR,"=",Sociologia.java(38:4-38:22),"gt[i] = new No(i);"
69,DECLAREDREFERENCEEXPRESSION,"i",Sociologia.java(36:31-36:32),"i"
70,ARRAYSUBSCRIPTIONEXPRESSION,"",Sociologia.java(37:4-37:8),"g[i]"
71,NEWEXPRESSION,"",Sociologia.java(37:11-37:20),"new No(i)"
72,DECLAREDREFERENCEEXPRESSION,"this",Sociologia.java(38:4-38:6),"this"
73,CONSTRUCTEXPRESSION,"",Sociologia.java(37:11-37:20),"new No(i)"
74,CONSTRUCTORDECLARATION,"No",,""
75,DECLAREDREFERENCEEXPRESSION,"i",Sociologia.java(37:18-37:19),"i"
76,PARAMVARIABLEDECLARATION,"int0",,""
77,MEMBEREXPRESSION,"g",Sociologia.java(37:4-37:5),"g"
78,DECLAREDREFERENCEEXPRESSION,"i",Sociologia.java(37:6-37:7),"i"
79,ARRAYSUBSCRIPTIONEXPRESSION,"",Sociologia.java(38:4-38:9),"gt[i]"
80,NEWEXPRESSION,"",Sociologia.java(38:12-38:21),"new No(i)"
81,MEMBEREXPRESSION,"gt",Sociologia.java(38:4-38:6),"gt"
82,DECLAREDREFERENCEEXPRESSION,"i",Sociologia.java(38:7-38:8),"i"
83,DECLAREDREFERENCEEXPRESSION,"i",Sociologia.java(38:19-38:20),"i"
84,CONSTRUCTEXPRESSION,"",Sociologia.java(38:12-38:21),"new No(i)"
85,DECLAREDREFERENCEEXPRESSION,"i",Sociologia.java(36:18-36:19),"i"
86,MEMBEREXPRESSION,"npessoas",Sociologia.java(36:21-36:29),"npessoas"
87,DECLAREDREFERENCEEXPRESSION,"this",Sociologia.java(36:21-36:29),"this"
88,VARIABLEDECLARATION,"this",,""
89,COMPOUNDSTATEMENT,"",Sociologia.java(93:14-100:3),"{
		while(!allVisited()){
			No TMax = findMax();
			int nelementos = NelementosGrupo(TMax);
			grupos.addLast(nelementos);
			TMax.tempof = 0;
		}
	}"
90,CALLEXPRESSION,"allVisited",Sociologia.java(94:10-94:22),"allVisited()"
91,RETURNSTATEMENT,"",,""
92,WHILESTATEMENT,"",Sociologia.java(94:3-99:4),"while(!allVisited()){
			No TMax = findMax();
			int nelementos = NelementosGrupo(TMax);
			grupos.addLast(nelementos);
			TMax.tempof = 0;
		}"
93,UNARYOPERATOR,"!",Sociologia.java(94:9-94:22),"!allVisited()"
94,COMPOUNDSTATEMENT,"",Sociologia.java(94:23-99:4),"{
			No TMax = findMax();
			int nelementos = NelementosGrupo(TMax);
			grupos.addLast(nelementos);
			TMax.tempof = 0;
		}"
95,CALLEXPRESSION,"findMax",Sociologia.java(95:14-95:23),"findMax()"
96,DECLARATIONSTATEMENT,"",Sociologia.java(95:4-95:24),"No TMax = findMax();"
97,DECLARATIONSTATEMENT,"",Sociologia.java(96:4-96:43),"int nelementos = NelementosGrupo(TMax);"
98,MEMBERCALLEXPRESSION,"addLast",Sociologia.java(97:4-97:31),"grupos.addLast(nelementos);"
99,BINARYOPERATOR,"=",Sociologia.java(98:4-98:20),"TMax.tempof = 0;"
100,VARIABLEDECLARATION,"TMax",Sociologia.java(95:7-95:23),"TMax = findMax()"
101,VARIABLEDECLARATION,"nelementos",Sociologia.java(96:8-96:42),"nelementos = NelementosGrupo(TMax)"
102,DECLAREDREFERENCEEXPRESSION,"addLast",Sociologia.java(97:11-97:18),"addLast"
103,DECLAREDREFERENCEEXPRESSION,"TMax",Sociologia.java(98:4-98:8),"TMax"
104,DECLAREDREFERENCEEXPRESSION,"nelementos",Sociologia.java(97:19-97:29),"nelementos"
105,MEMBEREXPRESSION,"grupos",Sociologia.java(97:4-97:10),"grupos"
106,DECLAREDREFERENCEEXPRESSION,"this",Sociologia.java(97:4-97:10),"this"
107,CALLEXPRESSION,"NelementosGrupo",Sociologia.java(96:21-96:42),"NelementosGrupo(TMax)"
108,METHODDECLARATION,"NelementosGrupo",,""
109,DECLAREDREFERENCEEXPRESSION,"TMax",Sociologia.java(96:37-96:41),"TMax"
110,PARAMVARIABLEDECLARATION,"no0",,""
111,METHODDECLARATION,"findMax",,""
112,MEMBEREXPRESSION,"tempof",Sociologia.java(98:4-98:15),"TMax.tempof"
113,LITERAL,"",Sociologia.java(98:18-98:19),"0"
114,METHODDECLARATION,"allVisited",,""
115,VARIABLEDECLARATION,"this",,""
116,COMPOUNDSTATEMENT,"",Sociologia.java(54:12-59:3),"{
		for(int i = 1; i<=npessoas; i++){
			if(!g[i].visitado)
				DFSVisit(g[i]);
		}
	}"
117,LITERAL,"",Sociologia.java(55:15-55:16),"1"
118,RETURNSTATEMENT,"",,""
119,FORSTATEMENT,"",Sociologia.java(55:3-58:4),"for(int i = 1; i<=npessoas; i++){
			if(!g[i].visitado)
				DFSVisit(g[i]);
		}"
120,COMPOUNDSTATEMENT,"",Sociologia.java(55:35-58:4),"{
			if(!g[i].visitado)
				DFSVisit(g[i]);
		}"
121,DECLARATIONSTATEMENT,"",Sociologia.java(55:7-55:16),"int i = 1"
122,BINARYOPERATOR,"<=",Sociologia.java(55:18-55:29),"i<=npessoas"
123,UNARYOPERATOR,"++",Sociologia.java(55:31-55:34),"i++"
124,VARIABLEDECLARATION,"i",Sociologia.java(55:11-55:16),"i = 1"
125,DECLAREDREFERENCEEXPRESSION,"this",Sociologia.java(56:8-56:9),"this"
126,DECLAREDREFERENCEEXPRESSION,"i",Sociologia.java(55:18-55:19),"i"
127,MEMBEREXPRESSION,"npessoas",Sociologia.java(55:21-55:29),"npessoas"
128,DECLAREDREFERENCEEXPRESSION,"this",Sociologia.java(55:21-55:29),"this"
129,DECLAREDREFERENCEEXPRESSION,"i",Sociologia.java(55:31-55:32),"i"
130,IFSTATEMENT,"",Sociologia.java(56:4-57:20),"if(!g[i].visitado)
				DFSVisit(g[i]);"
131,CALLEXPRESSION,"DFSVisit",Sociologia.java(57:5-57:20),"DFSVisit(g[i]);"
132,UNARYOPERATOR,"!",Sociologia.java(56:7-56:21),"!g[i].visitado"
133,DECLAREDREFERENCEEXPRESSION,"this",Sociologia.java(57:14-57:15),"this"
134,MEMBEREXPRESSION,"visitado",Sociologia.java(56:8-56:21),"g[i].visitado"
135,ARRAYSUBSCRIPTIONEXPRESSION,"",Sociologia.java(56:8-56:12),"g[i]"
136,MEMBEREXPRESSION,"g",Sociologia.java(56:8-56:9),"g"
137,DECLAREDREFERENCEEXPRESSION,"i",Sociologia.java(56:10-56:11),"i"
138,METHODDECLARATION,"DFSVisit",,""
139,ARRAYSUBSCRIPTIONEXPRESSION,"",Sociologia.java(57:14-57:18),"g[i]"
140,MEMBEREXPRESSION,"g",Sociologia.java(57:14-57:15),"g"
141,DECLAREDREFERENCEEXPRESSION,"i",Sociologia.java(57:16-57:17),"i"
142,PARAMVARIABLEDECLARATION,"no0",,""
143,VARIABLEDECLARATION,"this",,""
144,COMPOUNDSTATEMENT,"",Sociologia.java(60:29-70:3),"{
		tempo++;
		x.visitado = true;
		for(No cursor: x.adj){
			if(!cursor.visitado)
				DFSVisit(cursor);
		}
		tempo++;
		x.tempof =tempo;
		gt[x.no].tempof = tempo;
	}"
145,PARAMVARIABLEDECLARATION,"x",Sociologia.java(60:24-60:28),"No x"
146,DECLAREDREFERENCEEXPRESSION,"this",Sociologia.java(61:3-61:8),"this"
147,RETURNSTATEMENT,"",,""
148,UNARYOPERATOR,"++",Sociologia.java(61:3-61:11),"tempo++;"
149,BINARYOPERATOR,"=",Sociologia.java(62:3-62:21),"x.visitado = true;"
150,FOREACHSTATEMENT,"",Sociologia.java(63:3-66:4),"for(No cursor: x.adj){
			if(!cursor.visitado)
				DFSVisit(cursor);
		}"
151,UNARYOPERATOR,"++",Sociologia.java(67:3-67:11),"tempo++;"
152,BINARYOPERATOR,"=",Sociologia.java(68:3-68:19),"x.tempof =tempo;"
153,BINARYOPERATOR,"=",Sociologia.java(69:3-69:27),"gt[x.no].tempof = tempo;"
154,MEMBEREXPRESSION,"visitado",Sociologia.java(62:3-62:13),"x.visitado"
155,LITERAL,"",Sociologia.java(62:16-62:20),"true"
156,DECLAREDREFERENCEEXPRESSION,"x",Sociologia.java(63:18-63:19),"x"
157,DECLAREDREFERENCEEXPRESSION,"x",Sociologia.java(62:3-62:4),"x"
158,MEMBEREXPRESSION,"tempo",Sociologia.java(61:3-61:8),"tempo"
159,MEMBEREXPRESSION,"tempof",Sociologia.java(69:3-69:18),"gt[x.no].tempof"
160,MEMBEREXPRESSION,"tempo",Sociologia.java(69:21-69:26),"tempo"
161,DECLAREDREFERENCEEXPRESSION,"this",Sociologia.java(69:21-69:26),"this"
162,ARRAYSUBSCRIPTIONEXPRESSION,"",Sociologia.java(69:3-69:11),"gt[x.no]"
163,MEMBEREXPRESSION,"gt",Sociologia.java(69:3-69:5),"gt"
164,MEMBEREXPRESSION,"no",Sociologia.java(69:6-69:10),"x.no"
165,DECLAREDREFERENCEEXPRESSION,"x",Sociologia.java(69:6-69:7),"x"
166,DECLAREDREFERENCEEXPRESSION,"this",Sociologia.java(69:3-69:5),"this"
167,MEMBEREXPRESSION,"tempo",Sociologia.java(67:3-67:8),"tempo"
168,DECLAREDREFERENCEEXPRESSION,"x",Sociologia.java(68:3-68:4),"x"
169,DECLAREDREFERENCEEXPRESSION,"this",Sociologia.java(67:3-67:8),"this"
170,DECLARATIONSTATEMENT,"",Sociologia.java(63:7-63:16),"No cursor"
171,MEMBEREXPRESSION,"adj",Sociologia.java(63:18-63:23),"x.adj"
172,COMPOUNDSTATEMENT,"",Sociologia.java(63:24-66:4),"{
			if(!cursor.visitado)
				DFSVisit(cursor);
		}"
173,VARIABLEDECLARATION,"cursor",Sociologia.java(63:10-63:16),"cursor"
174,DECLAREDREFERENCEEXPRESSION,"cursor",Sociologia.java(64:8-64:14),"cursor"
175,IFSTATEMENT,"",Sociologia.java(64:4-65:22),"if(!cursor.visitado)
				DFSVisit(cursor);"
176,CALLEXPRESSION,"DFSVisit",Sociologia.java(65:5-65:22),"DFSVisit(cursor);"
177,UNARYOPERATOR,"!",Sociologia.java(64:7-64:23),"!cursor.visitado"
178,DECLAREDREFERENCEEXPRESSION,"cursor",Sociologia.java(65:14-65:20),"cursor"
179,MEMBEREXPRESSION,"visitado",Sociologia.java(64:8-64:23),"cursor.visitado"
180,UNINITIALIZEDVALUE,"Uninitialized Value",,""
181,MEMBEREXPRESSION,"tempof",Sociologia.java(68:3-68:11),"x.tempof"
182,MEMBEREXPRESSION,"tempo",Sociologia.java(68:13-68:18),"tempo"
183,DECLAREDREFERENCEEXPRESSION,"this",Sociologia.java(68:13-68:18),"this"
184,VARIABLEDECLARATION,"this",,""
185,COMPOUNDSTATEMENT,"",Sociologia.java(101:35-109:3),"{
		int count = 1;
		x.visitado = true;
		for(No cursor: x.adj){
			if(!cursor.visitado)
				count +=NelementosGrupo(cursor);
		}
		return count;
	}"
186,PARAMVARIABLEDECLARATION,"x",Sociologia.java(101:30-101:34),"No x"
187,LITERAL,"",Sociologia.java(102:15-102:16),"1"
188,RETURNSTATEMENT,"",Sociologia.java(108:3-108:16),"return count;"
189,DECLARATIONSTATEMENT,"",Sociologia.java(102:3-102:17),"int count = 1;"
190,BINARYOPERATOR,"=",Sociologia.java(103:3-103:21),"x.visitado = true;"
191,FOREACHSTATEMENT,"",Sociologia.java(104:3-107:4),"for(No cursor: x.adj){
			if(!cursor.visitado)
				count +=NelementosGrupo(cursor);
		}"
192,VARIABLEDECLARATION,"count",Sociologia.java(102:7-102:16),"count = 1"
193,DECLAREDREFERENCEEXPRESSION,"x",Sociologia.java(103:3-103:4),"x"
194,MEMBEREXPRESSION,"visitado",Sociologia.java(103:3-103:13),"x.visitado"
195,LITERAL,"",Sociologia.java(103:16-103:20),"true"
196,DECLAREDREFERENCEEXPRESSION,"x",Sociologia.java(104:18-104:19),"x"
197,DECLAREDREFERENCEEXPRESSION,"count",Sociologia.java(108:10-108:15),"count"
198,DECLARATIONSTATEMENT,"",Sociologia.java(104:7-104:16),"No cursor"
199,MEMBEREXPRESSION,"adj",Sociologia.java(104:18-104:23),"x.adj"
200,COMPOUNDSTATEMENT,"",Sociologia.java(104:24-107:4),"{
			if(!cursor.visitado)
				count +=NelementosGrupo(cursor);
		}"
201,VARIABLEDECLARATION,"cursor",Sociologia.java(104:10-104:16),"cursor"
202,DECLAREDREFERENCEEXPRESSION,"cursor",Sociologia.java(105:8-105:14),"cursor"
203,UNINITIALIZEDVALUE,"Uninitialized Value",,""
204,IFSTATEMENT,"",Sociologia.java(105:4-106:37),"if(!cursor.visitado)
				count +=NelementosGrupo(cursor);"
205,BINARYOPERATOR,"+=",Sociologia.java(106:5-106:37),"count +=NelementosGrupo(cursor);"
206,UNARYOPERATOR,"!",Sociologia.java(105:7-105:23),"!cursor.visitado"
207,DECLAREDREFERENCEEXPRESSION,"count",Sociologia.java(106:5-106:10),"count"
208,CALLEXPRESSION,"NelementosGrupo",Sociologia.java(106:13-106:36),"NelementosGrupo(cursor)"
209,DECLAREDREFERENCEEXPRESSION,"cursor",Sociologia.java(106:29-106:35),"cursor"
210,MEMBEREXPRESSION,"visitado",Sociologia.java(105:8-105:23),"cursor.visitado"
211,COMPOUNDSTATEMENT,"",Sociologia.java(28:15-34:3),"{
		this.npessoas = np;
		tempo = 0;
		g = new No[np+1];
		gt = new No[np+1];
		grupos = new LinkedList<Integer>();
	}"
212,PARAMVARIABLEDECLARATION,"np",Sociologia.java(28:8-28:14),"int np"
213,DECLAREDREFERENCEEXPRESSION,"this",Sociologia.java(29:3-29:7),"this"
214,RETURNSTATEMENT,"",,""
215,BINARYOPERATOR,"=",Sociologia.java(29:3-29:22),"this.npessoas = np;"
216,BINARYOPERATOR,"=",Sociologia.java(30:3-30:13),"tempo = 0;"
217,BINARYOPERATOR,"=",Sociologia.java(31:3-31:20),"g = new No[np+1];"
218,BINARYOPERATOR,"=",Sociologia.java(32:3-32:21),"gt = new No[np+1];"
219,BINARYOPERATOR,"=",Sociologia.java(33:3-33:38),"grupos = new LinkedList<Integer>();"
220,MEMBEREXPRESSION,"gt",Sociologia.java(32:3-32:5),"gt"
221,ARRAYCREATIONEXPRESSION,"",Sociologia.java(32:8-32:20),"new No[np+1]"
222,DECLAREDREFERENCEEXPRESSION,"this",Sociologia.java(33:3-33:9),"this"
223,BINARYOPERATOR,"+",Sociologia.java(32:15-32:19),"np+1"
224,DECLAREDREFERENCEEXPRESSION,"np",Sociologia.java(32:15-32:17),"np"
225,LITERAL,"",Sociologia.java(32:18-32:19),"1"
226,DECLAREDREFERENCEEXPRESSION,"this",Sociologia.java(32:3-32:5),"this"
227,MEMBEREXPRESSION,"g",Sociologia.java(31:3-31:4),"g"
228,ARRAYCREATIONEXPRESSION,"",Sociologia.java(31:7-31:19),"new No[np+1]"
229,DECLAREDREFERENCEEXPRESSION,"this",Sociologia.java(31:3-31:4),"this"
230,DECLAREDREFERENCEEXPRESSION,"np",Sociologia.java(31:14-31:16),"np"
231,BINARYOPERATOR,"+",Sociologia.java(31:14-31:18),"np+1"
232,LITERAL,"",Sociologia.java(31:17-31:18),"1"
233,MEMBEREXPRESSION,"grupos",Sociologia.java(33:3-33:9),"grupos"
234,NEWEXPRESSION,"",Sociologia.java(33:12-33:37),"new LinkedList<Integer>()"
235,CONSTRUCTEXPRESSION,"",Sociologia.java(33:12-33:37),"new LinkedList<Integer>()"
236,MEMBEREXPRESSION,"tempo",Sociologia.java(30:3-30:8),"tempo"
237,LITERAL,"",Sociologia.java(30:11-30:12),"0"
238,DECLAREDREFERENCEEXPRESSION,"this",Sociologia.java(30:3-30:8),"this"
239,MEMBEREXPRESSION,"npessoas",Sociologia.java(29:3-29:16),"this.npessoas"
240,DECLAREDREFERENCEEXPRESSION,"np",Sociologia.java(29:19-29:21),"np"
241,VARIABLEDECLARATION,"this",,""
242,COMPOUNDSTATEMENT,"",Sociologia.java(85:30-91:3),"{
		for(int i = 1; i<=npessoas; i++){
			if(!gt[i].visitado)
				return false;
		}
		return true;
	}"
243,LITERAL,"",Sociologia.java(86:15-86:16),"1"
244,RETURNSTATEMENT,"",Sociologia.java(90:3-90:15),"return true;"
245,FORSTATEMENT,"",Sociologia.java(86:3-89:4),"for(int i = 1; i<=npessoas; i++){
			if(!gt[i].visitado)
				return false;
		}"
246,LITERAL,"",Sociologia.java(90:10-90:14),"true"
247,COMPOUNDSTATEMENT,"",Sociologia.java(86:35-89:4),"{
			if(!gt[i].visitado)
				return false;
		}"
248,DECLARATIONSTATEMENT,"",Sociologia.java(86:7-86:16),"int i = 1"
249,BINARYOPERATOR,"<=",Sociologia.java(86:18-86:29),"i<=npessoas"
250,UNARYOPERATOR,"++",Sociologia.java(86:31-86:34),"i++"
251,VARIABLEDECLARATION,"i",Sociologia.java(86:11-86:16),"i = 1"
252,DECLAREDREFERENCEEXPRESSION,"this",Sociologia.java(87:8-87:10),"this"
253,DECLAREDREFERENCEEXPRESSION,"i",Sociologia.java(86:18-86:19),"i"
254,IFSTATEMENT,"",Sociologia.java(87:4-88:18),"if(!gt[i].visitado)
				return false;"
255,DECLAREDREFERENCEEXPRESSION,"i",Sociologia.java(86:31-86:32),"i"
256,UNARYOPERATOR,"!",Sociologia.java(87:7-87:22),"!gt[i].visitado"
257,RETURNSTATEMENT,"",Sociologia.java(88:5-88:18),"return false;"
258,LITERAL,"",Sociologia.java(88:12-88:17),"false"
259,MEMBEREXPRESSION,"visitado",Sociologia.java(87:8-87:22),"gt[i].visitado"
260,ARRAYSUBSCRIPTIONEXPRESSION,"",Sociologia.java(87:8-87:13),"gt[i]"
261,MEMBEREXPRESSION,"gt",Sociologia.java(87:8-87:10),"gt"
262,DECLAREDREFERENCEEXPRESSION,"i",Sociologia.java(87:11-87:12),"i"
263,MEMBEREXPRESSION,"npessoas",Sociologia.java(86:21-86:29),"npessoas"
264,DECLAREDREFERENCEEXPRESSION,"this",Sociologia.java(86:21-86:29),"this"
265,VARIABLEDECLARATION,"this",,""
266,COMPOUNDSTATEMENT,"",Sociologia.java(41:30-52:3),"{
		inicializar();
		for(int i = 1; i<=npessoas; i++){
			int pessoa = in.nextInt();
			int namigo = in.nextInt();
			for(int j = 0; j<namigo; j++){
				int amigo = in.nextInt();
				g[pessoa].addLigacao(g[amigo]);
				gt[amigo].addLigacao(gt[pessoa]);
			}
		}
	}"
267,PARAMVARIABLEDECLARATION,"in",Sociologia.java(41:19-41:29),"Scanner in"
268,CALLEXPRESSION,"inicializar",Sociologia.java(42:3-42:17),"inicializar();"
269,RETURNSTATEMENT,"",,""
270,FORSTATEMENT,"",Sociologia.java(43:3-51:4),"for(int i = 1; i<=npessoas; i++){
			int pessoa = in.nextInt();
			int namigo = in.nextInt();
			for(int j = 0; j<namigo; j++){
				int amigo = in.nextInt();
				g[pessoa].addLigacao(g[amigo]);
				gt[amigo].addLigacao(gt[pessoa]);
			}
		}"
271,METHODDECLARATION,"inicializar",,""
272,LITERAL,"",Sociologia.java(43:15-43:16),"1"
273,COMPOUNDSTATEMENT,"",Sociologia.java(43:35-51:4),"{
			int pessoa = in.nextInt();
			int namigo = in.nextInt();
			for(int j = 0; j<namigo; j++){
				int amigo = in.nextInt();
				g[pessoa].addLigacao(g[amigo]);
				gt[amigo].addLigacao(gt[pessoa]);
			}
		}"
274,DECLARATIONSTATEMENT,"",Sociologia.java(43:7-43:16),"int i = 1"
275,BINARYOPERATOR,"<=",Sociologia.java(43:18-43:29),"i<=npessoas"
276,UNARYOPERATOR,"++",Sociologia.java(43:31-43:34),"i++"
277,VARIABLEDECLARATION,"i",Sociologia.java(43:11-43:16),"i = 1"
278,DECLAREDREFERENCEEXPRESSION,"in",Sociologia.java(44:17-44:19),"in"
279,DECLARATIONSTATEMENT,"",Sociologia.java(44:4-44:30),"int pessoa = in.nextInt();"
280,DECLARATIONSTATEMENT,"",Sociologia.java(45:4-45:30),"int namigo = in.nextInt();"
281,FORSTATEMENT,"",Sociologia.java(46:4-50:5),"for(int j = 0; j<namigo; j++){
				int amigo = in.nextInt();
				g[pessoa].addLigacao(g[amigo]);
				gt[amigo].addLigacao(gt[pessoa]);
			}"
282,VARIABLEDECLARATION,"pessoa",Sociologia.java(44:8-44:29),"pessoa = in.nextInt()"
283,VARIABLEDECLARATION,"namigo",Sociologia.java(45:8-45:29),"namigo = in.nextInt()"
284,DECLAREDREFERENCEEXPRESSION,"i",Sociologia.java(43:31-43:32),"i"
285,MEMBERCALLEXPRESSION,"nextInt",Sociologia.java(44:17-44:29),"in.nextInt()"
286,DECLAREDREFERENCEEXPRESSION,"nextInt",Sociologia.java(44:20-44:27),"nextInt"
287,DECLAREDREFERENCEEXPRESSION,"in",Sociologia.java(45:17-45:19),"in"
288,MEMBERCALLEXPRESSION,"nextInt",Sociologia.java(45:17-45:29),"in.nextInt()"
289,DECLAREDREFERENCEEXPRESSION,"nextInt",Sociologia.java(45:20-45:27),"nextInt"
290,COMPOUNDSTATEMENT,"",Sociologia.java(46:33-50:5),"{
				int amigo = in.nextInt();
				g[pessoa].addLigacao(g[amigo]);
				gt[amigo].addLigacao(gt[pessoa]);
			}"
291,DECLARATIONSTATEMENT,"",Sociologia.java(46:8-46:17),"int j = 0"
292,BINARYOPERATOR,"<",Sociologia.java(46:19-46:27),"j<namigo"
293,UNARYOPERATOR,"++",Sociologia.java(46:29-46:32),"j++"
294,VARIABLEDECLARATION,"j",Sociologia.java(46:12-46:17),"j = 0"
295,DECLAREDREFERENCEEXPRESSION,"in",Sociologia.java(47:17-47:19),"in"
296,DECLAREDREFERENCEEXPRESSION,"j",Sociologia.java(46:29-46:30),"j"
297,DECLAREDREFERENCEEXPRESSION,"j",Sociologia.java(46:19-46:20),"j"
298,DECLARATIONSTATEMENT,"",Sociologia.java(47:5-47:30),"int amigo = in.nextInt();"
299,MEMBERCALLEXPRESSION,"addLigacao",Sociologia.java(48:5-48:36),"g[pessoa].addLigacao(g[amigo]);"
300,MEMBERCALLEXPRESSION,"addLigacao",Sociologia.java(49:5-49:38),"gt[amigo].addLigacao(gt[pessoa]);"
301,VARIABLEDECLARATION,"amigo",Sociologia.java(47:9-47:29),"amigo = in.nextInt()"
302,MEMBERCALLEXPRESSION,"nextInt",Sociologia.java(47:17-47:29),"in.nextInt()"
303,DECLAREDREFERENCEEXPRESSION,"nextInt",Sociologia.java(47:20-47:27),"nextInt"
304,DECLAREDREFERENCEEXPRESSION,"addLigacao",Sociologia.java(49:15-49:25),"addLigacao"
305,METHODDECLARATION,"addLigacao",,""
306,ARRAYSUBSCRIPTIONEXPRESSION,"",Sociologia.java(49:26-49:36),"gt[pessoa]"
307,ARRAYSUBSCRIPTIONEXPRESSION,"",Sociologia.java(49:5-49:14),"gt[amigo]"
308,MEMBEREXPRESSION,"gt",Sociologia.java(49:5-49:7),"gt"
309,DECLAREDREFERENCEEXPRESSION,"amigo",Sociologia.java(49:8-49:13),"amigo"
310,DECLAREDREFERENCEEXPRESSION,"this",Sociologia.java(49:26-49:28),"this"
311,DECLAREDREFERENCEEXPRESSION,"this",Sociologia.java(49:5-49:7),"this"
312,MEMBEREXPRESSION,"gt",Sociologia.java(49:26-49:28),"gt"
313,DECLAREDREFERENCEEXPRESSION,"pessoa",Sociologia.java(49:29-49:35),"pessoa"
314,PARAMVARIABLEDECLARATION,"no0",,""
315,DECLAREDREFERENCEEXPRESSION,"this",Sociologia.java(48:5-48:6),"this"
316,DECLAREDREFERENCEEXPRESSION,"addLigacao",Sociologia.java(48:15-48:25),"addLigacao"
317,ARRAYSUBSCRIPTIONEXPRESSION,"",Sociologia.java(48:26-48:34),"g[amigo]"
318,MEMBEREXPRESSION,"g",Sociologia.java(48:26-48:27),"g"
319,DECLAREDREFERENCEEXPRESSION,"amigo",Sociologia.java(48:28-48:33),"amigo"
320,DECLAREDREFERENCEEXPRESSION,"this",Sociologia.java(48:26-48:27),"this"
321,ARRAYSUBSCRIPTIONEXPRESSION,"",Sociologia.java(48:5-48:14),"g[pessoa]"
322,MEMBEREXPRESSION,"g",Sociologia.java(48:5-48:6),"g"
323,DECLAREDREFERENCEEXPRESSION,"pessoa",Sociologia.java(48:7-48:13),"pessoa"
324,DECLAREDREFERENCEEXPRESSION,"namigo",Sociologia.java(46:21-46:27),"namigo"
325,LITERAL,"",Sociologia.java(46:16-46:17),"0"
326,DECLAREDREFERENCEEXPRESSION,"i",Sociologia.java(43:18-43:19),"i"
327,MEMBEREXPRESSION,"npessoas",Sociologia.java(43:21-43:29),"npessoas"
328,DECLAREDREFERENCEEXPRESSION,"this",Sociologia.java(43:21-43:29),"this"
329,VARIABLEDECLARATION,"this",,""
330,COMPOUNDSTATEMENT,"",Sociologia.java(71:22-84:3),"{
		int maximo = 0; 
		No max = new No(0);
		
		for(int i = 1; i<=npessoas; i++){
			if(!gt[i].visitado){
				if(gt[i].tempof > maximo){
					maximo = gt[i].tempof;
					max = gt[i];
				}
			}
		}
		return max;
	}"
331,LITERAL,"",Sociologia.java(72:16-72:17),"0"
332,RETURNSTATEMENT,"",Sociologia.java(83:3-83:14),"return max;"
333,DECLARATIONSTATEMENT,"",Sociologia.java(72:3-72:18),"int maximo = 0;"
334,DECLARATIONSTATEMENT,"",Sociologia.java(73:3-73:22),"No max = new No(0);"
335,FORSTATEMENT,"",Sociologia.java(75:3-82:4),"for(int i = 1; i<=npessoas; i++){
			if(!gt[i].visitado){
				if(gt[i].tempof > maximo){
					maximo = gt[i].tempof;
					max = gt[i];
				}
			}
		}"
336,VARIABLEDECLARATION,"maximo",Sociologia.java(72:7-72:17),"maximo = 0"
337,VARIABLEDECLARATION,"max",Sociologia.java(73:6-73:21),"max = new No(0)"
338,COMPOUNDSTATEMENT,"",Sociologia.java(75:35-82:4),"{
			if(!gt[i].visitado){
				if(gt[i].tempof > maximo){
					maximo = gt[i].tempof;
					max = gt[i];
				}
			}
		}"
339,DECLARATIONSTATEMENT,"",Sociologia.java(75:7-75:16),"int i = 1"
340,BINARYOPERATOR,"<=",Sociologia.java(75:18-75:29),"i<=npessoas"
341,UNARYOPERATOR,"++",Sociologia.java(75:31-75:34),"i++"
342,VARIABLEDECLARATION,"i",Sociologia.java(75:11-75:16),"i = 1"
343,DECLAREDREFERENCEEXPRESSION,"this",Sociologia.java(76:8-76:10),"this"
344,DECLAREDREFERENCEEXPRESSION,"max",Sociologia.java(83:10-83:13),"max"
345,DECLAREDREFERENCEEXPRESSION,"i",Sociologia.java(75:31-75:32),"i"
346,DECLAREDREFERENCEEXPRESSION,"i",Sociologia.java(75:18-75:19),"i"
347,IFSTATEMENT,"",Sociologia.java(76:4-81:5),"if(!gt[i].visitado){
				if(gt[i].tempof > maximo){
					maximo = gt[i].tempof;
					max = gt[i];
				}
			}"
348,COMPOUNDSTATEMENT,"",Sociologia.java(76:23-81:5),"{
				if(gt[i].tempof > maximo){
					maximo = gt[i].tempof;
					max = gt[i];
				}
			}"
349,UNARYOPERATOR,"!",Sociologia.java(76:7-76:22),"!gt[i].visitado"
350,DECLAREDREFERENCEEXPRESSION,"this",Sociologia.java(77:8-77:10),"this"
351,MEMBEREXPRESSION,"visitado",Sociologia.java(76:8-76:22),"gt[i].visitado"
352,ARRAYSUBSCRIPTIONEXPRESSION,"",Sociologia.java(76:8-76:13),"gt[i]"
353,MEMBEREXPRESSION,"gt",Sociologia.java(76:8-76:10),"gt"
354,DECLAREDREFERENCEEXPRESSION,"i",Sociologia.java(76:11-76:12),"i"
355,IFSTATEMENT,"",Sociologia.java(77:5-80:6),"if(gt[i].tempof > maximo){
					maximo = gt[i].tempof;
					max = gt[i];
				}"
356,COMPOUNDSTATEMENT,"",Sociologia.java(77:30-80:6),"{
					maximo = gt[i].tempof;
					max = gt[i];
				}"
357,BINARYOPERATOR,">",Sociologia.java(77:8-77:29),"gt[i].tempof > maximo"
358,DECLAREDREFERENCEEXPRESSION,"maximo",Sociologia.java(78:6-78:12),"maximo"
359,BINARYOPERATOR,"=",Sociologia.java(78:6-78:28),"maximo = gt[i].tempof;"
360,BINARYOPERATOR,"=",Sociologia.java(79:6-79:18),"max = gt[i];"
361,DECLAREDREFERENCEEXPRESSION,"max",Sociologia.java(79:6-79:9),"max"
362,ARRAYSUBSCRIPTIONEXPRESSION,"",Sociologia.java(79:12-79:17),"gt[i]"
363,DECLAREDREFERENCEEXPRESSION,"this",Sociologia.java(79:12-79:14),"this"
364,MEMBEREXPRESSION,"gt",Sociologia.java(79:12-79:14),"gt"
365,DECLAREDREFERENCEEXPRESSION,"i",Sociologia.java(79:15-79:16),"i"
366,MEMBEREXPRESSION,"tempof",Sociologia.java(78:15-78:27),"gt[i].tempof"
367,ARRAYSUBSCRIPTIONEXPRESSION,"",Sociologia.java(78:15-78:20),"gt[i]"
368,MEMBEREXPRESSION,"gt",Sociologia.java(78:15-78:17),"gt"
369,DECLAREDREFERENCEEXPRESSION,"i",Sociologia.java(78:18-78:19),"i"
370,DECLAREDREFERENCEEXPRESSION,"this",Sociologia.java(78:15-78:17),"this"
371,MEMBEREXPRESSION,"tempof",Sociologia.java(77:8-77:20),"gt[i].tempof"
372,DECLAREDREFERENCEEXPRESSION,"maximo",Sociologia.java(77:23-77:29),"maximo"
373,ARRAYSUBSCRIPTIONEXPRESSION,"",Sociologia.java(77:8-77:13),"gt[i]"
374,MEMBEREXPRESSION,"gt",Sociologia.java(77:8-77:10),"gt"
375,DECLAREDREFERENCEEXPRESSION,"i",Sociologia.java(77:11-77:12),"i"
376,LITERAL,"",Sociologia.java(75:15-75:16),"1"
377,MEMBEREXPRESSION,"npessoas",Sociologia.java(75:21-75:29),"npessoas"
378,DECLAREDREFERENCEEXPRESSION,"this",Sociologia.java(75:21-75:29),"this"
379,LITERAL,"",Sociologia.java(73:19-73:20),"0"
380,NEWEXPRESSION,"",Sociologia.java(73:12-73:21),"new No(0)"
381,CONSTRUCTEXPRESSION,"",Sociologia.java(73:12-73:21),"new No(0)"
382,FIELDDECLARATION,"this",,""
383,FIELDDECLARATION,"no",Sociologia.java(6:2-6:9),"no"
384,FIELDDECLARATION,"tempof",Sociologia.java(7:2-7:13),"tempof"
385,FIELDDECLARATION,"adj",Sociologia.java(8:2-8:21),"adj"
386,FIELDDECLARATION,"visitado",Sociologia.java(9:2-9:19),"visitado"
387,METHODDECLARATION,"addLigacao",Sociologia.java(17:2-19:3),"void addLigacao(No x){
		adj.addLast(x);
	}"
388,CONSTRUCTORDECLARATION,"No",Sociologia.java(11:2-16:3),"No(int n){
		no = n;
		tempof = 0;
		adj = new LinkedList<No>();
		visitado = false;
	}"
389,VARIABLEDECLARATION,"this",,""
390,COMPOUNDSTATEMENT,"",Sociologia.java(17:23-19:3),"{
		adj.addLast(x);
	}"
391,PARAMVARIABLEDECLARATION,"x",Sociologia.java(17:18-17:22),"No x"
392,DECLAREDREFERENCEEXPRESSION,"this",Sociologia.java(18:3-18:6),"this"
393,RETURNSTATEMENT,"",,""
394,MEMBERCALLEXPRESSION,"addLast",Sociologia.java(18:3-18:18),"adj.addLast(x);"
395,DECLAREDREFERENCEEXPRESSION,"addLast",Sociologia.java(18:7-18:14),"addLast"
396,DECLAREDREFERENCEEXPRESSION,"x",Sociologia.java(18:15-18:16),"x"
397,MEMBEREXPRESSION,"adj",Sociologia.java(18:3-18:6),"adj"
398,COMPOUNDSTATEMENT,"",Sociologia.java(11:11-16:3),"{
		no = n;
		tempof = 0;
		adj = new LinkedList<No>();
		visitado = false;
	}"
399,PARAMVARIABLEDECLARATION,"n",Sociologia.java(11:5-11:10),"int n"
400,DECLAREDREFERENCEEXPRESSION,"this",Sociologia.java(12:3-12:5),"this"
401,RETURNSTATEMENT,"",,""
402,BINARYOPERATOR,"=",Sociologia.java(12:3-12:10),"no = n;"
403,BINARYOPERATOR,"=",Sociologia.java(13:3-13:14),"tempof = 0;"
404,BINARYOPERATOR,"=",Sociologia.java(14:3-14:30),"adj = new LinkedList<No>();"
405,BINARYOPERATOR,"=",Sociologia.java(15:3-15:20),"visitado = false;"
406,MEMBEREXPRESSION,"adj",Sociologia.java(14:3-14:6),"adj"
407,NEWEXPRESSION,"",Sociologia.java(14:9-14:29),"new LinkedList<No>()"
408,DECLAREDREFERENCEEXPRESSION,"this",Sociologia.java(15:3-15:11),"this"
409,DECLAREDREFERENCEEXPRESSION,"this",Sociologia.java(14:3-14:6),"this"
410,CONSTRUCTEXPRESSION,"",Sociologia.java(14:9-14:29),"new LinkedList<No>()"
411,MEMBEREXPRESSION,"no",Sociologia.java(12:3-12:5),"no"
412,DECLAREDREFERENCEEXPRESSION,"n",Sociologia.java(12:8-12:9),"n"
413,DECLAREDREFERENCEEXPRESSION,"this",Sociologia.java(13:3-13:9),"this"
414,MEMBEREXPRESSION,"tempof",Sociologia.java(13:3-13:9),"tempof"
415,LITERAL,"",Sociologia.java(13:12-13:13),"0"
416,MEMBEREXPRESSION,"visitado",Sociologia.java(15:3-15:11),"visitado"
417,LITERAL,"",Sociologia.java(15:14-15:19),"false"
418,FIELDDECLARATION,"this",,""
419,METHODDECLARATION,"main",Sociologia.java(122:2-136:3),"public static void main(String[] args) {
		Scanner in = new Scanner(System.in);
		int ncasos = in.nextInt();
		for(int i = 1; i<=ncasos; i++){
			int np = in.nextInt();
			Graph novo = new Graph(np);
			novo.createGrafo(in);
			novo.DFS();
			novo.DFS_T();
			
			System.out.printf(""Caso #%d\n"", i);
			novo.Output();
		}

	}"
420,CONSTRUCTORDECLARATION,"Sociologia",,""
421,VARIABLEDECLARATION,"this",,""
422,COMPOUNDSTATEMENT,"",Sociologia.java(122:41-136:3),"{
		Scanner in = new Scanner(System.in);
		int ncasos = in.nextInt();
		for(int i = 1; i<=ncasos; i++){
			int np = in.nextInt();
			Graph novo = new Graph(np);
			novo.createGrafo(in);
			novo.DFS();
			novo.DFS_T();
			
			System.out.printf(""Caso #%d\n"", i);
			novo.Output();
		}

	}"
423,PARAMVARIABLEDECLARATION,"args",Sociologia.java(122:26-122:39),"String[] args"
424,DECLAREDREFERENCEEXPRESSION,"System",Sociologia.java(123:28-123:34),"System"
425,RETURNSTATEMENT,"",,""
426,DECLARATIONSTATEMENT,"",Sociologia.java(123:3-123:39),"Scanner in = new Scanner(System.in);"
427,DECLARATIONSTATEMENT,"",Sociologia.java(124:3-124:29),"int ncasos = in.nextInt();"
428,FORSTATEMENT,"",Sociologia.java(125:3-134:4),"for(int i = 1; i<=ncasos; i++){
			int np = in.nextInt();
			Graph novo = new Graph(np);
			novo.createGrafo(in);
			novo.DFS();
			novo.DFS_T();
			
			System.out.printf(""Caso #%d\n"", i);
			novo.Output();
		}"
429,VARIABLEDECLARATION,"in",Sociologia.java(123:11-123:38),"in = new Scanner(System.in)"
430,VARIABLEDECLARATION,"ncasos",Sociologia.java(124:7-124:28),"ncasos = in.nextInt()"
431,DECLAREDREFERENCEEXPRESSION,"in",Sociologia.java(124:16-124:18),"in"
432,MEMBERCALLEXPRESSION,"nextInt",Sociologia.java(124:16-124:28),"in.nextInt()"
433,DECLAREDREFERENCEEXPRESSION,"nextInt",Sociologia.java(124:19-124:26),"nextInt"
434,LITERAL,"",Sociologia.java(125:15-125:16),"1"
435,NEWEXPRESSION,"",Sociologia.java(123:16-123:38),"new Scanner(System.in)"
436,CONSTRUCTEXPRESSION,"",Sociologia.java(123:16-123:38),"new Scanner(System.in)"
437,MEMBEREXPRESSION,"in",Sociologia.java(123:28-123:37),"System.in"
438,COMPOUNDSTATEMENT,"",Sociologia.java(125:33-134:4),"{
			int np = in.nextInt();
			Graph novo = new Graph(np);
			novo.createGrafo(in);
			novo.DFS();
			novo.DFS_T();
			
			System.out.printf(""Caso #%d\n"", i);
			novo.Output();
		}"
439,DECLARATIONSTATEMENT,"",Sociologia.java(125:7-125:16),"int i = 1"
440,BINARYOPERATOR,"<=",Sociologia.java(125:18-125:27),"i<=ncasos"
441,UNARYOPERATOR,"++",Sociologia.java(125:29-125:32),"i++"
442,VARIABLEDECLARATION,"i",Sociologia.java(125:11-125:16),"i = 1"
443,DECLAREDREFERENCEEXPRESSION,"in",Sociologia.java(126:13-126:15),"in"
444,DECLAREDREFERENCEEXPRESSION,"i",Sociologia.java(125:18-125:19),"i"
445,DECLARATIONSTATEMENT,"",Sociologia.java(126:4-126:26),"int np = in.nextInt();"
446,DECLARATIONSTATEMENT,"",Sociologia.java(127:4-127:31),"Graph novo = new Graph(np);"
447,MEMBERCALLEXPRESSION,"createGrafo",Sociologia.java(128:4-128:25),"novo.createGrafo(in);"
448,MEMBERCALLEXPRESSION,"DFS",Sociologia.java(129:4-129:15),"novo.DFS();"
449,MEMBERCALLEXPRESSION,"DFS_T",Sociologia.java(130:4-130:17),"novo.DFS_T();"
450,MEMBERCALLEXPRESSION,"printf",Sociologia.java(132:4-132:39),"System.out.printf(""Caso #%d\n"", i);"
451,MEMBERCALLEXPRESSION,"Output",Sociologia.java(133:4-133:18),"novo.Output();"
452,VARIABLEDECLARATION,"np",Sociologia.java(126:8-126:25),"np = in.nextInt()"
453,VARIABLEDECLARATION,"novo",Sociologia.java(127:10-127:30),"novo = new Graph(np)"
454,DECLAREDREFERENCEEXPRESSION,"i",Sociologia.java(125:29-125:30),"i"
455,DECLAREDREFERENCEEXPRESSION,"novo",Sociologia.java(128:4-128:8),"novo"
456,NEWEXPRESSION,"",Sociologia.java(127:17-127:30),"new Graph(np)"
457,CONSTRUCTEXPRESSION,"",Sociologia.java(127:17-127:30),"new Graph(np)"
458,CONSTRUCTORDECLARATION,"Graph",Prob19.java(28:5-33:6),"Graph(int n) {
	this.n = n;
	nodes  = new Node[n+1]; // +1 se os comecam em 1 ao inves de 0
	for (int i=1; i<=n; i++)
	    nodes[i] = new Node();
    }"
459,DECLAREDREFERENCEEXPRESSION,"np",Sociologia.java(127:27-127:29),"np"
460,PARAMVARIABLEDECLARATION,"n",Prob19.java(28:11-28:16),"int n"
461,DECLAREDREFERENCEEXPRESSION,"createGrafo",Sociologia.java(128:9-128:20),"createGrafo"
462,METHODDECLARATION,"createGrafo",,""
463,DECLAREDREFERENCEEXPRESSION,"novo",Sociologia.java(129:4-129:8),"novo"
464,DECLAREDREFERENCEEXPRESSION,"in",Sociologia.java(128:21-128:23),"in"
465,PARAMVARIABLEDECLARATION,"java.util.scanner0",,""
466,DECLAREDREFERENCEEXPRESSION,"DFS_T",Sociologia.java(130:9-130:14),"DFS_T"
467,METHODDECLARATION,"DFS_T",,""
468,DECLAREDREFERENCEEXPRESSION,"System",Sociologia.java(132:4-132:10),"System"
469,DECLAREDREFERENCEEXPRESSION,"novo",Sociologia.java(130:4-130:8),"novo"
470,DECLAREDREFERENCEEXPRESSION,"printf",Sociologia.java(132:15-132:21),"printf"
471,DECLAREDREFERENCEEXPRESSION,"novo",Sociologia.java(133:4-133:8),"novo"
472,DECLAREDREFERENCEEXPRESSION,"i",Sociologia.java(132:36-132:37),"i"
473,LITERAL,"",Sociologia.java(132:22-132:34),"""Caso #%d\n"""
474,MEMBEREXPRESSION,"out",Sociologia.java(132:4-132:14),"System.out"
475,MEMBERCALLEXPRESSION,"nextInt",Sociologia.java(126:13-126:25),"in.nextInt()"
476,DECLAREDREFERENCEEXPRESSION,"nextInt",Sociologia.java(126:16-126:23),"nextInt"
477,DECLAREDREFERENCEEXPRESSION,"DFS",Sociologia.java(129:9-129:12),"DFS"
478,METHODDECLARATION,"DFS",,""
479,DECLAREDREFERENCEEXPRESSION,"Output",Sociologia.java(133:9-133:15),"Output"
480,METHODDECLARATION,"Output",,""
481,DECLAREDREFERENCEEXPRESSION,"ncasos",Sociologia.java(125:21-125:27),"ncasos"
