id,type,token,location,code
1,TRANSLATIONUNITDECLARATION,"/data/00000019/submissions/05739833_Sociologia_110307006/Sociologia.java",,""
2,RECORDDECLARATION,"Sociologia",Sociologia.java(3:1-160:2),"class Sociologia {
	public static void main(String args[]){
		Scanner stdin = new Scanner(System.in);

		int ncenarios = stdin.nextInt();
		for (int i = 0; i < ncenarios; i++) {
			analisaCenario(stdin, i);
		}
	}

	static void analisaCenario(Scanner stdin, int indcenario) {
		int nalunos = stdin.nextInt();
		Grafo cenario = new Grafo(nalunos);
		for (int i = 0; i < nalunos; i++) {
			int id = stdin.nextInt() - 1;
			analisaAluno(cenario, id, stdin);
		}
		//System.out.println(cenario);
		System.out.printf(""Caso #%d\n"", indcenario + 1);
		contaGrupos(cenario);
	}

	static void analisaAluno(Grafo cenario, int id, Scanner stdin) {
		int namigos = stdin.nextInt();
		for (int i = 0; i < namigos; i++) {
			int idamigo = stdin.nextInt() - 1;
			Vertex amigo = cenario.vertices[idamigo];
			cenario.vertices[id].arcosadj.add(new Arco(amigo));
		}
	}

	static void contaGrupos(Grafo cenario) {
		int ngrupos4oumais = 0;
		int npessoasoutros = 0;
		Stack<Vertex> s = new Stack<Vertex>();
		while (s.size() < cenario.vertices.length) {
			Vertex u = findNonStacked(cenario);
			cenario.dfsVisit(u, s, 1, true);
		}

		cenario.reverteArcos();
		//System.out.println(cenario);
		while (!s.isEmpty()) {
			Vertex u = s.pop();
			if (u.stacked == true) {
				int npessoasgrupo = cenario.dfsVisit(u, s, 1, false);
				if (npessoasgrupo >= 4)
					ngrupos4oumais++;
				else
					npessoasoutros = npessoasoutros + npessoasgrupo;
			}
		}
		System.out.printf(""%d %d\n"", ngrupos4oumais, npessoasoutros);
	}

	static Vertex findNonStacked(Grafo cenario) {
		for (int i = 0; i < cenario.vertices.length; i++) {
			if (cenario.vertices[i].stacked == false)
				return cenario.vertices[i];
		}
		return null;
	}

	static class Grafo {
		Vertex[] vertices;

		Grafo(int n) {
			vertices = new Vertex[n];

			for (int i = 0; i < n; i++) {
				vertices[i] = new Vertex(i);
			}
		}

		public int dfsVisit(Vertex u, Stack<Vertex> s, int npessoasgrupo, boolean primvolta) {
			u.color = Vertex.Color.gray;
			for (int i = 0; i < u.arcosadj.size(); i++) {
				if (u.arcosadj.get(i).nofinal.color == Vertex.Color.white) {
					Vertex v = u.arcosadj.get(i).nofinal;
					npessoasgrupo++;
					npessoasgrupo = dfsVisit(v, s, npessoasgrupo, primvolta);
				}
			}
			u.color = Vertex.Color.black;
			if (primvolta == true) {
				s.push(u);
				u.stacked = true;
			}
			if (primvolta == false)
				u.stacked = false;
			return npessoasgrupo;
		}

		public void reverteArcos() {
			for (int i = 0; i < this.vertices.length; i++) {
				List<Arco> toRemove = new LinkedList<Sociologia.Arco>();
				for (int j = 0; j < this.vertices[i].arcosadj.size(); j++) {
					Arco actual = this.vertices[i].arcosadj.get(j);
					if (actual.processed == false) {
						Arco novo = new Arco(this.vertices[i]);
						novo.processed = true;
						this.vertices[actual.nofinal.id].arcosadj.add(novo);
						toRemove.add(actual);
					}
				}
				
				for (Arco arco : toRemove) {
					this.vertices[i].arcosadj.remove(arco);
				}
			}
			
			for (int i = 0; i < this.vertices.length; i++) {
				this.vertices[i].color = Vertex.Color.white;
			}
		}

		public String toString() {
			StringBuffer sb = new StringBuffer();
			for (Vertex v : this.vertices) {
				sb.append(""v = "" + v.id + ""\n"");
				for (Arco a : v.arcosadj) {
					sb.append(""\t--> "" + a.nofinal.id + ""\n"");
				}
			}
			
			return sb.toString();
		}
	}

	static class Vertex {
		enum Color {
			white, gray, black
		}

		int id;
		Color color;
		boolean stacked;
		LinkedList<Arco> arcosadj;

		Vertex(int i) {
			id = i;
			color = Color.white;
			stacked = false;
			arcosadj = new LinkedList<Arco>();
		}
	}

	static class Arco {
		boolean processed;
		Vertex nofinal;

		Arco(Vertex n) {
			processed = false;
			nofinal = n;
		}
	}

}"
3,INCLUDEDECLARATION,"java.util",,""
4,FIELDDECLARATION,"this",,""
5,METHODDECLARATION,"main",Sociologia.java(4:2-11:3),"public static void main(String args[]){
		Scanner stdin = new Scanner(System.in);

		int ncenarios = stdin.nextInt();
		for (int i = 0; i < ncenarios; i++) {
			analisaCenario(stdin, i);
		}
	}"
6,METHODDECLARATION,"analisaCenario",Sociologia.java(13:2-23:3),"static void analisaCenario(Scanner stdin, int indcenario) {
		int nalunos = stdin.nextInt();
		Grafo cenario = new Grafo(nalunos);
		for (int i = 0; i < nalunos; i++) {
			int id = stdin.nextInt() - 1;
			analisaAluno(cenario, id, stdin);
		}
		//System.out.println(cenario);
		System.out.printf(""Caso #%d\n"", indcenario + 1);
		contaGrupos(cenario);
	}"
7,METHODDECLARATION,"analisaAluno",Sociologia.java(25:2-32:3),"static void analisaAluno(Grafo cenario, int id, Scanner stdin) {
		int namigos = stdin.nextInt();
		for (int i = 0; i < namigos; i++) {
			int idamigo = stdin.nextInt() - 1;
			Vertex amigo = cenario.vertices[idamigo];
			cenario.vertices[id].arcosadj.add(new Arco(amigo));
		}
	}"
8,METHODDECLARATION,"contaGrupos",Sociologia.java(34:2-56:3),"static void contaGrupos(Grafo cenario) {
		int ngrupos4oumais = 0;
		int npessoasoutros = 0;
		Stack<Vertex> s = new Stack<Vertex>();
		while (s.size() < cenario.vertices.length) {
			Vertex u = findNonStacked(cenario);
			cenario.dfsVisit(u, s, 1, true);
		}

		cenario.reverteArcos();
		//System.out.println(cenario);
		while (!s.isEmpty()) {
			Vertex u = s.pop();
			if (u.stacked == true) {
				int npessoasgrupo = cenario.dfsVisit(u, s, 1, false);
				if (npessoasgrupo >= 4)
					ngrupos4oumais++;
				else
					npessoasoutros = npessoasoutros + npessoasgrupo;
			}
		}
		System.out.printf(""%d %d\n"", ngrupos4oumais, npessoasoutros);
	}"
9,METHODDECLARATION,"findNonStacked",Sociologia.java(58:2-64:3),"static Vertex findNonStacked(Grafo cenario) {
		for (int i = 0; i < cenario.vertices.length; i++) {
			if (cenario.vertices[i].stacked == false)
				return cenario.vertices[i];
		}
		return null;
	}"
10,CONSTRUCTORDECLARATION,"Sociologia",,""
11,RECORDDECLARATION,"Sociologia.Grafo",Sociologia.java(66:2-130:3),"static class Grafo {
		Vertex[] vertices;

		Grafo(int n) {
			vertices = new Vertex[n];

			for (int i = 0; i < n; i++) {
				vertices[i] = new Vertex(i);
			}
		}

		public int dfsVisit(Vertex u, Stack<Vertex> s, int npessoasgrupo, boolean primvolta) {
			u.color = Vertex.Color.gray;
			for (int i = 0; i < u.arcosadj.size(); i++) {
				if (u.arcosadj.get(i).nofinal.color == Vertex.Color.white) {
					Vertex v = u.arcosadj.get(i).nofinal;
					npessoasgrupo++;
					npessoasgrupo = dfsVisit(v, s, npessoasgrupo, primvolta);
				}
			}
			u.color = Vertex.Color.black;
			if (primvolta == true) {
				s.push(u);
				u.stacked = true;
			}
			if (primvolta == false)
				u.stacked = false;
			return npessoasgrupo;
		}

		public void reverteArcos() {
			for (int i = 0; i < this.vertices.length; i++) {
				List<Arco> toRemove = new LinkedList<Sociologia.Arco>();
				for (int j = 0; j < this.vertices[i].arcosadj.size(); j++) {
					Arco actual = this.vertices[i].arcosadj.get(j);
					if (actual.processed == false) {
						Arco novo = new Arco(this.vertices[i]);
						novo.processed = true;
						this.vertices[actual.nofinal.id].arcosadj.add(novo);
						toRemove.add(actual);
					}
				}
				
				for (Arco arco : toRemove) {
					this.vertices[i].arcosadj.remove(arco);
				}
			}
			
			for (int i = 0; i < this.vertices.length; i++) {
				this.vertices[i].color = Vertex.Color.white;
			}
		}

		public String toString() {
			StringBuffer sb = new StringBuffer();
			for (Vertex v : this.vertices) {
				sb.append(""v = "" + v.id + ""\n"");
				for (Arco a : v.arcosadj) {
					sb.append(""\t--> "" + a.nofinal.id + ""\n"");
				}
			}
			
			return sb.toString();
		}
	}"
12,RECORDDECLARATION,"Sociologia.Vertex",Sociologia.java(132:2-148:3),"static class Vertex {
		enum Color {
			white, gray, black
		}

		int id;
		Color color;
		boolean stacked;
		LinkedList<Arco> arcosadj;

		Vertex(int i) {
			id = i;
			color = Color.white;
			stacked = false;
			arcosadj = new LinkedList<Arco>();
		}
	}"
13,RECORDDECLARATION,"Sociologia.Arco",Sociologia.java(150:2-158:3),"static class Arco {
		boolean processed;
		Vertex nofinal;

		Arco(Vertex n) {
			processed = false;
			nofinal = n;
		}
	}"
14,VARIABLEDECLARATION,"this",,""
15,COMPOUNDSTATEMENT,"",Sociologia.java(58:46-64:3),"{
		for (int i = 0; i < cenario.vertices.length; i++) {
			if (cenario.vertices[i].stacked == false)
				return cenario.vertices[i];
		}
		return null;
	}"
16,PARAMVARIABLEDECLARATION,"cenario",Sociologia.java(58:31-58:44),"Grafo cenario"
17,LITERAL,"",Sociologia.java(59:16-59:17),"0"
18,RETURNSTATEMENT,"",Sociologia.java(63:3-63:15),"return null;"
19,FORSTATEMENT,"",Sociologia.java(59:3-62:4),"for (int i = 0; i < cenario.vertices.length; i++) {
			if (cenario.vertices[i].stacked == false)
				return cenario.vertices[i];
		}"
20,COMPOUNDSTATEMENT,"",Sociologia.java(59:53-62:4),"{
			if (cenario.vertices[i].stacked == false)
				return cenario.vertices[i];
		}"
21,DECLARATIONSTATEMENT,"",Sociologia.java(59:8-59:17),"int i = 0"
22,BINARYOPERATOR,"<",Sociologia.java(59:19-59:46),"i < cenario.vertices.length"
23,UNARYOPERATOR,"++",Sociologia.java(59:48-59:51),"i++"
24,VARIABLEDECLARATION,"i",Sociologia.java(59:12-59:17),"i = 0"
25,DECLAREDREFERENCEEXPRESSION,"cenario",Sociologia.java(60:8-60:15),"cenario"
26,LITERAL,"",Sociologia.java(63:10-63:14),"null"
27,DECLAREDREFERENCEEXPRESSION,"i",Sociologia.java(59:19-59:20),"i"
28,DECLAREDREFERENCEEXPRESSION,"i",Sociologia.java(59:48-59:49),"i"
29,IFSTATEMENT,"",Sociologia.java(60:4-61:32),"if (cenario.vertices[i].stacked == false)
				return cenario.vertices[i];"
30,BINARYOPERATOR,"==",Sociologia.java(60:8-60:44),"cenario.vertices[i].stacked == false"
31,RETURNSTATEMENT,"",Sociologia.java(61:5-61:32),"return cenario.vertices[i];"
32,DECLAREDREFERENCEEXPRESSION,"cenario",Sociologia.java(61:12-61:19),"cenario"
33,ARRAYSUBSCRIPTIONEXPRESSION,"",Sociologia.java(61:12-61:31),"cenario.vertices[i]"
34,MEMBEREXPRESSION,"vertices",Sociologia.java(61:12-61:28),"cenario.vertices"
35,DECLAREDREFERENCEEXPRESSION,"i",Sociologia.java(61:29-61:30),"i"
36,MEMBEREXPRESSION,"stacked",Sociologia.java(60:8-60:35),"cenario.vertices[i].stacked"
37,LITERAL,"",Sociologia.java(60:39-60:44),"false"
38,ARRAYSUBSCRIPTIONEXPRESSION,"",Sociologia.java(60:8-60:27),"cenario.vertices[i]"
39,MEMBEREXPRESSION,"vertices",Sociologia.java(60:8-60:24),"cenario.vertices"
40,DECLAREDREFERENCEEXPRESSION,"i",Sociologia.java(60:25-60:26),"i"
41,MEMBEREXPRESSION,"length",Sociologia.java(59:23-59:46),"cenario.vertices.length"
42,DECLAREDREFERENCEEXPRESSION,"cenario",Sociologia.java(59:23-59:30),"cenario"
43,MEMBEREXPRESSION,"vertices",Sociologia.java(59:23-59:39),"cenario.vertices"
44,VARIABLEDECLARATION,"this",,""
45,COMPOUNDSTATEMENT,"",Sociologia.java(25:65-32:3),"{
		int namigos = stdin.nextInt();
		for (int i = 0; i < namigos; i++) {
			int idamigo = stdin.nextInt() - 1;
			Vertex amigo = cenario.vertices[idamigo];
			cenario.vertices[id].arcosadj.add(new Arco(amigo));
		}
	}"
46,PARAMVARIABLEDECLARATION,"cenario",Sociologia.java(25:27-25:40),"Grafo cenario"
47,PARAMVARIABLEDECLARATION,"id",Sociologia.java(25:42-25:48),"int id"
48,PARAMVARIABLEDECLARATION,"stdin",Sociologia.java(25:50-25:63),"Scanner stdin"
49,DECLAREDREFERENCEEXPRESSION,"stdin",Sociologia.java(26:17-26:22),"stdin"
50,RETURNSTATEMENT,"",,""
51,DECLARATIONSTATEMENT,"",Sociologia.java(26:3-26:33),"int namigos = stdin.nextInt();"
52,FORSTATEMENT,"",Sociologia.java(27:3-31:4),"for (int i = 0; i < namigos; i++) {
			int idamigo = stdin.nextInt() - 1;
			Vertex amigo = cenario.vertices[idamigo];
			cenario.vertices[id].arcosadj.add(new Arco(amigo));
		}"
53,VARIABLEDECLARATION,"namigos",Sociologia.java(26:7-26:32),"namigos = stdin.nextInt()"
54,COMPOUNDSTATEMENT,"",Sociologia.java(27:37-31:4),"{
			int idamigo = stdin.nextInt() - 1;
			Vertex amigo = cenario.vertices[idamigo];
			cenario.vertices[id].arcosadj.add(new Arco(amigo));
		}"
55,DECLARATIONSTATEMENT,"",Sociologia.java(27:8-27:17),"int i = 0"
56,BINARYOPERATOR,"<",Sociologia.java(27:19-27:30),"i < namigos"
57,UNARYOPERATOR,"++",Sociologia.java(27:32-27:35),"i++"
58,VARIABLEDECLARATION,"i",Sociologia.java(27:12-27:17),"i = 0"
59,DECLAREDREFERENCEEXPRESSION,"stdin",Sociologia.java(28:18-28:23),"stdin"
60,LITERAL,"",Sociologia.java(27:16-27:17),"0"
61,DECLAREDREFERENCEEXPRESSION,"i",Sociologia.java(27:32-27:33),"i"
62,DECLAREDREFERENCEEXPRESSION,"i",Sociologia.java(27:19-27:20),"i"
63,DECLARATIONSTATEMENT,"",Sociologia.java(28:4-28:38),"int idamigo = stdin.nextInt() - 1;"
64,DECLARATIONSTATEMENT,"",Sociologia.java(29:4-29:45),"Vertex amigo = cenario.vertices[idamigo];"
65,MEMBERCALLEXPRESSION,"add",Sociologia.java(30:4-30:55),"cenario.vertices[id].arcosadj.add(new Arco(amigo));"
66,VARIABLEDECLARATION,"idamigo",Sociologia.java(28:8-28:37),"idamigo = stdin.nextInt() - 1"
67,VARIABLEDECLARATION,"amigo",Sociologia.java(29:11-29:44),"amigo = cenario.vertices[idamigo]"
68,DECLAREDREFERENCEEXPRESSION,"cenario",Sociologia.java(29:19-29:26),"cenario"
69,DECLAREDREFERENCEEXPRESSION,"add",Sociologia.java(30:34-30:37),"add"
70,NEWEXPRESSION,"",Sociologia.java(30:38-30:53),"new Arco(amigo)"
71,MEMBEREXPRESSION,"arcosadj",Sociologia.java(30:4-30:33),"cenario.vertices[id].arcosadj"
72,ARRAYSUBSCRIPTIONEXPRESSION,"",Sociologia.java(30:4-30:24),"cenario.vertices[id]"
73,DECLAREDREFERENCEEXPRESSION,"amigo",Sociologia.java(30:47-30:52),"amigo"
74,MEMBEREXPRESSION,"vertices",Sociologia.java(30:4-30:20),"cenario.vertices"
75,DECLAREDREFERENCEEXPRESSION,"id",Sociologia.java(30:21-30:23),"id"
76,DECLAREDREFERENCEEXPRESSION,"cenario",Sociologia.java(30:4-30:11),"cenario"
77,CONSTRUCTEXPRESSION,"",Sociologia.java(30:38-30:53),"new Arco(amigo)"
78,CONSTRUCTORDECLARATION,"Arco",Sociologia.java(154:3-157:4),"Arco(Vertex n) {
			processed = false;
			nofinal = n;
		}"
79,PARAMVARIABLEDECLARATION,"n",Sociologia.java(154:8-154:16),"Vertex n"
80,ARRAYSUBSCRIPTIONEXPRESSION,"",Sociologia.java(29:19-29:44),"cenario.vertices[idamigo]"
81,MEMBEREXPRESSION,"vertices",Sociologia.java(29:19-29:35),"cenario.vertices"
82,DECLAREDREFERENCEEXPRESSION,"idamigo",Sociologia.java(29:36-29:43),"idamigo"
83,BINARYOPERATOR,"-",Sociologia.java(28:18-28:37),"stdin.nextInt() - 1"
84,MEMBERCALLEXPRESSION,"nextInt",Sociologia.java(28:18-28:33),"stdin.nextInt()"
85,LITERAL,"",Sociologia.java(28:36-28:37),"1"
86,DECLAREDREFERENCEEXPRESSION,"nextInt",Sociologia.java(28:24-28:31),"nextInt"
87,DECLAREDREFERENCEEXPRESSION,"namigos",Sociologia.java(27:23-27:30),"namigos"
88,MEMBERCALLEXPRESSION,"nextInt",Sociologia.java(26:17-26:32),"stdin.nextInt()"
89,DECLAREDREFERENCEEXPRESSION,"nextInt",Sociologia.java(26:23-26:30),"nextInt"
90,FIELDDECLARATION,"this",,""
91,FIELDDECLARATION,"id",Sociologia.java(137:3-137:10),"id"
92,FIELDDECLARATION,"color",Sociologia.java(138:3-138:15),"color"
93,FIELDDECLARATION,"stacked",Sociologia.java(139:3-139:19),"stacked"
94,FIELDDECLARATION,"arcosadj",Sociologia.java(140:3-140:29),"arcosadj"
95,CONSTRUCTORDECLARATION,"Vertex",Sociologia.java(142:3-147:4),"Vertex(int i) {
			id = i;
			color = Color.white;
			stacked = false;
			arcosadj = new LinkedList<Arco>();
		}"
96,COMPOUNDSTATEMENT,"",Sociologia.java(142:17-147:4),"{
			id = i;
			color = Color.white;
			stacked = false;
			arcosadj = new LinkedList<Arco>();
		}"
97,PARAMVARIABLEDECLARATION,"i",Sociologia.java(142:10-142:15),"int i"
98,CONSTRUCTEXPRESSION,"",Sociologia.java(73:19-73:32),"new Vertex(i)"
99,DECLAREDREFERENCEEXPRESSION,"this",Sociologia.java(143:4-143:6),"this"
100,RETURNSTATEMENT,"",,""
101,BINARYOPERATOR,"=",Sociologia.java(143:4-143:11),"id = i;"
102,BINARYOPERATOR,"=",Sociologia.java(144:4-144:24),"color = Color.white;"
103,BINARYOPERATOR,"=",Sociologia.java(145:4-145:20),"stacked = false;"
104,BINARYOPERATOR,"=",Sociologia.java(146:4-146:38),"arcosadj = new LinkedList<Arco>();"
105,MEMBEREXPRESSION,"id",Sociologia.java(143:4-143:6),"id"
106,DECLAREDREFERENCEEXPRESSION,"i",Sociologia.java(143:9-143:10),"i"
107,DECLAREDREFERENCEEXPRESSION,"this",Sociologia.java(144:4-144:9),"this"
108,MEMBEREXPRESSION,"stacked",Sociologia.java(145:4-145:11),"stacked"
109,LITERAL,"",Sociologia.java(145:14-145:19),"false"
110,DECLAREDREFERENCEEXPRESSION,"this",Sociologia.java(146:4-146:12),"this"
111,DECLAREDREFERENCEEXPRESSION,"this",Sociologia.java(145:4-145:11),"this"
112,MEMBEREXPRESSION,"arcosadj",Sociologia.java(146:4-146:12),"arcosadj"
113,NEWEXPRESSION,"",Sociologia.java(146:15-146:37),"new LinkedList<Arco>()"
114,CONSTRUCTEXPRESSION,"",Sociologia.java(146:15-146:37),"new LinkedList<Arco>()"
115,MEMBEREXPRESSION,"color",Sociologia.java(144:4-144:9),"color"
116,MEMBEREXPRESSION,"white",Sociologia.java(144:12-144:23),"Color.white"
117,DECLAREDREFERENCEEXPRESSION,"Color",Sociologia.java(144:12-144:17),"Color"
118,DECLAREDREFERENCEEXPRESSION,"i",Sociologia.java(73:30-73:31),"i"
119,VARIABLEDECLARATION,"this",,""
120,COMPOUNDSTATEMENT,"",Sociologia.java(4:40-11:3),"{
		Scanner stdin = new Scanner(System.in);

		int ncenarios = stdin.nextInt();
		for (int i = 0; i < ncenarios; i++) {
			analisaCenario(stdin, i);
		}
	}"
121,PARAMVARIABLEDECLARATION,"args",Sociologia.java(4:26-4:39),"String args[]"
122,DECLAREDREFERENCEEXPRESSION,"System",Sociologia.java(5:31-5:37),"System"
123,RETURNSTATEMENT,"",,""
124,DECLARATIONSTATEMENT,"",Sociologia.java(5:3-5:42),"Scanner stdin = new Scanner(System.in);"
125,DECLARATIONSTATEMENT,"",Sociologia.java(7:3-7:35),"int ncenarios = stdin.nextInt();"
126,FORSTATEMENT,"",Sociologia.java(8:3-10:4),"for (int i = 0; i < ncenarios; i++) {
			analisaCenario(stdin, i);
		}"
127,VARIABLEDECLARATION,"stdin",Sociologia.java(5:11-5:41),"stdin = new Scanner(System.in)"
128,VARIABLEDECLARATION,"ncenarios",Sociologia.java(7:7-7:34),"ncenarios = stdin.nextInt()"
129,COMPOUNDSTATEMENT,"",Sociologia.java(8:39-10:4),"{
			analisaCenario(stdin, i);
		}"
130,DECLARATIONSTATEMENT,"",Sociologia.java(8:8-8:17),"int i = 0"
131,BINARYOPERATOR,"<",Sociologia.java(8:19-8:32),"i < ncenarios"
132,UNARYOPERATOR,"++",Sociologia.java(8:34-8:37),"i++"
133,VARIABLEDECLARATION,"i",Sociologia.java(8:12-8:17),"i = 0"
134,DECLAREDREFERENCEEXPRESSION,"stdin",Sociologia.java(9:19-9:24),"stdin"
135,DECLAREDREFERENCEEXPRESSION,"i",Sociologia.java(8:19-8:20),"i"
136,CALLEXPRESSION,"analisaCenario",Sociologia.java(9:4-9:29),"analisaCenario(stdin, i);"
137,DECLAREDREFERENCEEXPRESSION,"i",Sociologia.java(8:34-8:35),"i"
138,METHODDECLARATION,"analisaCenario",,""
139,DECLAREDREFERENCEEXPRESSION,"i",Sociologia.java(9:26-9:27),"i"
140,PARAMVARIABLEDECLARATION,"int1",,""
141,PARAMVARIABLEDECLARATION,"java.util.scanner0",,""
142,LITERAL,"",Sociologia.java(8:16-8:17),"0"
143,DECLAREDREFERENCEEXPRESSION,"ncenarios",Sociologia.java(8:23-8:32),"ncenarios"
144,NEWEXPRESSION,"",Sociologia.java(5:19-5:41),"new Scanner(System.in)"
145,CONSTRUCTEXPRESSION,"",Sociologia.java(5:19-5:41),"new Scanner(System.in)"
146,MEMBEREXPRESSION,"in",Sociologia.java(5:31-5:40),"System.in"
147,DECLAREDREFERENCEEXPRESSION,"stdin",Sociologia.java(7:19-7:24),"stdin"
148,MEMBERCALLEXPRESSION,"nextInt",Sociologia.java(7:19-7:34),"stdin.nextInt()"
149,DECLAREDREFERENCEEXPRESSION,"nextInt",Sociologia.java(7:25-7:32),"nextInt"
150,FIELDDECLARATION,"this",,""
151,FIELDDECLARATION,"processed",Sociologia.java(151:3-151:21),"processed"
152,FIELDDECLARATION,"nofinal",Sociologia.java(152:3-152:18),"nofinal"
153,COMPOUNDSTATEMENT,"",Sociologia.java(154:18-157:4),"{
			processed = false;
			nofinal = n;
		}"
154,CONSTRUCTEXPRESSION,"",Sociologia.java(102:19-102:45),"new Arco(this.vertices[i])"
155,DECLAREDREFERENCEEXPRESSION,"this",Sociologia.java(155:4-155:13),"this"
156,RETURNSTATEMENT,"",,""
157,ARRAYSUBSCRIPTIONEXPRESSION,"",Sociologia.java(102:28-102:44),"this.vertices[i]"
158,BINARYOPERATOR,"=",Sociologia.java(155:4-155:22),"processed = false;"
159,BINARYOPERATOR,"=",Sociologia.java(156:4-156:16),"nofinal = n;"
160,MEMBEREXPRESSION,"nofinal",Sociologia.java(156:4-156:11),"nofinal"
161,DECLAREDREFERENCEEXPRESSION,"n",Sociologia.java(156:14-156:15),"n"
162,DECLAREDREFERENCEEXPRESSION,"this",Sociologia.java(156:4-156:11),"this"
163,MEMBEREXPRESSION,"processed",Sociologia.java(155:4-155:13),"processed"
164,LITERAL,"",Sociologia.java(155:16-155:21),"false"
165,FIELDDECLARATION,"this",,""
166,FIELDDECLARATION,"vertices",Sociologia.java(67:3-67:21),"vertices"
167,METHODDECLARATION,"dfsVisit",Sociologia.java(77:3-94:4),"public int dfsVisit(Vertex u, Stack<Vertex> s, int npessoasgrupo, boolean primvolta) {
			u.color = Vertex.Color.gray;
			for (int i = 0; i < u.arcosadj.size(); i++) {
				if (u.arcosadj.get(i).nofinal.color == Vertex.Color.white) {
					Vertex v = u.arcosadj.get(i).nofinal;
					npessoasgrupo++;
					npessoasgrupo = dfsVisit(v, s, npessoasgrupo, primvolta);
				}
			}
			u.color = Vertex.Color.black;
			if (primvolta == true) {
				s.push(u);
				u.stacked = true;
			}
			if (primvolta == false)
				u.stacked = false;
			return npessoasgrupo;
		}"
168,METHODDECLARATION,"reverteArcos",Sociologia.java(96:3-117:4),"public void reverteArcos() {
			for (int i = 0; i < this.vertices.length; i++) {
				List<Arco> toRemove = new LinkedList<Sociologia.Arco>();
				for (int j = 0; j < this.vertices[i].arcosadj.size(); j++) {
					Arco actual = this.vertices[i].arcosadj.get(j);
					if (actual.processed == false) {
						Arco novo = new Arco(this.vertices[i]);
						novo.processed = true;
						this.vertices[actual.nofinal.id].arcosadj.add(novo);
						toRemove.add(actual);
					}
				}
				
				for (Arco arco : toRemove) {
					this.vertices[i].arcosadj.remove(arco);
				}
			}
			
			for (int i = 0; i < this.vertices.length; i++) {
				this.vertices[i].color = Vertex.Color.white;
			}
		}"
169,METHODDECLARATION,"toString",Sociologia.java(119:3-129:4),"public String toString() {
			StringBuffer sb = new StringBuffer();
			for (Vertex v : this.vertices) {
				sb.append(""v = "" + v.id + ""\n"");
				for (Arco a : v.arcosadj) {
					sb.append(""\t--> "" + a.nofinal.id + ""\n"");
				}
			}
			
			return sb.toString();
		}"
170,CONSTRUCTORDECLARATION,"Grafo",Sociologia.java(69:3-75:4),"Grafo(int n) {
			vertices = new Vertex[n];

			for (int i = 0; i < n; i++) {
				vertices[i] = new Vertex(i);
			}
		}"
171,VARIABLEDECLARATION,"this",,""
172,COMPOUNDSTATEMENT,"",Sociologia.java(119:28-129:4),"{
			StringBuffer sb = new StringBuffer();
			for (Vertex v : this.vertices) {
				sb.append(""v = "" + v.id + ""\n"");
				for (Arco a : v.arcosadj) {
					sb.append(""\t--> "" + a.nofinal.id + ""\n"");
				}
			}
			
			return sb.toString();
		}"
173,CONSTRUCTEXPRESSION,"",Sociologia.java(120:22-120:40),"new StringBuffer()"
174,RETURNSTATEMENT,"",Sociologia.java(128:4-128:25),"return sb.toString();"
175,DECLARATIONSTATEMENT,"",Sociologia.java(120:4-120:41),"StringBuffer sb = new StringBuffer();"
176,FOREACHSTATEMENT,"",Sociologia.java(121:4-126:5),"for (Vertex v : this.vertices) {
				sb.append(""v = "" + v.id + ""\n"");
				for (Arco a : v.arcosadj) {
					sb.append(""\t--> "" + a.nofinal.id + ""\n"");
				}
			}"
177,VARIABLEDECLARATION,"sb",Sociologia.java(120:17-120:40),"sb = new StringBuffer()"
178,DECLARATIONSTATEMENT,"",Sociologia.java(121:9-121:17),"Vertex v"
179,MEMBEREXPRESSION,"vertices",Sociologia.java(121:20-121:33),"this.vertices"
180,COMPOUNDSTATEMENT,"",Sociologia.java(121:35-126:5),"{
				sb.append(""v = "" + v.id + ""\n"");
				for (Arco a : v.arcosadj) {
					sb.append(""\t--> "" + a.nofinal.id + ""\n"");
				}
			}"
181,VARIABLEDECLARATION,"v",Sociologia.java(121:16-121:17),"v"
182,DECLAREDREFERENCEEXPRESSION,"sb",Sociologia.java(122:5-122:7),"sb"
183,DECLAREDREFERENCEEXPRESSION,"sb",Sociologia.java(128:11-128:13),"sb"
184,UNINITIALIZEDVALUE,"Uninitialized Value",,""
185,MEMBERCALLEXPRESSION,"append",Sociologia.java(122:5-122:37),"sb.append(""v = "" + v.id + ""\n"");"
186,FOREACHSTATEMENT,"",Sociologia.java(123:5-125:6),"for (Arco a : v.arcosadj) {
					sb.append(""\t--> "" + a.nofinal.id + ""\n"");
				}"
187,DECLAREDREFERENCEEXPRESSION,"this",Sociologia.java(121:20-121:24),"this"
188,DECLARATIONSTATEMENT,"",Sociologia.java(123:10-123:16),"Arco a"
189,MEMBEREXPRESSION,"arcosadj",Sociologia.java(123:19-123:29),"v.arcosadj"
190,COMPOUNDSTATEMENT,"",Sociologia.java(123:31-125:6),"{
					sb.append(""\t--> "" + a.nofinal.id + ""\n"");
				}"
191,VARIABLEDECLARATION,"a",Sociologia.java(123:15-123:16),"a"
192,DECLAREDREFERENCEEXPRESSION,"sb",Sociologia.java(124:6-124:8),"sb"
193,DECLAREDREFERENCEEXPRESSION,"v",Sociologia.java(123:19-123:20),"v"
194,UNINITIALIZEDVALUE,"Uninitialized Value",,""
195,MEMBERCALLEXPRESSION,"append",Sociologia.java(124:6-124:48),"sb.append(""\t--> "" + a.nofinal.id + ""\n"");"
196,DECLAREDREFERENCEEXPRESSION,"append",Sociologia.java(124:9-124:15),"append"
197,BINARYOPERATOR,"+",Sociologia.java(124:16-124:46),"""\t--> "" + a.nofinal.id + ""\n"""
198,BINARYOPERATOR,"+",Sociologia.java(124:16-124:39),"""\t--> "" + a.nofinal.id"
199,LITERAL,"",Sociologia.java(124:42-124:46),"""\n"""
200,LITERAL,"",Sociologia.java(124:16-124:24),"""\t--> """
201,MEMBEREXPRESSION,"id",Sociologia.java(124:27-124:39),"a.nofinal.id"
202,MEMBEREXPRESSION,"nofinal",Sociologia.java(124:27-124:36),"a.nofinal"
203,DECLAREDREFERENCEEXPRESSION,"a",Sociologia.java(124:27-124:28),"a"
204,DECLAREDREFERENCEEXPRESSION,"append",Sociologia.java(122:8-122:14),"append"
205,BINARYOPERATOR,"+",Sociologia.java(122:15-122:35),"""v = "" + v.id + ""\n"""
206,BINARYOPERATOR,"+",Sociologia.java(122:15-122:28),"""v = "" + v.id"
207,LITERAL,"",Sociologia.java(122:31-122:35),"""\n"""
208,LITERAL,"",Sociologia.java(122:15-122:21),"""v = """
209,MEMBEREXPRESSION,"id",Sociologia.java(122:24-122:28),"v.id"
210,DECLAREDREFERENCEEXPRESSION,"v",Sociologia.java(122:24-122:25),"v"
211,NEWEXPRESSION,"",Sociologia.java(120:22-120:40),"new StringBuffer()"
212,MEMBERCALLEXPRESSION,"toString",Sociologia.java(128:11-128:24),"sb.toString()"
213,DECLAREDREFERENCEEXPRESSION,"toString",Sociologia.java(128:14-128:22),"toString"
214,COMPOUNDSTATEMENT,"",Sociologia.java(69:16-75:4),"{
			vertices = new Vertex[n];

			for (int i = 0; i < n; i++) {
				vertices[i] = new Vertex(i);
			}
		}"
215,PARAMVARIABLEDECLARATION,"n",Sociologia.java(69:9-69:14),"int n"
216,CONSTRUCTEXPRESSION,"",Sociologia.java(15:19-15:37),"new Grafo(nalunos)"
217,DECLAREDREFERENCEEXPRESSION,"this",Sociologia.java(70:4-70:12),"this"
218,RETURNSTATEMENT,"",,""
219,DECLAREDREFERENCEEXPRESSION,"nalunos",Sociologia.java(15:29-15:36),"nalunos"
220,BINARYOPERATOR,"=",Sociologia.java(70:4-70:29),"vertices = new Vertex[n];"
221,FORSTATEMENT,"",Sociologia.java(72:4-74:5),"for (int i = 0; i < n; i++) {
				vertices[i] = new Vertex(i);
			}"
222,MEMBEREXPRESSION,"vertices",Sociologia.java(70:4-70:12),"vertices"
223,ARRAYCREATIONEXPRESSION,"",Sociologia.java(70:15-70:28),"new Vertex[n]"
224,LITERAL,"",Sociologia.java(72:17-72:18),"0"
225,DECLAREDREFERENCEEXPRESSION,"n",Sociologia.java(70:26-70:27),"n"
226,COMPOUNDSTATEMENT,"",Sociologia.java(72:32-74:5),"{
				vertices[i] = new Vertex(i);
			}"
227,DECLARATIONSTATEMENT,"",Sociologia.java(72:9-72:18),"int i = 0"
228,BINARYOPERATOR,"<",Sociologia.java(72:20-72:25),"i < n"
229,UNARYOPERATOR,"++",Sociologia.java(72:27-72:30),"i++"
230,VARIABLEDECLARATION,"i",Sociologia.java(72:13-72:18),"i = 0"
231,DECLAREDREFERENCEEXPRESSION,"this",Sociologia.java(73:5-73:13),"this"
232,DECLAREDREFERENCEEXPRESSION,"i",Sociologia.java(72:27-72:28),"i"
233,DECLAREDREFERENCEEXPRESSION,"i",Sociologia.java(72:20-72:21),"i"
234,BINARYOPERATOR,"=",Sociologia.java(73:5-73:33),"vertices[i] = new Vertex(i);"
235,ARRAYSUBSCRIPTIONEXPRESSION,"",Sociologia.java(73:5-73:16),"vertices[i]"
236,NEWEXPRESSION,"",Sociologia.java(73:19-73:32),"new Vertex(i)"
237,MEMBEREXPRESSION,"vertices",Sociologia.java(73:5-73:13),"vertices"
238,DECLAREDREFERENCEEXPRESSION,"i",Sociologia.java(73:14-73:15),"i"
239,DECLAREDREFERENCEEXPRESSION,"n",Sociologia.java(72:24-72:25),"n"
240,VARIABLEDECLARATION,"this",,""
241,COMPOUNDSTATEMENT,"",Sociologia.java(96:30-117:4),"{
			for (int i = 0; i < this.vertices.length; i++) {
				List<Arco> toRemove = new LinkedList<Sociologia.Arco>();
				for (int j = 0; j < this.vertices[i].arcosadj.size(); j++) {
					Arco actual = this.vertices[i].arcosadj.get(j);
					if (actual.processed == false) {
						Arco novo = new Arco(this.vertices[i]);
						novo.processed = true;
						this.vertices[actual.nofinal.id].arcosadj.add(novo);
						toRemove.add(actual);
					}
				}
				
				for (Arco arco : toRemove) {
					this.vertices[i].arcosadj.remove(arco);
				}
			}
			
			for (int i = 0; i < this.vertices.length; i++) {
				this.vertices[i].color = Vertex.Color.white;
			}
		}"
242,MEMBERCALLEXPRESSION,"reverteArcos",Sociologia.java(43:3-43:26),"cenario.reverteArcos();"
243,LITERAL,"",Sociologia.java(97:17-97:18),"0"
244,RETURNSTATEMENT,"",,""
245,FORSTATEMENT,"",Sociologia.java(97:4-112:5),"for (int i = 0; i < this.vertices.length; i++) {
				List<Arco> toRemove = new LinkedList<Sociologia.Arco>();
				for (int j = 0; j < this.vertices[i].arcosadj.size(); j++) {
					Arco actual = this.vertices[i].arcosadj.get(j);
					if (actual.processed == false) {
						Arco novo = new Arco(this.vertices[i]);
						novo.processed = true;
						this.vertices[actual.nofinal.id].arcosadj.add(novo);
						toRemove.add(actual);
					}
				}
				
				for (Arco arco : toRemove) {
					this.vertices[i].arcosadj.remove(arco);
				}
			}"
246,FORSTATEMENT,"",Sociologia.java(114:4-116:5),"for (int i = 0; i < this.vertices.length; i++) {
				this.vertices[i].color = Vertex.Color.white;
			}"
247,COMPOUNDSTATEMENT,"",Sociologia.java(114:51-116:5),"{
				this.vertices[i].color = Vertex.Color.white;
			}"
248,DECLARATIONSTATEMENT,"",Sociologia.java(114:9-114:18),"int i = 0"
249,BINARYOPERATOR,"<",Sociologia.java(114:20-114:44),"i < this.vertices.length"
250,UNARYOPERATOR,"++",Sociologia.java(114:46-114:49),"i++"
251,VARIABLEDECLARATION,"i",Sociologia.java(114:13-114:18),"i = 0"
252,DECLAREDREFERENCEEXPRESSION,"this",Sociologia.java(115:5-115:9),"this"
253,LITERAL,"",Sociologia.java(114:17-114:18),"0"
254,DECLAREDREFERENCEEXPRESSION,"i",Sociologia.java(114:20-114:21),"i"
255,MEMBEREXPRESSION,"length",Sociologia.java(114:24-114:44),"this.vertices.length"
256,MEMBEREXPRESSION,"vertices",Sociologia.java(114:24-114:37),"this.vertices"
257,DECLAREDREFERENCEEXPRESSION,"this",Sociologia.java(114:24-114:28),"this"
258,BINARYOPERATOR,"=",Sociologia.java(115:5-115:49),"this.vertices[i].color = Vertex.Color.white;"
259,DECLAREDREFERENCEEXPRESSION,"i",Sociologia.java(114:46-114:47),"i"
260,MEMBEREXPRESSION,"color",Sociologia.java(115:5-115:27),"this.vertices[i].color"
261,MEMBEREXPRESSION,"white",Sociologia.java(115:30-115:48),"Vertex.Color.white"
262,DECLAREDREFERENCEEXPRESSION,"Color",Sociologia.java(115:30-115:42),"Vertex.Color"
263,ARRAYSUBSCRIPTIONEXPRESSION,"",Sociologia.java(115:5-115:21),"this.vertices[i]"
264,MEMBEREXPRESSION,"vertices",Sociologia.java(115:5-115:18),"this.vertices"
265,DECLAREDREFERENCEEXPRESSION,"i",Sociologia.java(115:19-115:20),"i"
266,COMPOUNDSTATEMENT,"",Sociologia.java(97:51-112:5),"{
				List<Arco> toRemove = new LinkedList<Sociologia.Arco>();
				for (int j = 0; j < this.vertices[i].arcosadj.size(); j++) {
					Arco actual = this.vertices[i].arcosadj.get(j);
					if (actual.processed == false) {
						Arco novo = new Arco(this.vertices[i]);
						novo.processed = true;
						this.vertices[actual.nofinal.id].arcosadj.add(novo);
						toRemove.add(actual);
					}
				}
				
				for (Arco arco : toRemove) {
					this.vertices[i].arcosadj.remove(arco);
				}
			}"
267,DECLARATIONSTATEMENT,"",Sociologia.java(97:9-97:18),"int i = 0"
268,BINARYOPERATOR,"<",Sociologia.java(97:20-97:44),"i < this.vertices.length"
269,UNARYOPERATOR,"++",Sociologia.java(97:46-97:49),"i++"
270,VARIABLEDECLARATION,"i",Sociologia.java(97:13-97:18),"i = 0"
271,CONSTRUCTEXPRESSION,"",Sociologia.java(98:27-98:60),"new LinkedList<Sociologia.Arco>()"
272,DECLARATIONSTATEMENT,"",Sociologia.java(98:5-98:61),"List<Arco> toRemove = new LinkedList<Sociologia.Arco>();"
273,FORSTATEMENT,"",Sociologia.java(99:5-107:6),"for (int j = 0; j < this.vertices[i].arcosadj.size(); j++) {
					Arco actual = this.vertices[i].arcosadj.get(j);
					if (actual.processed == false) {
						Arco novo = new Arco(this.vertices[i]);
						novo.processed = true;
						this.vertices[actual.nofinal.id].arcosadj.add(novo);
						toRemove.add(actual);
					}
				}"
274,FOREACHSTATEMENT,"",Sociologia.java(109:5-111:6),"for (Arco arco : toRemove) {
					this.vertices[i].arcosadj.remove(arco);
				}"
275,VARIABLEDECLARATION,"toRemove",Sociologia.java(98:16-98:60),"toRemove = new LinkedList<Sociologia.Arco>()"
276,DECLAREDREFERENCEEXPRESSION,"i",Sociologia.java(97:46-97:47),"i"
277,NEWEXPRESSION,"",Sociologia.java(98:27-98:60),"new LinkedList<Sociologia.Arco>()"
278,COMPOUNDSTATEMENT,"",Sociologia.java(99:64-107:6),"{
					Arco actual = this.vertices[i].arcosadj.get(j);
					if (actual.processed == false) {
						Arco novo = new Arco(this.vertices[i]);
						novo.processed = true;
						this.vertices[actual.nofinal.id].arcosadj.add(novo);
						toRemove.add(actual);
					}
				}"
279,DECLARATIONSTATEMENT,"",Sociologia.java(99:10-99:19),"int j = 0"
280,BINARYOPERATOR,"<",Sociologia.java(99:21-99:57),"j < this.vertices[i].arcosadj.size()"
281,UNARYOPERATOR,"++",Sociologia.java(99:59-99:62),"j++"
282,VARIABLEDECLARATION,"j",Sociologia.java(99:14-99:19),"j = 0"
283,DECLAREDREFERENCEEXPRESSION,"this",Sociologia.java(100:20-100:24),"this"
284,DECLAREDREFERENCEEXPRESSION,"toRemove",Sociologia.java(109:22-109:30),"toRemove"
285,DECLARATIONSTATEMENT,"",Sociologia.java(100:6-100:53),"Arco actual = this.vertices[i].arcosadj.get(j);"
286,IFSTATEMENT,"",Sociologia.java(101:6-106:7),"if (actual.processed == false) {
						Arco novo = new Arco(this.vertices[i]);
						novo.processed = true;
						this.vertices[actual.nofinal.id].arcosadj.add(novo);
						toRemove.add(actual);
					}"
287,VARIABLEDECLARATION,"actual",Sociologia.java(100:11-100:52),"actual = this.vertices[i].arcosadj.get(j)"
288,DECLAREDREFERENCEEXPRESSION,"j",Sociologia.java(99:59-99:60),"j"
289,COMPOUNDSTATEMENT,"",Sociologia.java(101:37-106:7),"{
						Arco novo = new Arco(this.vertices[i]);
						novo.processed = true;
						this.vertices[actual.nofinal.id].arcosadj.add(novo);
						toRemove.add(actual);
					}"
290,MEMBERCALLEXPRESSION,"get",Sociologia.java(100:20-100:52),"this.vertices[i].arcosadj.get(j)"
291,DECLAREDREFERENCEEXPRESSION,"get",Sociologia.java(100:46-100:49),"get"
292,DECLAREDREFERENCEEXPRESSION,"j",Sociologia.java(100:50-100:51),"j"
293,MEMBEREXPRESSION,"arcosadj",Sociologia.java(100:20-100:45),"this.vertices[i].arcosadj"
294,ARRAYSUBSCRIPTIONEXPRESSION,"",Sociologia.java(100:20-100:36),"this.vertices[i]"
295,MEMBEREXPRESSION,"vertices",Sociologia.java(100:20-100:33),"this.vertices"
296,DECLAREDREFERENCEEXPRESSION,"i",Sociologia.java(100:34-100:35),"i"
297,BINARYOPERATOR,"==",Sociologia.java(101:10-101:35),"actual.processed == false"
298,DECLAREDREFERENCEEXPRESSION,"this",Sociologia.java(102:28-102:32),"this"
299,DECLARATIONSTATEMENT,"",Sociologia.java(102:7-102:46),"Arco novo = new Arco(this.vertices[i]);"
300,BINARYOPERATOR,"=",Sociologia.java(103:7-103:29),"novo.processed = true;"
301,MEMBERCALLEXPRESSION,"add",Sociologia.java(104:7-104:59),"this.vertices[actual.nofinal.id].arcosadj.add(novo);"
302,MEMBERCALLEXPRESSION,"add",Sociologia.java(105:7-105:28),"toRemove.add(actual);"
303,VARIABLEDECLARATION,"novo",Sociologia.java(102:12-102:45),"novo = new Arco(this.vertices[i])"
304,DECLAREDREFERENCEEXPRESSION,"novo",Sociologia.java(103:7-103:11),"novo"
305,NEWEXPRESSION,"",Sociologia.java(102:19-102:45),"new Arco(this.vertices[i])"
306,MEMBEREXPRESSION,"vertices",Sociologia.java(102:28-102:41),"this.vertices"
307,DECLAREDREFERENCEEXPRESSION,"i",Sociologia.java(102:42-102:43),"i"
308,DECLAREDREFERENCEEXPRESSION,"add",Sociologia.java(104:49-104:52),"add"
309,DECLAREDREFERENCEEXPRESSION,"toRemove",Sociologia.java(105:7-105:15),"toRemove"
310,DECLAREDREFERENCEEXPRESSION,"novo",Sociologia.java(104:53-104:57),"novo"
311,MEMBEREXPRESSION,"arcosadj",Sociologia.java(104:7-104:48),"this.vertices[actual.nofinal.id].arcosadj"
312,ARRAYSUBSCRIPTIONEXPRESSION,"",Sociologia.java(104:7-104:39),"this.vertices[actual.nofinal.id]"
313,MEMBEREXPRESSION,"vertices",Sociologia.java(104:7-104:20),"this.vertices"
314,MEMBEREXPRESSION,"id",Sociologia.java(104:21-104:38),"actual.nofinal.id"
315,MEMBEREXPRESSION,"nofinal",Sociologia.java(104:21-104:35),"actual.nofinal"
316,DECLAREDREFERENCEEXPRESSION,"actual",Sociologia.java(104:21-104:27),"actual"
317,DECLAREDREFERENCEEXPRESSION,"this",Sociologia.java(104:7-104:11),"this"
318,DECLAREDREFERENCEEXPRESSION,"add",Sociologia.java(105:16-105:19),"add"
319,DECLAREDREFERENCEEXPRESSION,"actual",Sociologia.java(105:20-105:26),"actual"
320,MEMBEREXPRESSION,"processed",Sociologia.java(103:7-103:21),"novo.processed"
321,LITERAL,"",Sociologia.java(103:24-103:28),"true"
322,MEMBEREXPRESSION,"processed",Sociologia.java(101:10-101:26),"actual.processed"
323,LITERAL,"",Sociologia.java(101:30-101:35),"false"
324,DECLAREDREFERENCEEXPRESSION,"actual",Sociologia.java(101:10-101:16),"actual"
325,DECLAREDREFERENCEEXPRESSION,"j",Sociologia.java(99:21-99:22),"j"
326,MEMBERCALLEXPRESSION,"size",Sociologia.java(99:25-99:57),"this.vertices[i].arcosadj.size()"
327,DECLAREDREFERENCEEXPRESSION,"size",Sociologia.java(99:51-99:55),"size"
328,MEMBEREXPRESSION,"arcosadj",Sociologia.java(99:25-99:50),"this.vertices[i].arcosadj"
329,ARRAYSUBSCRIPTIONEXPRESSION,"",Sociologia.java(99:25-99:41),"this.vertices[i]"
330,MEMBEREXPRESSION,"vertices",Sociologia.java(99:25-99:38),"this.vertices"
331,DECLAREDREFERENCEEXPRESSION,"i",Sociologia.java(99:39-99:40),"i"
332,DECLAREDREFERENCEEXPRESSION,"this",Sociologia.java(99:25-99:29),"this"
333,LITERAL,"",Sociologia.java(99:18-99:19),"0"
334,DECLARATIONSTATEMENT,"",Sociologia.java(109:10-109:19),"Arco arco"
335,COMPOUNDSTATEMENT,"",Sociologia.java(109:32-111:6),"{
					this.vertices[i].arcosadj.remove(arco);
				}"
336,VARIABLEDECLARATION,"arco",Sociologia.java(109:15-109:19),"arco"
337,DECLAREDREFERENCEEXPRESSION,"this",Sociologia.java(110:6-110:10),"this"
338,UNINITIALIZEDVALUE,"Uninitialized Value",,""
339,MEMBERCALLEXPRESSION,"remove",Sociologia.java(110:6-110:45),"this.vertices[i].arcosadj.remove(arco);"
340,DECLAREDREFERENCEEXPRESSION,"remove",Sociologia.java(110:32-110:38),"remove"
341,DECLAREDREFERENCEEXPRESSION,"arco",Sociologia.java(110:39-110:43),"arco"
342,MEMBEREXPRESSION,"arcosadj",Sociologia.java(110:6-110:31),"this.vertices[i].arcosadj"
343,ARRAYSUBSCRIPTIONEXPRESSION,"",Sociologia.java(110:6-110:22),"this.vertices[i]"
344,MEMBEREXPRESSION,"vertices",Sociologia.java(110:6-110:19),"this.vertices"
345,DECLAREDREFERENCEEXPRESSION,"i",Sociologia.java(110:20-110:21),"i"
346,DECLAREDREFERENCEEXPRESSION,"i",Sociologia.java(97:20-97:21),"i"
347,MEMBEREXPRESSION,"length",Sociologia.java(97:24-97:44),"this.vertices.length"
348,MEMBEREXPRESSION,"vertices",Sociologia.java(97:24-97:37),"this.vertices"
349,DECLAREDREFERENCEEXPRESSION,"this",Sociologia.java(97:24-97:28),"this"
350,VARIABLEDECLARATION,"this",,""
351,COMPOUNDSTATEMENT,"",Sociologia.java(77:88-94:4),"{
			u.color = Vertex.Color.gray;
			for (int i = 0; i < u.arcosadj.size(); i++) {
				if (u.arcosadj.get(i).nofinal.color == Vertex.Color.white) {
					Vertex v = u.arcosadj.get(i).nofinal;
					npessoasgrupo++;
					npessoasgrupo = dfsVisit(v, s, npessoasgrupo, primvolta);
				}
			}
			u.color = Vertex.Color.black;
			if (primvolta == true) {
				s.push(u);
				u.stacked = true;
			}
			if (primvolta == false)
				u.stacked = false;
			return npessoasgrupo;
		}"
352,PARAMVARIABLEDECLARATION,"u",Sociologia.java(77:23-77:31),"Vertex u"
353,PARAMVARIABLEDECLARATION,"s",Sociologia.java(77:33-77:48),"Stack<Vertex> s"
354,PARAMVARIABLEDECLARATION,"npessoasgrupo",Sociologia.java(77:50-77:67),"int npessoasgrupo"
355,PARAMVARIABLEDECLARATION,"primvolta",Sociologia.java(77:69-77:86),"boolean primvolta"
356,MEMBERCALLEXPRESSION,"dfsVisit",Sociologia.java(48:25-48:57),"cenario.dfsVisit(u, s, 1, false)"
357,MEMBERCALLEXPRESSION,"dfsVisit",Sociologia.java(40:4-40:36),"cenario.dfsVisit(u, s, 1, true);"
358,CALLEXPRESSION,"dfsVisit",Sociologia.java(83:22-83:62),"dfsVisit(v, s, npessoasgrupo, primvolta)"
359,DECLAREDREFERENCEEXPRESSION,"u",Sociologia.java(78:4-78:5),"u"
360,RETURNSTATEMENT,"",Sociologia.java(93:4-93:25),"return npessoasgrupo;"
361,LITERAL,"",Sociologia.java(48:51-48:56),"false"
362,DECLAREDREFERENCEEXPRESSION,"primvolta",Sociologia.java(83:52-83:61),"primvolta"
363,LITERAL,"",Sociologia.java(40:30-40:34),"true"
364,DECLAREDREFERENCEEXPRESSION,"s",Sociologia.java(40:24-40:25),"s"
365,DECLAREDREFERENCEEXPRESSION,"s",Sociologia.java(48:45-48:46),"s"
366,DECLAREDREFERENCEEXPRESSION,"s",Sociologia.java(83:34-83:35),"s"
367,LITERAL,"",Sociologia.java(40:27-40:28),"1"
368,DECLAREDREFERENCEEXPRESSION,"npessoasgrupo",Sociologia.java(83:37-83:50),"npessoasgrupo"
369,LITERAL,"",Sociologia.java(48:48-48:49),"1"
370,DECLAREDREFERENCEEXPRESSION,"u",Sociologia.java(48:42-48:43),"u"
371,DECLAREDREFERENCEEXPRESSION,"u",Sociologia.java(40:21-40:22),"u"
372,DECLAREDREFERENCEEXPRESSION,"v",Sociologia.java(83:31-83:32),"v"
373,BINARYOPERATOR,"=",Sociologia.java(78:4-78:32),"u.color = Vertex.Color.gray;"
374,FORSTATEMENT,"",Sociologia.java(79:4-85:5),"for (int i = 0; i < u.arcosadj.size(); i++) {
				if (u.arcosadj.get(i).nofinal.color == Vertex.Color.white) {
					Vertex v = u.arcosadj.get(i).nofinal;
					npessoasgrupo++;
					npessoasgrupo = dfsVisit(v, s, npessoasgrupo, primvolta);
				}
			}"
375,BINARYOPERATOR,"=",Sociologia.java(86:4-86:33),"u.color = Vertex.Color.black;"
376,IFSTATEMENT,"",Sociologia.java(87:4-90:5),"if (primvolta == true) {
				s.push(u);
				u.stacked = true;
			}"
377,IFSTATEMENT,"",Sociologia.java(91:4-92:23),"if (primvolta == false)
				u.stacked = false;"
378,MEMBEREXPRESSION,"color",Sociologia.java(86:4-86:11),"u.color"
379,MEMBEREXPRESSION,"black",Sociologia.java(86:14-86:32),"Vertex.Color.black"
380,DECLAREDREFERENCEEXPRESSION,"primvolta",Sociologia.java(87:8-87:17),"primvolta"
381,DECLAREDREFERENCEEXPRESSION,"u",Sociologia.java(86:4-86:5),"u"
382,DECLAREDREFERENCEEXPRESSION,"Color",Sociologia.java(86:14-86:26),"Vertex.Color"
383,DECLAREDREFERENCEEXPRESSION,"npessoasgrupo",Sociologia.java(93:11-93:24),"npessoasgrupo"
384,BINARYOPERATOR,"=",Sociologia.java(92:5-92:23),"u.stacked = false;"
385,COMPOUNDSTATEMENT,"",Sociologia.java(79:48-85:5),"{
				if (u.arcosadj.get(i).nofinal.color == Vertex.Color.white) {
					Vertex v = u.arcosadj.get(i).nofinal;
					npessoasgrupo++;
					npessoasgrupo = dfsVisit(v, s, npessoasgrupo, primvolta);
				}
			}"
386,DECLARATIONSTATEMENT,"",Sociologia.java(79:9-79:18),"int i = 0"
387,BINARYOPERATOR,"<",Sociologia.java(79:20-79:41),"i < u.arcosadj.size()"
388,UNARYOPERATOR,"++",Sociologia.java(79:43-79:46),"i++"
389,VARIABLEDECLARATION,"i",Sociologia.java(79:13-79:18),"i = 0"
390,DECLAREDREFERENCEEXPRESSION,"u",Sociologia.java(80:9-80:10),"u"
391,DECLAREDREFERENCEEXPRESSION,"i",Sociologia.java(79:43-79:44),"i"
392,DECLAREDREFERENCEEXPRESSION,"i",Sociologia.java(79:20-79:21),"i"
393,LITERAL,"",Sociologia.java(79:17-79:18),"0"
394,MEMBERCALLEXPRESSION,"size",Sociologia.java(79:24-79:41),"u.arcosadj.size()"
395,DECLAREDREFERENCEEXPRESSION,"size",Sociologia.java(79:35-79:39),"size"
396,MEMBEREXPRESSION,"arcosadj",Sociologia.java(79:24-79:34),"u.arcosadj"
397,DECLAREDREFERENCEEXPRESSION,"u",Sociologia.java(79:24-79:25),"u"
398,IFSTATEMENT,"",Sociologia.java(80:5-84:6),"if (u.arcosadj.get(i).nofinal.color == Vertex.Color.white) {
					Vertex v = u.arcosadj.get(i).nofinal;
					npessoasgrupo++;
					npessoasgrupo = dfsVisit(v, s, npessoasgrupo, primvolta);
				}"
399,COMPOUNDSTATEMENT,"",Sociologia.java(80:64-84:6),"{
					Vertex v = u.arcosadj.get(i).nofinal;
					npessoasgrupo++;
					npessoasgrupo = dfsVisit(v, s, npessoasgrupo, primvolta);
				}"
400,BINARYOPERATOR,"==",Sociologia.java(80:9-80:62),"u.arcosadj.get(i).nofinal.color == Vertex.Color.white"
401,DECLAREDREFERENCEEXPRESSION,"u",Sociologia.java(81:17-81:18),"u"
402,MEMBEREXPRESSION,"color",Sociologia.java(80:9-80:40),"u.arcosadj.get(i).nofinal.color"
403,MEMBEREXPRESSION,"white",Sociologia.java(80:44-80:62),"Vertex.Color.white"
404,DECLAREDREFERENCEEXPRESSION,"Color",Sociologia.java(80:44-80:56),"Vertex.Color"
405,MEMBEREXPRESSION,"nofinal",Sociologia.java(80:9-80:34),"u.arcosadj.get(i).nofinal"
406,MEMBERCALLEXPRESSION,"get",Sociologia.java(80:9-80:26),"u.arcosadj.get(i)"
407,DECLAREDREFERENCEEXPRESSION,"get",Sociologia.java(80:20-80:23),"get"
408,DECLAREDREFERENCEEXPRESSION,"i",Sociologia.java(80:24-80:25),"i"
409,MEMBEREXPRESSION,"arcosadj",Sociologia.java(80:9-80:19),"u.arcosadj"
410,DECLARATIONSTATEMENT,"",Sociologia.java(81:6-81:43),"Vertex v = u.arcosadj.get(i).nofinal;"
411,UNARYOPERATOR,"++",Sociologia.java(82:6-82:22),"npessoasgrupo++;"
412,BINARYOPERATOR,"=",Sociologia.java(83:6-83:63),"npessoasgrupo = dfsVisit(v, s, npessoasgrupo, primvolta);"
413,VARIABLEDECLARATION,"v",Sociologia.java(81:13-81:42),"v = u.arcosadj.get(i).nofinal"
414,MEMBEREXPRESSION,"nofinal",Sociologia.java(81:17-81:42),"u.arcosadj.get(i).nofinal"
415,MEMBERCALLEXPRESSION,"get",Sociologia.java(81:17-81:34),"u.arcosadj.get(i)"
416,DECLAREDREFERENCEEXPRESSION,"get",Sociologia.java(81:28-81:31),"get"
417,DECLAREDREFERENCEEXPRESSION,"i",Sociologia.java(81:32-81:33),"i"
418,MEMBEREXPRESSION,"arcosadj",Sociologia.java(81:17-81:27),"u.arcosadj"
419,DECLAREDREFERENCEEXPRESSION,"npessoasgrupo",Sociologia.java(82:6-82:19),"npessoasgrupo"
420,DECLAREDREFERENCEEXPRESSION,"npessoasgrupo",Sociologia.java(83:6-83:19),"npessoasgrupo"
421,BINARYOPERATOR,"==",Sociologia.java(91:8-91:26),"primvolta == false"
422,DECLAREDREFERENCEEXPRESSION,"u",Sociologia.java(92:5-92:6),"u"
423,MEMBEREXPRESSION,"stacked",Sociologia.java(92:5-92:14),"u.stacked"
424,LITERAL,"",Sociologia.java(92:17-92:22),"false"
425,DECLAREDREFERENCEEXPRESSION,"primvolta",Sociologia.java(91:8-91:17),"primvolta"
426,LITERAL,"",Sociologia.java(91:21-91:26),"false"
427,COMPOUNDSTATEMENT,"",Sociologia.java(87:27-90:5),"{
				s.push(u);
				u.stacked = true;
			}"
428,BINARYOPERATOR,"==",Sociologia.java(87:8-87:25),"primvolta == true"
429,DECLAREDREFERENCEEXPRESSION,"s",Sociologia.java(88:5-88:6),"s"
430,LITERAL,"",Sociologia.java(87:21-87:25),"true"
431,MEMBERCALLEXPRESSION,"push",Sociologia.java(88:5-88:15),"s.push(u);"
432,BINARYOPERATOR,"=",Sociologia.java(89:5-89:22),"u.stacked = true;"
433,MEMBEREXPRESSION,"stacked",Sociologia.java(89:5-89:14),"u.stacked"
434,LITERAL,"",Sociologia.java(89:17-89:21),"true"
435,DECLAREDREFERENCEEXPRESSION,"u",Sociologia.java(89:5-89:6),"u"
436,DECLAREDREFERENCEEXPRESSION,"push",Sociologia.java(88:7-88:11),"push"
437,DECLAREDREFERENCEEXPRESSION,"u",Sociologia.java(88:12-88:13),"u"
438,MEMBEREXPRESSION,"color",Sociologia.java(78:4-78:11),"u.color"
439,MEMBEREXPRESSION,"gray",Sociologia.java(78:14-78:31),"Vertex.Color.gray"
440,DECLAREDREFERENCEEXPRESSION,"Color",Sociologia.java(78:14-78:26),"Vertex.Color"
441,VARIABLEDECLARATION,"this",,""
442,COMPOUNDSTATEMENT,"",Sociologia.java(13:60-23:3),"{
		int nalunos = stdin.nextInt();
		Grafo cenario = new Grafo(nalunos);
		for (int i = 0; i < nalunos; i++) {
			int id = stdin.nextInt() - 1;
			analisaAluno(cenario, id, stdin);
		}
		//System.out.println(cenario);
		System.out.printf(""Caso #%d\n"", indcenario + 1);
		contaGrupos(cenario);
	}"
443,PARAMVARIABLEDECLARATION,"stdin",Sociologia.java(13:29-13:42),"Scanner stdin"
444,PARAMVARIABLEDECLARATION,"indcenario",Sociologia.java(13:44-13:58),"int indcenario"
445,DECLAREDREFERENCEEXPRESSION,"stdin",Sociologia.java(14:17-14:22),"stdin"
446,RETURNSTATEMENT,"",,""
447,DECLARATIONSTATEMENT,"",Sociologia.java(14:3-14:33),"int nalunos = stdin.nextInt();"
448,DECLARATIONSTATEMENT,"",Sociologia.java(15:3-15:38),"Grafo cenario = new Grafo(nalunos);"
449,FORSTATEMENT,"",Sociologia.java(16:3-19:4),"for (int i = 0; i < nalunos; i++) {
			int id = stdin.nextInt() - 1;
			analisaAluno(cenario, id, stdin);
		}"
450,MEMBERCALLEXPRESSION,"printf",Sociologia.java(21:3-21:51),"System.out.printf(""Caso #%d\n"", indcenario + 1);"
451,CALLEXPRESSION,"contaGrupos",Sociologia.java(22:3-22:24),"contaGrupos(cenario);"
452,VARIABLEDECLARATION,"nalunos",Sociologia.java(14:7-14:32),"nalunos = stdin.nextInt()"
453,VARIABLEDECLARATION,"cenario",Sociologia.java(15:9-15:37),"cenario = new Grafo(nalunos)"
454,LITERAL,"",Sociologia.java(16:16-16:17),"0"
455,METHODDECLARATION,"contaGrupos",,""
456,DECLAREDREFERENCEEXPRESSION,"cenario",Sociologia.java(22:15-22:22),"cenario"
457,PARAMVARIABLEDECLARATION,"sociologia.grafo0",,""
458,MEMBERCALLEXPRESSION,"nextInt",Sociologia.java(14:17-14:32),"stdin.nextInt()"
459,DECLAREDREFERENCEEXPRESSION,"nextInt",Sociologia.java(14:23-14:30),"nextInt"
460,NEWEXPRESSION,"",Sociologia.java(15:19-15:37),"new Grafo(nalunos)"
461,COMPOUNDSTATEMENT,"",Sociologia.java(16:37-19:4),"{
			int id = stdin.nextInt() - 1;
			analisaAluno(cenario, id, stdin);
		}"
462,DECLARATIONSTATEMENT,"",Sociologia.java(16:8-16:17),"int i = 0"
463,BINARYOPERATOR,"<",Sociologia.java(16:19-16:30),"i < nalunos"
464,UNARYOPERATOR,"++",Sociologia.java(16:32-16:35),"i++"
465,VARIABLEDECLARATION,"i",Sociologia.java(16:12-16:17),"i = 0"
466,DECLAREDREFERENCEEXPRESSION,"stdin",Sociologia.java(17:13-17:18),"stdin"
467,DECLAREDREFERENCEEXPRESSION,"System",Sociologia.java(21:3-21:9),"System"
468,DECLAREDREFERENCEEXPRESSION,"i",Sociologia.java(16:32-16:33),"i"
469,DECLAREDREFERENCEEXPRESSION,"i",Sociologia.java(16:19-16:20),"i"
470,DECLARATIONSTATEMENT,"",Sociologia.java(17:4-17:33),"int id = stdin.nextInt() - 1;"
471,CALLEXPRESSION,"analisaAluno",Sociologia.java(18:4-18:37),"analisaAluno(cenario, id, stdin);"
472,VARIABLEDECLARATION,"id",Sociologia.java(17:8-17:32),"id = stdin.nextInt() - 1"
473,METHODDECLARATION,"analisaAluno",,""
474,DECLAREDREFERENCEEXPRESSION,"cenario",Sociologia.java(18:17-18:24),"cenario"
475,DECLAREDREFERENCEEXPRESSION,"id",Sociologia.java(18:26-18:28),"id"
476,DECLAREDREFERENCEEXPRESSION,"stdin",Sociologia.java(18:30-18:35),"stdin"
477,PARAMVARIABLEDECLARATION,"sociologia.grafo0",,""
478,PARAMVARIABLEDECLARATION,"int1",,""
479,PARAMVARIABLEDECLARATION,"java.util.scanner2",,""
480,BINARYOPERATOR,"-",Sociologia.java(17:13-17:32),"stdin.nextInt() - 1"
481,MEMBERCALLEXPRESSION,"nextInt",Sociologia.java(17:13-17:28),"stdin.nextInt()"
482,LITERAL,"",Sociologia.java(17:31-17:32),"1"
483,DECLAREDREFERENCEEXPRESSION,"nextInt",Sociologia.java(17:19-17:26),"nextInt"
484,DECLAREDREFERENCEEXPRESSION,"nalunos",Sociologia.java(16:23-16:30),"nalunos"
485,DECLAREDREFERENCEEXPRESSION,"printf",Sociologia.java(21:14-21:20),"printf"
486,BINARYOPERATOR,"+",Sociologia.java(21:35-21:49),"indcenario + 1"
487,LITERAL,"",Sociologia.java(21:21-21:33),"""Caso #%d\n"""
488,DECLAREDREFERENCEEXPRESSION,"indcenario",Sociologia.java(21:35-21:45),"indcenario"
489,MEMBEREXPRESSION,"out",Sociologia.java(21:3-21:13),"System.out"
490,LITERAL,"",Sociologia.java(21:48-21:49),"1"
491,VARIABLEDECLARATION,"this",,""
492,COMPOUNDSTATEMENT,"",Sociologia.java(34:41-56:3),"{
		int ngrupos4oumais = 0;
		int npessoasoutros = 0;
		Stack<Vertex> s = new Stack<Vertex>();
		while (s.size() < cenario.vertices.length) {
			Vertex u = findNonStacked(cenario);
			cenario.dfsVisit(u, s, 1, true);
		}

		cenario.reverteArcos();
		//System.out.println(cenario);
		while (!s.isEmpty()) {
			Vertex u = s.pop();
			if (u.stacked == true) {
				int npessoasgrupo = cenario.dfsVisit(u, s, 1, false);
				if (npessoasgrupo >= 4)
					ngrupos4oumais++;
				else
					npessoasoutros = npessoasoutros + npessoasgrupo;
			}
		}
		System.out.printf(""%d %d\n"", ngrupos4oumais, npessoasoutros);
	}"
493,PARAMVARIABLEDECLARATION,"cenario",Sociologia.java(34:26-34:39),"Grafo cenario"
494,LITERAL,"",Sociologia.java(35:24-35:25),"0"
495,RETURNSTATEMENT,"",,""
496,DECLARATIONSTATEMENT,"",Sociologia.java(35:3-35:26),"int ngrupos4oumais = 0;"
497,DECLARATIONSTATEMENT,"",Sociologia.java(36:3-36:26),"int npessoasoutros = 0;"
498,DECLARATIONSTATEMENT,"",Sociologia.java(37:3-37:41),"Stack<Vertex> s = new Stack<Vertex>();"
499,WHILESTATEMENT,"",Sociologia.java(38:3-41:4),"while (s.size() < cenario.vertices.length) {
			Vertex u = findNonStacked(cenario);
			cenario.dfsVisit(u, s, 1, true);
		}"
500,WHILESTATEMENT,"",Sociologia.java(45:3-54:4),"while (!s.isEmpty()) {
			Vertex u = s.pop();
			if (u.stacked == true) {
				int npessoasgrupo = cenario.dfsVisit(u, s, 1, false);
				if (npessoasgrupo >= 4)
					ngrupos4oumais++;
				else
					npessoasoutros = npessoasoutros + npessoasgrupo;
			}
		}"
501,MEMBERCALLEXPRESSION,"printf",Sociologia.java(55:3-55:64),"System.out.printf(""%d %d\n"", ngrupos4oumais, npessoasoutros);"
502,VARIABLEDECLARATION,"ngrupos4oumais",Sociologia.java(35:7-35:25),"ngrupos4oumais = 0"
503,VARIABLEDECLARATION,"npessoasoutros",Sociologia.java(36:7-36:25),"npessoasoutros = 0"
504,VARIABLEDECLARATION,"s",Sociologia.java(37:17-37:40),"s = new Stack<Vertex>()"
505,DECLAREDREFERENCEEXPRESSION,"printf",Sociologia.java(55:14-55:20),"printf"
506,DECLAREDREFERENCEEXPRESSION,"npessoasoutros",Sociologia.java(55:48-55:62),"npessoasoutros"
507,MEMBEREXPRESSION,"out",Sociologia.java(55:3-55:13),"System.out"
508,DECLAREDREFERENCEEXPRESSION,"System",Sociologia.java(55:3-55:9),"System"
509,LITERAL,"",Sociologia.java(55:21-55:30),"""%d %d\n"""
510,DECLAREDREFERENCEEXPRESSION,"ngrupos4oumais",Sociologia.java(55:32-55:46),"ngrupos4oumais"
511,BINARYOPERATOR,"<",Sociologia.java(38:10-38:44),"s.size() < cenario.vertices.length"
512,COMPOUNDSTATEMENT,"",Sociologia.java(38:46-41:4),"{
			Vertex u = findNonStacked(cenario);
			cenario.dfsVisit(u, s, 1, true);
		}"
513,DECLAREDREFERENCEEXPRESSION,"cenario",Sociologia.java(39:30-39:37),"cenario"
514,DECLAREDREFERENCEEXPRESSION,"cenario",Sociologia.java(43:3-43:10),"cenario"
515,MEMBERCALLEXPRESSION,"size",Sociologia.java(38:10-38:18),"s.size()"
516,MEMBEREXPRESSION,"length",Sociologia.java(38:21-38:44),"cenario.vertices.length"
517,DECLAREDREFERENCEEXPRESSION,"size",Sociologia.java(38:12-38:16),"size"
518,DECLAREDREFERENCEEXPRESSION,"cenario",Sociologia.java(38:21-38:28),"cenario"
519,DECLAREDREFERENCEEXPRESSION,"s",Sociologia.java(38:10-38:11),"s"
520,MEMBEREXPRESSION,"vertices",Sociologia.java(38:21-38:37),"cenario.vertices"
521,DECLARATIONSTATEMENT,"",Sociologia.java(39:4-39:39),"Vertex u = findNonStacked(cenario);"
522,VARIABLEDECLARATION,"u",Sociologia.java(39:11-39:38),"u = findNonStacked(cenario)"
523,CALLEXPRESSION,"findNonStacked",Sociologia.java(39:15-39:38),"findNonStacked(cenario)"
524,METHODDECLARATION,"findNonStacked",,""
525,PARAMVARIABLEDECLARATION,"sociologia.grafo0",,""
526,DECLAREDREFERENCEEXPRESSION,"cenario",Sociologia.java(40:4-40:11),"cenario"
527,DECLAREDREFERENCEEXPRESSION,"dfsVisit",Sociologia.java(40:12-40:20),"dfsVisit"
528,DECLAREDREFERENCEEXPRESSION,"reverteArcos",Sociologia.java(43:11-43:23),"reverteArcos"
529,DECLAREDREFERENCEEXPRESSION,"s",Sociologia.java(45:11-45:12),"s"
530,NEWEXPRESSION,"",Sociologia.java(37:21-37:40),"new Stack<Vertex>()"
531,CONSTRUCTEXPRESSION,"",Sociologia.java(37:21-37:40),"new Stack<Vertex>()"
532,LITERAL,"",Sociologia.java(36:24-36:25),"0"
533,UNARYOPERATOR,"!",Sociologia.java(45:10-45:22),"!s.isEmpty()"
534,COMPOUNDSTATEMENT,"",Sociologia.java(45:24-54:4),"{
			Vertex u = s.pop();
			if (u.stacked == true) {
				int npessoasgrupo = cenario.dfsVisit(u, s, 1, false);
				if (npessoasgrupo >= 4)
					ngrupos4oumais++;
				else
					npessoasoutros = npessoasoutros + npessoasgrupo;
			}
		}"
535,DECLAREDREFERENCEEXPRESSION,"s",Sociologia.java(46:15-46:16),"s"
536,DECLARATIONSTATEMENT,"",Sociologia.java(46:4-46:23),"Vertex u = s.pop();"
537,IFSTATEMENT,"",Sociologia.java(47:4-53:5),"if (u.stacked == true) {
				int npessoasgrupo = cenario.dfsVisit(u, s, 1, false);
				if (npessoasgrupo >= 4)
					ngrupos4oumais++;
				else
					npessoasoutros = npessoasoutros + npessoasgrupo;
			}"
538,VARIABLEDECLARATION,"u",Sociologia.java(46:11-46:22),"u = s.pop()"
539,COMPOUNDSTATEMENT,"",Sociologia.java(47:27-53:5),"{
				int npessoasgrupo = cenario.dfsVisit(u, s, 1, false);
				if (npessoasgrupo >= 4)
					ngrupos4oumais++;
				else
					npessoasoutros = npessoasoutros + npessoasgrupo;
			}"
540,DECLAREDREFERENCEEXPRESSION,"u",Sociologia.java(47:8-47:9),"u"
541,BINARYOPERATOR,"==",Sociologia.java(47:8-47:25),"u.stacked == true"
542,DECLAREDREFERENCEEXPRESSION,"cenario",Sociologia.java(48:25-48:32),"cenario"
543,MEMBEREXPRESSION,"stacked",Sociologia.java(47:8-47:17),"u.stacked"
544,LITERAL,"",Sociologia.java(47:21-47:25),"true"
545,DECLARATIONSTATEMENT,"",Sociologia.java(48:5-48:58),"int npessoasgrupo = cenario.dfsVisit(u, s, 1, false);"
546,IFSTATEMENT,"",Sociologia.java(49:5-52:54),"if (npessoasgrupo >= 4)
					ngrupos4oumais++;
				else
					npessoasoutros = npessoasoutros + npessoasgrupo;"
547,VARIABLEDECLARATION,"npessoasgrupo",Sociologia.java(48:9-48:57),"npessoasgrupo = cenario.dfsVisit(u, s, 1, false)"
548,UNARYOPERATOR,"++",Sociologia.java(50:6-50:23),"ngrupos4oumais++;"
549,BINARYOPERATOR,"=",Sociologia.java(52:6-52:54),"npessoasoutros = npessoasoutros + npessoasgrupo;"
550,BINARYOPERATOR,">=",Sociologia.java(49:9-49:27),"npessoasgrupo >= 4"
551,DECLAREDREFERENCEEXPRESSION,"ngrupos4oumais",Sociologia.java(50:6-50:20),"ngrupos4oumais"
552,DECLAREDREFERENCEEXPRESSION,"npessoasoutros",Sociologia.java(52:6-52:20),"npessoasoutros"
553,BINARYOPERATOR,"+",Sociologia.java(52:23-52:53),"npessoasoutros + npessoasgrupo"
554,DECLAREDREFERENCEEXPRESSION,"npessoasoutros",Sociologia.java(52:23-52:37),"npessoasoutros"
555,DECLAREDREFERENCEEXPRESSION,"npessoasgrupo",Sociologia.java(52:40-52:53),"npessoasgrupo"
556,DECLAREDREFERENCEEXPRESSION,"npessoasgrupo",Sociologia.java(49:9-49:22),"npessoasgrupo"
557,LITERAL,"",Sociologia.java(49:26-49:27),"4"
558,DECLAREDREFERENCEEXPRESSION,"dfsVisit",Sociologia.java(48:33-48:41),"dfsVisit"
559,MEMBERCALLEXPRESSION,"pop",Sociologia.java(46:15-46:22),"s.pop()"
560,DECLAREDREFERENCEEXPRESSION,"pop",Sociologia.java(46:17-46:20),"pop"
561,MEMBERCALLEXPRESSION,"isEmpty",Sociologia.java(45:11-45:22),"s.isEmpty()"
562,DECLAREDREFERENCEEXPRESSION,"isEmpty",Sociologia.java(45:13-45:20),"isEmpty"
