id,type,token,location,code
1,TRANSLATIONUNITDECLARATION,"/data/00000019/submissions/00095668_Sociologia_090316070/Sociologia.java",,""
2,RECORDDECLARATION,"GNode",Sociologia.java(3:1-16:2),"class GNode {
	int id, color, dist;
	GNode pai;
	ArrayList<Integer> adj;
	ArrayList<Integer> pre;

	GNode(int id) {
		this.id=id;
		color=0; //0=white 1=grey 2=black
		pai=null;
		adj=new ArrayList<Integer> (); //lista de adjacencias
		pre=new ArrayList<Integer> (); //lista de precedente aka transposta
	}
}"
3,RECORDDECLARATION,"Grafo",Sociologia.java(18:1-103:2),"class Grafo { 
	GNode lista[];
	int n;
	boolean clean;
	Stack<GNode> ft; //reverse finishing order
	
	Grafo(int n){
		this.n=n;
		lista=new GNode[n];
		clean=true;
		ft=new Stack<GNode> ();
	}
	
	public void DFS() {
		if(!clean)
			ClearSec();
		
		for(GNode u:lista)
			if(u.color==0)
				DFS(u);
	}
	
	private void DFS(GNode u) {
		u.color=1;
		
		for(int i: u.adj) {
			GNode v=lista[i-1];
			if(v.color==0) {
				v.pai=u;
				DFS(v);
			}
		}
		
		u.color=2;
		ft.push(u);
	}

	private void ClearSec() {
		ft.clear();
		for(GNode i:lista) {
			i.color=0;
			i.pai=null;
		}
	}
	
	public void TransposeGrafo() {
//		for(GNode v: lista)
//			for (int u: v.adj) {
//				lista[u-1].pre.add(v.id);
//			}
		
		ArrayList<Integer> tmp;
		for(GNode v: lista) {
			tmp=v.adj;
			v.adj=v.pre;
			v.pre=tmp;
		}
		ClearSec();
	}
	
	@SuppressWarnings(""unchecked"")
	public void ComponentesConexos() {
		Stack<GNode> s;
		int grupo, naogrupo, tamanho;
		
		DFS();
		s=(Stack<GNode>) ft.clone();
		TransposeGrafo();
		
		grupo=naogrupo=tamanho=0;
		while (!s.isEmpty()) {
			GNode v=s.pop();
			if (v.color==0) {
				DFS(v);
				tamanho=ft.size();
				if(tamanho>3)
					grupo++;
				else
					naogrupo+=tamanho;
				ft.clear();
			}
		}
		
		System.out.println(grupo+"" ""+naogrupo);
	}
}"
4,RECORDDECLARATION,"Sociologia",Sociologia.java(105:1-139:2),"public class Sociologia {

	/**
	 * @param args
	 */
	public static void main(String[] args) {
		Scanner in=new Scanner(System.in);
		
		int nc=in.nextInt(); //num de casos
		
		for(int i=1; i<=nc; i++) {
			int na=in.nextInt(); //num de alunos
			Grafo grafo=new Grafo(na);
			
			for(int j=0; j<na; j++) //Inicializar
				grafo.lista[j]=new GNode(j+1);
			
			for(int j=0; j<na; j++) {
				int x=in.nextInt(); //id do aluno
				//grafo.lista[x-1]=new GNode(x);
				int nf=in.nextInt(); //qnts alunos vai contar
				
				for(int k=0; k<nf; k++){
					int amigo=in.nextInt();
					grafo.lista[x-1].adj.add( amigo );
					grafo.lista[amigo-1].pre.add(x);
				}
			}
			System.out.println(""Caso #""+i);
			grafo.ComponentesConexos();
		}

	}

}"
5,INCLUDEDECLARATION,"java.util",,""
6,FIELDDECLARATION,"this",,""
7,METHODDECLARATION,"main",Sociologia.java(110:2-137:3),"public static void main(String[] args) {
		Scanner in=new Scanner(System.in);
		
		int nc=in.nextInt(); //num de casos
		
		for(int i=1; i<=nc; i++) {
			int na=in.nextInt(); //num de alunos
			Grafo grafo=new Grafo(na);
			
			for(int j=0; j<na; j++) //Inicializar
				grafo.lista[j]=new GNode(j+1);
			
			for(int j=0; j<na; j++) {
				int x=in.nextInt(); //id do aluno
				//grafo.lista[x-1]=new GNode(x);
				int nf=in.nextInt(); //qnts alunos vai contar
				
				for(int k=0; k<nf; k++){
					int amigo=in.nextInt();
					grafo.lista[x-1].adj.add( amigo );
					grafo.lista[amigo-1].pre.add(x);
				}
			}
			System.out.println(""Caso #""+i);
			grafo.ComponentesConexos();
		}

	}"
8,CONSTRUCTORDECLARATION,"Sociologia",,""
9,VARIABLEDECLARATION,"this",,""
10,COMPOUNDSTATEMENT,"",Sociologia.java(110:41-137:3),"{
		Scanner in=new Scanner(System.in);
		
		int nc=in.nextInt(); //num de casos
		
		for(int i=1; i<=nc; i++) {
			int na=in.nextInt(); //num de alunos
			Grafo grafo=new Grafo(na);
			
			for(int j=0; j<na; j++) //Inicializar
				grafo.lista[j]=new GNode(j+1);
			
			for(int j=0; j<na; j++) {
				int x=in.nextInt(); //id do aluno
				//grafo.lista[x-1]=new GNode(x);
				int nf=in.nextInt(); //qnts alunos vai contar
				
				for(int k=0; k<nf; k++){
					int amigo=in.nextInt();
					grafo.lista[x-1].adj.add( amigo );
					grafo.lista[amigo-1].pre.add(x);
				}
			}
			System.out.println(""Caso #""+i);
			grafo.ComponentesConexos();
		}

	}"
11,PARAMVARIABLEDECLARATION,"args",Sociologia.java(110:26-110:39),"String[] args"
12,DECLAREDREFERENCEEXPRESSION,"System",Sociologia.java(111:26-111:32),"System"
13,RETURNSTATEMENT,"",,""
14,DECLARATIONSTATEMENT,"",Sociologia.java(111:3-111:37),"Scanner in=new Scanner(System.in);"
15,DECLARATIONSTATEMENT,"",Sociologia.java(113:3-113:23),"int nc=in.nextInt();"
16,FORSTATEMENT,"",Sociologia.java(115:3-135:4),"for(int i=1; i<=nc; i++) {
			int na=in.nextInt(); //num de alunos
			Grafo grafo=new Grafo(na);
			
			for(int j=0; j<na; j++) //Inicializar
				grafo.lista[j]=new GNode(j+1);
			
			for(int j=0; j<na; j++) {
				int x=in.nextInt(); //id do aluno
				//grafo.lista[x-1]=new GNode(x);
				int nf=in.nextInt(); //qnts alunos vai contar
				
				for(int k=0; k<nf; k++){
					int amigo=in.nextInt();
					grafo.lista[x-1].adj.add( amigo );
					grafo.lista[amigo-1].pre.add(x);
				}
			}
			System.out.println(""Caso #""+i);
			grafo.ComponentesConexos();
		}"
17,VARIABLEDECLARATION,"in",Sociologia.java(111:11-111:36),"in=new Scanner(System.in)"
18,VARIABLEDECLARATION,"nc",Sociologia.java(113:7-113:22),"nc=in.nextInt()"
19,MEMBERCALLEXPRESSION,"nextInt",Sociologia.java(113:10-113:22),"in.nextInt()"
20,DECLAREDREFERENCEEXPRESSION,"nextInt",Sociologia.java(113:13-113:20),"nextInt"
21,DECLAREDREFERENCEEXPRESSION,"in",Sociologia.java(113:10-113:12),"in"
22,LITERAL,"",Sociologia.java(115:13-115:14),"1"
23,NEWEXPRESSION,"",Sociologia.java(111:14-111:36),"new Scanner(System.in)"
24,CONSTRUCTEXPRESSION,"",Sociologia.java(111:14-111:36),"new Scanner(System.in)"
25,MEMBEREXPRESSION,"in",Sociologia.java(111:26-111:35),"System.in"
26,COMPOUNDSTATEMENT,"",Sociologia.java(115:28-135:4),"{
			int na=in.nextInt(); //num de alunos
			Grafo grafo=new Grafo(na);
			
			for(int j=0; j<na; j++) //Inicializar
				grafo.lista[j]=new GNode(j+1);
			
			for(int j=0; j<na; j++) {
				int x=in.nextInt(); //id do aluno
				//grafo.lista[x-1]=new GNode(x);
				int nf=in.nextInt(); //qnts alunos vai contar
				
				for(int k=0; k<nf; k++){
					int amigo=in.nextInt();
					grafo.lista[x-1].adj.add( amigo );
					grafo.lista[amigo-1].pre.add(x);
				}
			}
			System.out.println(""Caso #""+i);
			grafo.ComponentesConexos();
		}"
27,DECLARATIONSTATEMENT,"",Sociologia.java(115:7-115:14),"int i=1"
28,BINARYOPERATOR,"<=",Sociologia.java(115:16-115:21),"i<=nc"
29,UNARYOPERATOR,"++",Sociologia.java(115:23-115:26),"i++"
30,VARIABLEDECLARATION,"i",Sociologia.java(115:11-115:14),"i=1"
31,DECLAREDREFERENCEEXPRESSION,"in",Sociologia.java(116:11-116:13),"in"
32,DECLAREDREFERENCEEXPRESSION,"i",Sociologia.java(115:23-115:24),"i"
33,DECLAREDREFERENCEEXPRESSION,"i",Sociologia.java(115:16-115:17),"i"
34,DECLAREDREFERENCEEXPRESSION,"nc",Sociologia.java(115:19-115:21),"nc"
35,DECLARATIONSTATEMENT,"",Sociologia.java(116:4-116:24),"int na=in.nextInt();"
36,DECLARATIONSTATEMENT,"",Sociologia.java(117:4-117:30),"Grafo grafo=new Grafo(na);"
37,FORSTATEMENT,"",Sociologia.java(119:4-120:35),"for(int j=0; j<na; j++) //Inicializar
				grafo.lista[j]=new GNode(j+1);"
38,FORSTATEMENT,"",Sociologia.java(122:4-132:5),"for(int j=0; j<na; j++) {
				int x=in.nextInt(); //id do aluno
				//grafo.lista[x-1]=new GNode(x);
				int nf=in.nextInt(); //qnts alunos vai contar
				
				for(int k=0; k<nf; k++){
					int amigo=in.nextInt();
					grafo.lista[x-1].adj.add( amigo );
					grafo.lista[amigo-1].pre.add(x);
				}
			}"
39,MEMBERCALLEXPRESSION,"println",Sociologia.java(133:4-133:35),"System.out.println(""Caso #""+i);"
40,MEMBERCALLEXPRESSION,"ComponentesConexos",Sociologia.java(134:4-134:31),"grafo.ComponentesConexos();"
41,VARIABLEDECLARATION,"na",Sociologia.java(116:8-116:23),"na=in.nextInt()"
42,VARIABLEDECLARATION,"grafo",Sociologia.java(117:10-117:29),"grafo=new Grafo(na)"
43,DECLAREDREFERENCEEXPRESSION,"println",Sociologia.java(133:15-133:22),"println"
44,DECLAREDREFERENCEEXPRESSION,"grafo",Sociologia.java(134:4-134:9),"grafo"
45,BINARYOPERATOR,"+",Sociologia.java(133:23-133:33),"""Caso #""+i"
46,LITERAL,"",Sociologia.java(133:23-133:31),"""Caso #"""
47,DECLAREDREFERENCEEXPRESSION,"i",Sociologia.java(133:32-133:33),"i"
48,MEMBEREXPRESSION,"out",Sociologia.java(133:4-133:14),"System.out"
49,DECLAREDREFERENCEEXPRESSION,"System",Sociologia.java(133:4-133:10),"System"
50,DECLAREDREFERENCEEXPRESSION,"ComponentesConexos",Sociologia.java(134:10-134:28),"ComponentesConexos"
51,METHODDECLARATION,"ComponentesConexos",,""
52,DECLAREDREFERENCEEXPRESSION,"na",Sociologia.java(117:26-117:28),"na"
53,LITERAL,"",Sociologia.java(119:14-119:15),"0"
54,BINARYOPERATOR,"=",Sociologia.java(120:5-120:35),"grafo.lista[j]=new GNode(j+1);"
55,DECLARATIONSTATEMENT,"",Sociologia.java(119:8-119:15),"int j=0"
56,BINARYOPERATOR,"<",Sociologia.java(119:17-119:21),"j<na"
57,UNARYOPERATOR,"++",Sociologia.java(119:23-119:26),"j++"
58,VARIABLEDECLARATION,"j",Sociologia.java(119:12-119:15),"j=0"
59,DECLAREDREFERENCEEXPRESSION,"grafo",Sociologia.java(120:5-120:10),"grafo"
60,LITERAL,"",Sociologia.java(122:14-122:15),"0"
61,DECLAREDREFERENCEEXPRESSION,"j",Sociologia.java(119:23-119:24),"j"
62,DECLAREDREFERENCEEXPRESSION,"j",Sociologia.java(119:17-119:18),"j"
63,ARRAYSUBSCRIPTIONEXPRESSION,"",Sociologia.java(120:5-120:19),"grafo.lista[j]"
64,NEWEXPRESSION,"",Sociologia.java(120:20-120:34),"new GNode(j+1)"
65,MEMBEREXPRESSION,"lista",Sociologia.java(120:5-120:16),"grafo.lista"
66,DECLAREDREFERENCEEXPRESSION,"j",Sociologia.java(120:17-120:18),"j"
67,DECLAREDREFERENCEEXPRESSION,"j",Sociologia.java(120:30-120:31),"j"
68,CONSTRUCTEXPRESSION,"",Sociologia.java(120:20-120:34),"new GNode(j+1)"
69,CONSTRUCTORDECLARATION,"GNode",,""
70,BINARYOPERATOR,"+",Sociologia.java(120:30-120:33),"j+1"
71,LITERAL,"",Sociologia.java(120:32-120:33),"1"
72,PARAMVARIABLEDECLARATION,"unknown0",,""
73,DECLAREDREFERENCEEXPRESSION,"na",Sociologia.java(119:19-119:21),"na"
74,NEWEXPRESSION,"",Sociologia.java(117:16-117:29),"new Grafo(na)"
75,CONSTRUCTEXPRESSION,"",Sociologia.java(117:16-117:29),"new Grafo(na)"
76,CONSTRUCTORDECLARATION,"Grafo",main.java(180:2-187:3),"public Grafo(int n) {
		nvs = n;
		narcos = 0;
		verts = new No[n + 1];
		for (int i = 0; i <= n; i++)
			verts[i] = new No();
		// para vertices numerados de 1 a n (posicao 0 nao vai ser usada)
	}"
77,PARAMVARIABLEDECLARATION,"n",main.java(180:15-180:20),"int n"
78,COMPOUNDSTATEMENT,"",Sociologia.java(122:28-132:5),"{
				int x=in.nextInt(); //id do aluno
				//grafo.lista[x-1]=new GNode(x);
				int nf=in.nextInt(); //qnts alunos vai contar
				
				for(int k=0; k<nf; k++){
					int amigo=in.nextInt();
					grafo.lista[x-1].adj.add( amigo );
					grafo.lista[amigo-1].pre.add(x);
				}
			}"
79,DECLARATIONSTATEMENT,"",Sociologia.java(122:8-122:15),"int j=0"
80,BINARYOPERATOR,"<",Sociologia.java(122:17-122:21),"j<na"
81,UNARYOPERATOR,"++",Sociologia.java(122:23-122:26),"j++"
82,VARIABLEDECLARATION,"j",Sociologia.java(122:12-122:15),"j=0"
83,DECLAREDREFERENCEEXPRESSION,"in",Sociologia.java(123:11-123:13),"in"
84,DECLAREDREFERENCEEXPRESSION,"j",Sociologia.java(122:17-122:18),"j"
85,DECLAREDREFERENCEEXPRESSION,"na",Sociologia.java(122:19-122:21),"na"
86,DECLARATIONSTATEMENT,"",Sociologia.java(123:5-123:24),"int x=in.nextInt();"
87,DECLARATIONSTATEMENT,"",Sociologia.java(125:5-125:25),"int nf=in.nextInt();"
88,FORSTATEMENT,"",Sociologia.java(127:5-131:6),"for(int k=0; k<nf; k++){
					int amigo=in.nextInt();
					grafo.lista[x-1].adj.add( amigo );
					grafo.lista[amigo-1].pre.add(x);
				}"
89,VARIABLEDECLARATION,"x",Sociologia.java(123:9-123:23),"x=in.nextInt()"
90,VARIABLEDECLARATION,"nf",Sociologia.java(125:9-125:24),"nf=in.nextInt()"
91,DECLAREDREFERENCEEXPRESSION,"j",Sociologia.java(122:23-122:24),"j"
92,MEMBERCALLEXPRESSION,"nextInt",Sociologia.java(125:12-125:24),"in.nextInt()"
93,DECLAREDREFERENCEEXPRESSION,"nextInt",Sociologia.java(125:15-125:22),"nextInt"
94,DECLAREDREFERENCEEXPRESSION,"in",Sociologia.java(125:12-125:14),"in"
95,LITERAL,"",Sociologia.java(127:15-127:16),"0"
96,MEMBERCALLEXPRESSION,"nextInt",Sociologia.java(123:11-123:23),"in.nextInt()"
97,DECLAREDREFERENCEEXPRESSION,"nextInt",Sociologia.java(123:14-123:21),"nextInt"
98,COMPOUNDSTATEMENT,"",Sociologia.java(127:28-131:6),"{
					int amigo=in.nextInt();
					grafo.lista[x-1].adj.add( amigo );
					grafo.lista[amigo-1].pre.add(x);
				}"
99,DECLARATIONSTATEMENT,"",Sociologia.java(127:9-127:16),"int k=0"
100,BINARYOPERATOR,"<",Sociologia.java(127:18-127:22),"k<nf"
101,UNARYOPERATOR,"++",Sociologia.java(127:24-127:27),"k++"
102,VARIABLEDECLARATION,"k",Sociologia.java(127:13-127:16),"k=0"
103,DECLAREDREFERENCEEXPRESSION,"in",Sociologia.java(128:16-128:18),"in"
104,DECLAREDREFERENCEEXPRESSION,"k",Sociologia.java(127:18-127:19),"k"
105,DECLAREDREFERENCEEXPRESSION,"nf",Sociologia.java(127:20-127:22),"nf"
106,DECLAREDREFERENCEEXPRESSION,"k",Sociologia.java(127:24-127:25),"k"
107,DECLARATIONSTATEMENT,"",Sociologia.java(128:6-128:29),"int amigo=in.nextInt();"
108,MEMBERCALLEXPRESSION,"add",Sociologia.java(129:6-129:40),"grafo.lista[x-1].adj.add( amigo );"
109,MEMBERCALLEXPRESSION,"add",Sociologia.java(130:6-130:38),"grafo.lista[amigo-1].pre.add(x);"
110,VARIABLEDECLARATION,"amigo",Sociologia.java(128:10-128:28),"amigo=in.nextInt()"
111,DECLAREDREFERENCEEXPRESSION,"add",Sociologia.java(129:27-129:30),"add"
112,DECLAREDREFERENCEEXPRESSION,"grafo",Sociologia.java(130:6-130:11),"grafo"
113,DECLAREDREFERENCEEXPRESSION,"amigo",Sociologia.java(129:32-129:37),"amigo"
114,MEMBEREXPRESSION,"adj",Sociologia.java(129:6-129:26),"grafo.lista[x-1].adj"
115,ARRAYSUBSCRIPTIONEXPRESSION,"",Sociologia.java(129:6-129:22),"grafo.lista[x-1]"
116,MEMBEREXPRESSION,"lista",Sociologia.java(129:6-129:17),"grafo.lista"
117,BINARYOPERATOR,"-",Sociologia.java(129:18-129:21),"x-1"
118,DECLAREDREFERENCEEXPRESSION,"grafo",Sociologia.java(129:6-129:11),"grafo"
119,DECLAREDREFERENCEEXPRESSION,"x",Sociologia.java(129:18-129:19),"x"
120,LITERAL,"",Sociologia.java(129:20-129:21),"1"
121,MEMBERCALLEXPRESSION,"nextInt",Sociologia.java(128:16-128:28),"in.nextInt()"
122,DECLAREDREFERENCEEXPRESSION,"nextInt",Sociologia.java(128:19-128:26),"nextInt"
123,DECLAREDREFERENCEEXPRESSION,"add",Sociologia.java(130:31-130:34),"add"
124,DECLAREDREFERENCEEXPRESSION,"x",Sociologia.java(130:35-130:36),"x"
125,MEMBEREXPRESSION,"pre",Sociologia.java(130:6-130:30),"grafo.lista[amigo-1].pre"
126,ARRAYSUBSCRIPTIONEXPRESSION,"",Sociologia.java(130:6-130:26),"grafo.lista[amigo-1]"
127,MEMBEREXPRESSION,"lista",Sociologia.java(130:6-130:17),"grafo.lista"
128,BINARYOPERATOR,"-",Sociologia.java(130:18-130:25),"amigo-1"
129,DECLAREDREFERENCEEXPRESSION,"amigo",Sociologia.java(130:18-130:23),"amigo"
130,LITERAL,"",Sociologia.java(130:24-130:25),"1"
131,MEMBERCALLEXPRESSION,"nextInt",Sociologia.java(116:11-116:23),"in.nextInt()"
132,DECLAREDREFERENCEEXPRESSION,"nextInt",Sociologia.java(116:14-116:21),"nextInt"
133,FIELDDECLARATION,"this",,""
134,FIELDDECLARATION,"id",Sociologia.java(4:2-4:22),"id"
135,FIELDDECLARATION,"pai",Sociologia.java(5:2-5:12),"pai"
136,FIELDDECLARATION,"adj",Sociologia.java(6:2-6:25),"adj"
137,FIELDDECLARATION,"pre",Sociologia.java(7:2-7:25),"pre"
138,CONSTRUCTORDECLARATION,"GNode",Sociologia.java(9:2-15:3),"GNode(int id) {
		this.id=id;
		color=0; //0=white 1=grey 2=black
		pai=null;
		adj=new ArrayList<Integer> (); //lista de adjacencias
		pre=new ArrayList<Integer> (); //lista de precedente aka transposta
	}"
139,COMPOUNDSTATEMENT,"",Sociologia.java(9:16-15:3),"{
		this.id=id;
		color=0; //0=white 1=grey 2=black
		pai=null;
		adj=new ArrayList<Integer> (); //lista de adjacencias
		pre=new ArrayList<Integer> (); //lista de precedente aka transposta
	}"
140,PARAMVARIABLEDECLARATION,"id",Sociologia.java(9:8-9:14),"int id"
141,DECLAREDREFERENCEEXPRESSION,"this",Sociologia.java(10:3-10:7),"this"
142,RETURNSTATEMENT,"",,""
143,BINARYOPERATOR,"=",Sociologia.java(10:3-10:14),"this.id=id;"
144,BINARYOPERATOR,"=",Sociologia.java(11:3-11:11),"color=0;"
145,BINARYOPERATOR,"=",Sociologia.java(12:3-12:12),"pai=null;"
146,BINARYOPERATOR,"=",Sociologia.java(13:3-13:33),"adj=new ArrayList<Integer> ();"
147,BINARYOPERATOR,"=",Sociologia.java(14:3-14:33),"pre=new ArrayList<Integer> ();"
148,MEMBEREXPRESSION,"pai",Sociologia.java(12:3-12:6),"pai"
149,LITERAL,"",Sociologia.java(12:7-12:11),"null"
150,DECLAREDREFERENCEEXPRESSION,"this",Sociologia.java(13:3-13:6),"this"
151,DECLAREDREFERENCEEXPRESSION,"this",Sociologia.java(12:3-12:6),"this"
152,MEMBEREXPRESSION,"color",Sociologia.java(11:3-11:8),"color"
153,LITERAL,"",Sociologia.java(11:9-11:10),"0"
154,DECLAREDREFERENCEEXPRESSION,"this",Sociologia.java(11:3-11:8),"this"
155,MEMBEREXPRESSION,"pre",Sociologia.java(14:3-14:6),"pre"
156,NEWEXPRESSION,"",Sociologia.java(14:7-14:32),"new ArrayList<Integer> ()"
157,CONSTRUCTEXPRESSION,"",Sociologia.java(14:7-14:32),"new ArrayList<Integer> ()"
158,DECLAREDREFERENCEEXPRESSION,"this",Sociologia.java(14:3-14:6),"this"
159,MEMBEREXPRESSION,"adj",Sociologia.java(13:3-13:6),"adj"
160,NEWEXPRESSION,"",Sociologia.java(13:7-13:32),"new ArrayList<Integer> ()"
161,CONSTRUCTEXPRESSION,"",Sociologia.java(13:7-13:32),"new ArrayList<Integer> ()"
162,MEMBEREXPRESSION,"id",Sociologia.java(10:3-10:10),"this.id"
163,DECLAREDREFERENCEEXPRESSION,"id",Sociologia.java(10:11-10:13),"id"
164,FIELDDECLARATION,"this",,""
165,FIELDDECLARATION,"lista",Sociologia.java(19:2-19:16),"lista"
166,FIELDDECLARATION,"n",Sociologia.java(20:2-20:8),"n"
167,FIELDDECLARATION,"clean",Sociologia.java(21:2-21:16),"clean"
168,FIELDDECLARATION,"ft",Sociologia.java(22:2-22:18),"ft"
169,METHODDECLARATION,"DFS",Sociologia.java(31:2-38:3),"public void DFS() {
		if(!clean)
			ClearSec();
		
		for(GNode u:lista)
			if(u.color==0)
				DFS(u);
	}"
170,METHODDECLARATION,"DFS",Sociologia.java(40:2-53:3),"private void DFS(GNode u) {
		u.color=1;
		
		for(int i: u.adj) {
			GNode v=lista[i-1];
			if(v.color==0) {
				v.pai=u;
				DFS(v);
			}
		}
		
		u.color=2;
		ft.push(u);
	}"
171,METHODDECLARATION,"ClearSec",Sociologia.java(55:2-61:3),"private void ClearSec() {
		ft.clear();
		for(GNode i:lista) {
			i.color=0;
			i.pai=null;
		}
	}"
172,METHODDECLARATION,"TransposeGrafo",Sociologia.java(63:2-76:3),"public void TransposeGrafo() {
//		for(GNode v: lista)
//			for (int u: v.adj) {
//				lista[u-1].pre.add(v.id);
//			}
		
		ArrayList<Integer> tmp;
		for(GNode v: lista) {
			tmp=v.adj;
			v.adj=v.pre;
			v.pre=tmp;
		}
		ClearSec();
	}"
173,METHODDECLARATION,"ComponentesConexos",Sociologia.java(78:2-102:3),"@SuppressWarnings(""unchecked"")
	public void ComponentesConexos() {
		Stack<GNode> s;
		int grupo, naogrupo, tamanho;
		
		DFS();
		s=(Stack<GNode>) ft.clone();
		TransposeGrafo();
		
		grupo=naogrupo=tamanho=0;
		while (!s.isEmpty()) {
			GNode v=s.pop();
			if (v.color==0) {
				DFS(v);
				tamanho=ft.size();
				if(tamanho>3)
					grupo++;
				else
					naogrupo+=tamanho;
				ft.clear();
			}
		}
		
		System.out.println(grupo+"" ""+naogrupo);
	}"
174,CONSTRUCTORDECLARATION,"Grafo",Sociologia.java(24:2-29:3),"Grafo(int n){
		this.n=n;
		lista=new GNode[n];
		clean=true;
		ft=new Stack<GNode> ();
	}"
175,VARIABLEDECLARATION,"this",,""
176,COMPOUNDSTATEMENT,"",Sociologia.java(40:28-53:3),"{
		u.color=1;
		
		for(int i: u.adj) {
			GNode v=lista[i-1];
			if(v.color==0) {
				v.pai=u;
				DFS(v);
			}
		}
		
		u.color=2;
		ft.push(u);
	}"
177,PARAMVARIABLEDECLARATION,"u",Sociologia.java(40:19-40:26),"GNode u"
178,DECLAREDREFERENCEEXPRESSION,"u",Sociologia.java(41:3-41:4),"u"
179,RETURNSTATEMENT,"",,""
180,BINARYOPERATOR,"=",Sociologia.java(41:3-41:13),"u.color=1;"
181,FOREACHSTATEMENT,"",Sociologia.java(43:3-49:4),"for(int i: u.adj) {
			GNode v=lista[i-1];
			if(v.color==0) {
				v.pai=u;
				DFS(v);
			}
		}"
182,BINARYOPERATOR,"=",Sociologia.java(51:3-51:13),"u.color=2;"
183,MEMBERCALLEXPRESSION,"push",Sociologia.java(52:3-52:14),"ft.push(u);"
184,DECLARATIONSTATEMENT,"",Sociologia.java(43:7-43:12),"int i"
185,MEMBEREXPRESSION,"adj",Sociologia.java(43:14-43:19),"u.adj"
186,COMPOUNDSTATEMENT,"",Sociologia.java(43:21-49:4),"{
			GNode v=lista[i-1];
			if(v.color==0) {
				v.pai=u;
				DFS(v);
			}
		}"
187,VARIABLEDECLARATION,"i",Sociologia.java(43:11-43:12),"i"
188,DECLAREDREFERENCEEXPRESSION,"this",Sociologia.java(44:12-44:17),"this"
189,DECLAREDREFERENCEEXPRESSION,"u",Sociologia.java(51:3-51:4),"u"
190,DECLAREDREFERENCEEXPRESSION,"u",Sociologia.java(43:14-43:15),"u"
191,UNINITIALIZEDVALUE,"Uninitialized Value",,""
192,DECLARATIONSTATEMENT,"",Sociologia.java(44:4-44:23),"GNode v=lista[i-1];"
193,IFSTATEMENT,"",Sociologia.java(45:4-48:5),"if(v.color==0) {
				v.pai=u;
				DFS(v);
			}"
194,VARIABLEDECLARATION,"v",Sociologia.java(44:10-44:22),"v=lista[i-1]"
195,COMPOUNDSTATEMENT,"",Sociologia.java(45:19-48:5),"{
				v.pai=u;
				DFS(v);
			}"
196,DECLAREDREFERENCEEXPRESSION,"v",Sociologia.java(45:7-45:8),"v"
197,ARRAYSUBSCRIPTIONEXPRESSION,"",Sociologia.java(44:12-44:22),"lista[i-1]"
198,MEMBEREXPRESSION,"lista",Sociologia.java(44:12-44:17),"lista"
199,BINARYOPERATOR,"-",Sociologia.java(44:18-44:21),"i-1"
200,DECLAREDREFERENCEEXPRESSION,"i",Sociologia.java(44:18-44:19),"i"
201,LITERAL,"",Sociologia.java(44:20-44:21),"1"
202,BINARYOPERATOR,"==",Sociologia.java(45:7-45:17),"v.color==0"
203,DECLAREDREFERENCEEXPRESSION,"v",Sociologia.java(46:5-46:6),"v"
204,BINARYOPERATOR,"=",Sociologia.java(46:5-46:13),"v.pai=u;"
205,CALLEXPRESSION,"DFS",Sociologia.java(47:5-47:12),"DFS(v);"
206,METHODDECLARATION,"DFS",,""
207,DECLAREDREFERENCEEXPRESSION,"v",Sociologia.java(47:9-47:10),"v"
208,PARAMVARIABLEDECLARATION,"gnode0",,""
209,MEMBEREXPRESSION,"pai",Sociologia.java(46:5-46:10),"v.pai"
210,DECLAREDREFERENCEEXPRESSION,"u",Sociologia.java(46:11-46:12),"u"
211,MEMBEREXPRESSION,"color",Sociologia.java(45:7-45:14),"v.color"
212,LITERAL,"",Sociologia.java(45:16-45:17),"0"
213,DECLAREDREFERENCEEXPRESSION,"push",Sociologia.java(52:6-52:10),"push"
214,DECLAREDREFERENCEEXPRESSION,"u",Sociologia.java(52:11-52:12),"u"
215,MEMBEREXPRESSION,"ft",Sociologia.java(52:3-52:5),"ft"
216,DECLAREDREFERENCEEXPRESSION,"this",Sociologia.java(52:3-52:5),"this"
217,MEMBEREXPRESSION,"color",Sociologia.java(41:3-41:10),"u.color"
218,LITERAL,"",Sociologia.java(41:11-41:12),"1"
219,MEMBEREXPRESSION,"color",Sociologia.java(51:3-51:10),"u.color"
220,LITERAL,"",Sociologia.java(51:11-51:12),"2"
221,VARIABLEDECLARATION,"this",,""
222,COMPOUNDSTATEMENT,"",Sociologia.java(55:26-61:3),"{
		ft.clear();
		for(GNode i:lista) {
			i.color=0;
			i.pai=null;
		}
	}"
223,DECLAREDREFERENCEEXPRESSION,"this",Sociologia.java(56:3-56:5),"this"
224,RETURNSTATEMENT,"",,""
225,MEMBERCALLEXPRESSION,"clear",Sociologia.java(56:3-56:14),"ft.clear();"
226,FOREACHSTATEMENT,"",Sociologia.java(57:3-60:4),"for(GNode i:lista) {
			i.color=0;
			i.pai=null;
		}"
227,DECLARATIONSTATEMENT,"",Sociologia.java(57:7-57:14),"GNode i"
228,MEMBEREXPRESSION,"lista",Sociologia.java(57:15-57:20),"lista"
229,COMPOUNDSTATEMENT,"",Sociologia.java(57:22-60:4),"{
			i.color=0;
			i.pai=null;
		}"
230,VARIABLEDECLARATION,"i",Sociologia.java(57:13-57:14),"i"
231,DECLAREDREFERENCEEXPRESSION,"i",Sociologia.java(58:4-58:5),"i"
232,BINARYOPERATOR,"=",Sociologia.java(58:4-58:14),"i.color=0;"
233,BINARYOPERATOR,"=",Sociologia.java(59:4-59:15),"i.pai=null;"
234,DECLAREDREFERENCEEXPRESSION,"this",Sociologia.java(57:15-57:20),"this"
235,MEMBEREXPRESSION,"color",Sociologia.java(58:4-58:11),"i.color"
236,LITERAL,"",Sociologia.java(58:12-58:13),"0"
237,DECLAREDREFERENCEEXPRESSION,"i",Sociologia.java(59:4-59:5),"i"
238,MEMBEREXPRESSION,"pai",Sociologia.java(59:4-59:9),"i.pai"
239,LITERAL,"",Sociologia.java(59:10-59:14),"null"
240,UNINITIALIZEDVALUE,"Uninitialized Value",,""
241,DECLAREDREFERENCEEXPRESSION,"clear",Sociologia.java(56:6-56:11),"clear"
242,MEMBEREXPRESSION,"ft",Sociologia.java(56:3-56:5),"ft"
243,COMPOUNDSTATEMENT,"",Sociologia.java(24:14-29:3),"{
		this.n=n;
		lista=new GNode[n];
		clean=true;
		ft=new Stack<GNode> ();
	}"
244,PARAMVARIABLEDECLARATION,"n",Sociologia.java(24:8-24:13),"int n"
245,DECLAREDREFERENCEEXPRESSION,"this",Sociologia.java(25:3-25:7),"this"
246,RETURNSTATEMENT,"",,""
247,BINARYOPERATOR,"=",Sociologia.java(25:3-25:12),"this.n=n;"
248,BINARYOPERATOR,"=",Sociologia.java(26:3-26:22),"lista=new GNode[n];"
249,BINARYOPERATOR,"=",Sociologia.java(27:3-27:14),"clean=true;"
250,BINARYOPERATOR,"=",Sociologia.java(28:3-28:26),"ft=new Stack<GNode> ();"
251,MEMBEREXPRESSION,"clean",Sociologia.java(27:3-27:8),"clean"
252,LITERAL,"",Sociologia.java(27:9-27:13),"true"
253,DECLAREDREFERENCEEXPRESSION,"this",Sociologia.java(28:3-28:5),"this"
254,DECLAREDREFERENCEEXPRESSION,"this",Sociologia.java(27:3-27:8),"this"
255,MEMBEREXPRESSION,"n",Sociologia.java(25:3-25:9),"this.n"
256,DECLAREDREFERENCEEXPRESSION,"n",Sociologia.java(25:10-25:11),"n"
257,DECLAREDREFERENCEEXPRESSION,"this",Sociologia.java(26:3-26:8),"this"
258,MEMBEREXPRESSION,"lista",Sociologia.java(26:3-26:8),"lista"
259,ARRAYCREATIONEXPRESSION,"",Sociologia.java(26:9-26:21),"new GNode[n]"
260,DECLAREDREFERENCEEXPRESSION,"n",Sociologia.java(26:19-26:20),"n"
261,MEMBEREXPRESSION,"ft",Sociologia.java(28:3-28:5),"ft"
262,NEWEXPRESSION,"",Sociologia.java(28:6-28:25),"new Stack<GNode> ()"
263,CONSTRUCTEXPRESSION,"",Sociologia.java(28:6-28:25),"new Stack<GNode> ()"
264,VARIABLEDECLARATION,"this",,""
265,COMPOUNDSTATEMENT,"",Sociologia.java(79:35-102:3),"{
		Stack<GNode> s;
		int grupo, naogrupo, tamanho;
		
		DFS();
		s=(Stack<GNode>) ft.clone();
		TransposeGrafo();
		
		grupo=naogrupo=tamanho=0;
		while (!s.isEmpty()) {
			GNode v=s.pop();
			if (v.color==0) {
				DFS(v);
				tamanho=ft.size();
				if(tamanho>3)
					grupo++;
				else
					naogrupo+=tamanho;
				ft.clear();
			}
		}
		
		System.out.println(grupo+"" ""+naogrupo);
	}"
266,UNINITIALIZEDVALUE,"Uninitialized Value",,""
267,RETURNSTATEMENT,"",,""
268,DECLARATIONSTATEMENT,"",Sociologia.java(80:3-80:18),"Stack<GNode> s;"
269,DECLARATIONSTATEMENT,"",Sociologia.java(81:3-81:32),"int grupo, naogrupo, tamanho;"
270,CALLEXPRESSION,"DFS",Sociologia.java(83:3-83:9),"DFS();"
271,BINARYOPERATOR,"=",Sociologia.java(84:3-84:31),"s=(Stack<GNode>) ft.clone();"
272,CALLEXPRESSION,"TransposeGrafo",Sociologia.java(85:3-85:20),"TransposeGrafo();"
273,BINARYOPERATOR,"=",Sociologia.java(87:3-87:28),"grupo=naogrupo=tamanho=0;"
274,WHILESTATEMENT,"",Sociologia.java(88:3-99:4),"while (!s.isEmpty()) {
			GNode v=s.pop();
			if (v.color==0) {
				DFS(v);
				tamanho=ft.size();
				if(tamanho>3)
					grupo++;
				else
					naogrupo+=tamanho;
				ft.clear();
			}
		}"
275,MEMBERCALLEXPRESSION,"println",Sociologia.java(101:3-101:42),"System.out.println(grupo+"" ""+naogrupo);"
276,VARIABLEDECLARATION,"s",Sociologia.java(80:16-80:17),"s"
277,VARIABLEDECLARATION,"grupo",Sociologia.java(81:7-81:12),"grupo"
278,VARIABLEDECLARATION,"naogrupo",Sociologia.java(81:14-81:22),"naogrupo"
279,VARIABLEDECLARATION,"tamanho",Sociologia.java(81:24-81:31),"tamanho"
280,UNINITIALIZEDVALUE,"Uninitialized Value",,""
281,UNINITIALIZEDVALUE,"Uninitialized Value",,""
282,UNARYOPERATOR,"!",Sociologia.java(88:10-88:22),"!s.isEmpty()"
283,COMPOUNDSTATEMENT,"",Sociologia.java(88:24-99:4),"{
			GNode v=s.pop();
			if (v.color==0) {
				DFS(v);
				tamanho=ft.size();
				if(tamanho>3)
					grupo++;
				else
					naogrupo+=tamanho;
				ft.clear();
			}
		}"
284,DECLAREDREFERENCEEXPRESSION,"s",Sociologia.java(89:12-89:13),"s"
285,DECLAREDREFERENCEEXPRESSION,"System",Sociologia.java(101:3-101:9),"System"
286,MEMBERCALLEXPRESSION,"isEmpty",Sociologia.java(88:11-88:22),"s.isEmpty()"
287,DECLAREDREFERENCEEXPRESSION,"isEmpty",Sociologia.java(88:13-88:20),"isEmpty"
288,DECLAREDREFERENCEEXPRESSION,"s",Sociologia.java(88:11-88:12),"s"
289,DECLARATIONSTATEMENT,"",Sociologia.java(89:4-89:20),"GNode v=s.pop();"
290,IFSTATEMENT,"",Sociologia.java(90:4-98:5),"if (v.color==0) {
				DFS(v);
				tamanho=ft.size();
				if(tamanho>3)
					grupo++;
				else
					naogrupo+=tamanho;
				ft.clear();
			}"
291,VARIABLEDECLARATION,"v",Sociologia.java(89:10-89:19),"v=s.pop()"
292,COMPOUNDSTATEMENT,"",Sociologia.java(90:20-98:5),"{
				DFS(v);
				tamanho=ft.size();
				if(tamanho>3)
					grupo++;
				else
					naogrupo+=tamanho;
				ft.clear();
			}"
293,BINARYOPERATOR,"==",Sociologia.java(90:8-90:18),"v.color==0"
294,DECLAREDREFERENCEEXPRESSION,"v",Sociologia.java(91:9-91:10),"v"
295,MEMBEREXPRESSION,"color",Sociologia.java(90:8-90:15),"v.color"
296,LITERAL,"",Sociologia.java(90:17-90:18),"0"
297,DECLAREDREFERENCEEXPRESSION,"v",Sociologia.java(90:8-90:9),"v"
298,CALLEXPRESSION,"DFS",Sociologia.java(91:5-91:12),"DFS(v);"
299,BINARYOPERATOR,"=",Sociologia.java(92:5-92:23),"tamanho=ft.size();"
300,IFSTATEMENT,"",Sociologia.java(93:5-96:24),"if(tamanho>3)
					grupo++;
				else
					naogrupo+=tamanho;"
301,MEMBERCALLEXPRESSION,"clear",Sociologia.java(97:5-97:16),"ft.clear();"
302,DECLAREDREFERENCEEXPRESSION,"tamanho",Sociologia.java(92:5-92:12),"tamanho"
303,MEMBERCALLEXPRESSION,"size",Sociologia.java(92:13-92:22),"ft.size()"
304,DECLAREDREFERENCEEXPRESSION,"tamanho",Sociologia.java(93:8-93:15),"tamanho"
305,DECLAREDREFERENCEEXPRESSION,"this",Sociologia.java(92:13-92:15),"this"
306,DECLAREDREFERENCEEXPRESSION,"size",Sociologia.java(92:16-92:20),"size"
307,MEMBEREXPRESSION,"ft",Sociologia.java(92:13-92:15),"ft"
308,DECLAREDREFERENCEEXPRESSION,"clear",Sociologia.java(97:8-97:13),"clear"
309,MEMBEREXPRESSION,"ft",Sociologia.java(97:5-97:7),"ft"
310,DECLAREDREFERENCEEXPRESSION,"this",Sociologia.java(97:5-97:7),"this"
311,UNARYOPERATOR,"++",Sociologia.java(94:6-94:14),"grupo++;"
312,BINARYOPERATOR,"+=",Sociologia.java(96:6-96:24),"naogrupo+=tamanho;"
313,BINARYOPERATOR,">",Sociologia.java(93:8-93:17),"tamanho>3"
314,DECLAREDREFERENCEEXPRESSION,"grupo",Sociologia.java(94:6-94:11),"grupo"
315,DECLAREDREFERENCEEXPRESSION,"naogrupo",Sociologia.java(96:6-96:14),"naogrupo"
316,DECLAREDREFERENCEEXPRESSION,"tamanho",Sociologia.java(96:16-96:23),"tamanho"
317,LITERAL,"",Sociologia.java(93:16-93:17),"3"
318,MEMBERCALLEXPRESSION,"pop",Sociologia.java(89:12-89:19),"s.pop()"
319,DECLAREDREFERENCEEXPRESSION,"pop",Sociologia.java(89:14-89:17),"pop"
320,UNINITIALIZEDVALUE,"Uninitialized Value",,""
321,METHODDECLARATION,"DFS",,""
322,DECLAREDREFERENCEEXPRESSION,"s",Sociologia.java(84:3-84:4),"s"
323,METHODDECLARATION,"TransposeGrafo",,""
324,DECLAREDREFERENCEEXPRESSION,"grupo",Sociologia.java(87:3-87:8),"grupo"
325,BINARYOPERATOR,"=",Sociologia.java(87:9-87:27),"naogrupo=tamanho=0"
326,DECLAREDREFERENCEEXPRESSION,"naogrupo",Sociologia.java(87:9-87:17),"naogrupo"
327,BINARYOPERATOR,"=",Sociologia.java(87:18-87:27),"tamanho=0"
328,DECLAREDREFERENCEEXPRESSION,"tamanho",Sociologia.java(87:18-87:25),"tamanho"
329,LITERAL,"",Sociologia.java(87:26-87:27),"0"
330,CASTEXPRESSION,"static_cast",Sociologia.java(84:5-84:30),"(Stack<GNode>) ft.clone()"
331,MEMBERCALLEXPRESSION,"clone",Sociologia.java(84:20-84:30),"ft.clone()"
332,DECLAREDREFERENCEEXPRESSION,"clone",Sociologia.java(84:23-84:28),"clone"
333,MEMBEREXPRESSION,"ft",Sociologia.java(84:20-84:22),"ft"
334,DECLAREDREFERENCEEXPRESSION,"this",Sociologia.java(84:20-84:22),"this"
335,DECLAREDREFERENCEEXPRESSION,"println",Sociologia.java(101:14-101:21),"println"
336,BINARYOPERATOR,"+",Sociologia.java(101:22-101:40),"grupo+"" ""+naogrupo"
337,BINARYOPERATOR,"+",Sociologia.java(101:22-101:31),"grupo+"" """
338,DECLAREDREFERENCEEXPRESSION,"naogrupo",Sociologia.java(101:32-101:40),"naogrupo"
339,DECLAREDREFERENCEEXPRESSION,"grupo",Sociologia.java(101:22-101:27),"grupo"
340,LITERAL,"",Sociologia.java(101:28-101:31),""" """
341,MEMBEREXPRESSION,"out",Sociologia.java(101:3-101:13),"System.out"
342,VARIABLEDECLARATION,"this",,""
343,COMPOUNDSTATEMENT,"",Sociologia.java(31:20-38:3),"{
		if(!clean)
			ClearSec();
		
		for(GNode u:lista)
			if(u.color==0)
				DFS(u);
	}"
344,DECLAREDREFERENCEEXPRESSION,"this",Sociologia.java(32:7-32:12),"this"
345,RETURNSTATEMENT,"",,""
346,IFSTATEMENT,"",Sociologia.java(32:3-33:15),"if(!clean)
			ClearSec();"
347,FOREACHSTATEMENT,"",Sociologia.java(35:3-37:12),"for(GNode u:lista)
			if(u.color==0)
				DFS(u);"
348,DECLARATIONSTATEMENT,"",Sociologia.java(35:7-35:14),"GNode u"
349,MEMBEREXPRESSION,"lista",Sociologia.java(35:15-35:20),"lista"
350,IFSTATEMENT,"",Sociologia.java(36:4-37:12),"if(u.color==0)
				DFS(u);"
351,VARIABLEDECLARATION,"u",Sociologia.java(35:13-35:14),"u"
352,DECLAREDREFERENCEEXPRESSION,"u",Sociologia.java(36:7-36:8),"u"
353,DECLAREDREFERENCEEXPRESSION,"this",Sociologia.java(35:15-35:20),"this"
354,UNINITIALIZEDVALUE,"Uninitialized Value",,""
355,CALLEXPRESSION,"ClearSec",Sociologia.java(33:4-33:15),"ClearSec();"
356,CALLEXPRESSION,"DFS",Sociologia.java(37:5-37:12),"DFS(u);"
357,BINARYOPERATOR,"==",Sociologia.java(36:7-36:17),"u.color==0"
358,DECLAREDREFERENCEEXPRESSION,"u",Sociologia.java(37:9-37:10),"u"
359,MEMBEREXPRESSION,"color",Sociologia.java(36:7-36:14),"u.color"
360,LITERAL,"",Sociologia.java(36:16-36:17),"0"
361,UNARYOPERATOR,"!",Sociologia.java(32:6-32:12),"!clean"
362,METHODDECLARATION,"ClearSec",,""
363,MEMBEREXPRESSION,"clean",Sociologia.java(32:7-32:12),"clean"
364,VARIABLEDECLARATION,"this",,""
365,COMPOUNDSTATEMENT,"",Sociologia.java(63:31-76:3),"{
//		for(GNode v: lista)
//			for (int u: v.adj) {
//				lista[u-1].pre.add(v.id);
//			}
		
		ArrayList<Integer> tmp;
		for(GNode v: lista) {
			tmp=v.adj;
			v.adj=v.pre;
			v.pre=tmp;
		}
		ClearSec();
	}"
366,UNINITIALIZEDVALUE,"Uninitialized Value",,""
367,RETURNSTATEMENT,"",,""
368,DECLARATIONSTATEMENT,"",Sociologia.java(69:3-69:26),"ArrayList<Integer> tmp;"
369,FOREACHSTATEMENT,"",Sociologia.java(70:3-74:4),"for(GNode v: lista) {
			tmp=v.adj;
			v.adj=v.pre;
			v.pre=tmp;
		}"
370,CALLEXPRESSION,"ClearSec",Sociologia.java(75:3-75:14),"ClearSec();"
371,VARIABLEDECLARATION,"tmp",Sociologia.java(69:22-69:25),"tmp"
372,DECLARATIONSTATEMENT,"",Sociologia.java(70:7-70:14),"GNode v"
373,MEMBEREXPRESSION,"lista",Sociologia.java(70:16-70:21),"lista"
374,COMPOUNDSTATEMENT,"",Sociologia.java(70:23-74:4),"{
			tmp=v.adj;
			v.adj=v.pre;
			v.pre=tmp;
		}"
375,VARIABLEDECLARATION,"v",Sociologia.java(70:13-70:14),"v"
376,DECLAREDREFERENCEEXPRESSION,"tmp",Sociologia.java(71:4-71:7),"tmp"
377,UNINITIALIZEDVALUE,"Uninitialized Value",,""
378,BINARYOPERATOR,"=",Sociologia.java(71:4-71:14),"tmp=v.adj;"
379,BINARYOPERATOR,"=",Sociologia.java(72:4-72:16),"v.adj=v.pre;"
380,BINARYOPERATOR,"=",Sociologia.java(73:4-73:14),"v.pre=tmp;"
381,DECLAREDREFERENCEEXPRESSION,"this",Sociologia.java(70:16-70:21),"this"
382,MEMBEREXPRESSION,"adj",Sociologia.java(71:8-71:13),"v.adj"
383,DECLAREDREFERENCEEXPRESSION,"v",Sociologia.java(72:4-72:5),"v"
384,DECLAREDREFERENCEEXPRESSION,"v",Sociologia.java(71:8-71:9),"v"
385,MEMBEREXPRESSION,"adj",Sociologia.java(72:4-72:9),"v.adj"
386,MEMBEREXPRESSION,"pre",Sociologia.java(72:10-72:15),"v.pre"
387,DECLAREDREFERENCEEXPRESSION,"v",Sociologia.java(73:4-73:5),"v"
388,DECLAREDREFERENCEEXPRESSION,"v",Sociologia.java(72:10-72:11),"v"
389,MEMBEREXPRESSION,"pre",Sociologia.java(73:4-73:9),"v.pre"
390,DECLAREDREFERENCEEXPRESSION,"tmp",Sociologia.java(73:10-73:13),"tmp"
