id,type,token,location,code
1,TRANSLATIONUNITDECLARATION,"/data/00000019/submissions/00683733_Sociologia_090307028/Sociologia.java",,""
2,RECORDDECLARATION,"GNode",Sociologia.java(3:1-16:2),"class GNode {
	int id, color, dist;
	GNode pai;
	ArrayList<Integer> adj;
	ArrayList<Integer> pre;

	GNode(int id) {
		this.id=id;
		color=0; //0=white 1=grey 2=black
		pai=null;
		adj=new ArrayList<Integer> (); //lista de adjacencias
		pre=new ArrayList<Integer> (); //lista de precedente aka transposta
	}
}"
3,RECORDDECLARATION,"Grafo",Sociologia.java(18:1-103:2),"class Grafo { 
	GNode lista[];
	int n;
	boolean clean;
	Stack<GNode> ft; //reverse finishing order
	
	Grafo(int n){
		this.n=n;
		lista=new GNode[n];
		clean=true;
		ft=new Stack<GNode> ();
	}
	
	public void DFS() {
		if(!clean)
			ClearSec();
		
		for(GNode u:lista)
			if(u.color==0)
				DFS(u);
	}
	
	private void DFS(GNode u) {
		u.color=1;
		
		for(int i: u.adj) {
			GNode v=lista[i-1];
			if(v.color==0) {
				v.pai=u;
				DFS(v);
			}
		}
		
		u.color=2;
		ft.push(u);
	}

	private void ClearSec() {
		ft.clear();
		for(GNode i:lista) {
			i.color=0;
			i.pai=null;
		}
	}
	
	public void TransposeGrafo() {
//		for(GNode v: lista)
//			for (int u: v.adj) {
//				lista[u-1].pre.add(v.id);
//			}
		
		ArrayList<Integer> tmp;
		for(GNode v: lista) {
			tmp=v.adj;
			v.adj=v.pre;
			v.pre=tmp;
		}
		ClearSec();
	}
	
	@SuppressWarnings(""unchecked"")
	public void ComponentesConexos() {
		Stack<GNode> s;
		int grupo, naogrupo, tamanho;
		
		DFS();
		s=(Stack<GNode>) ft.clone();
		TransposeGrafo();
		
		grupo=naogrupo=tamanho=0;
		while (!s.isEmpty()) {
			GNode v=s.pop();
			if (v.color==0) {
				DFS(v);
				tamanho=ft.size();
				if(tamanho>3)
					grupo++;
				else
					naogrupo+=tamanho;
				ft.clear();
			}
		}
		
		System.out.println(grupo+"" ""+naogrupo);
	}
}"
4,RECORDDECLARATION,"Sociologia",Sociologia.java(105:1-139:2),"public class Sociologia {

	/**
	 * @param args
	 */
	public static void main(String[] args) {
		Scanner in=new Scanner(System.in);
		
		int nc=in.nextInt(); //num de casos
		
		for(int i=1; i<=nc; i++) {
			int na=in.nextInt(); //num de alunos
			Grafo grafo=new Grafo(na);
			
			for(int j=0; j<na; j++) //Inicializar
				grafo.lista[j]=new GNode(j+1);
			
			for(int j=0; j<na; j++) {
				int x=in.nextInt(); //id do aluno
				//grafo.lista[x-1]=new GNode(x);
				int nf=in.nextInt(); //qnts alunos vai contar
				
				for(int k=0; k<nf; k++){
					int amigo=in.nextInt();
					grafo.lista[x-1].adj.add( amigo );
					grafo.lista[amigo-1].pre.add(x);
				}
			}
			System.out.println(""Caso #""+i);
			grafo.ComponentesConexos();
		}

	}

}"
5,INCLUDEDECLARATION,"java.util",,""
6,FIELDDECLARATION,"this",,""
7,FIELDDECLARATION,"lista",Sociologia.java(19:2-19:16),"lista"
8,FIELDDECLARATION,"n",Sociologia.java(20:2-20:8),"n"
9,FIELDDECLARATION,"clean",Sociologia.java(21:2-21:16),"clean"
10,FIELDDECLARATION,"ft",Sociologia.java(22:2-22:18),"ft"
11,METHODDECLARATION,"DFS",Sociologia.java(31:2-38:3),"public void DFS() {
		if(!clean)
			ClearSec();
		
		for(GNode u:lista)
			if(u.color==0)
				DFS(u);
	}"
12,METHODDECLARATION,"DFS",Sociologia.java(40:2-53:3),"private void DFS(GNode u) {
		u.color=1;
		
		for(int i: u.adj) {
			GNode v=lista[i-1];
			if(v.color==0) {
				v.pai=u;
				DFS(v);
			}
		}
		
		u.color=2;
		ft.push(u);
	}"
13,METHODDECLARATION,"ClearSec",Sociologia.java(55:2-61:3),"private void ClearSec() {
		ft.clear();
		for(GNode i:lista) {
			i.color=0;
			i.pai=null;
		}
	}"
14,METHODDECLARATION,"TransposeGrafo",Sociologia.java(63:2-76:3),"public void TransposeGrafo() {
//		for(GNode v: lista)
//			for (int u: v.adj) {
//				lista[u-1].pre.add(v.id);
//			}
		
		ArrayList<Integer> tmp;
		for(GNode v: lista) {
			tmp=v.adj;
			v.adj=v.pre;
			v.pre=tmp;
		}
		ClearSec();
	}"
15,METHODDECLARATION,"ComponentesConexos",Sociologia.java(78:2-102:3),"@SuppressWarnings(""unchecked"")
	public void ComponentesConexos() {
		Stack<GNode> s;
		int grupo, naogrupo, tamanho;
		
		DFS();
		s=(Stack<GNode>) ft.clone();
		TransposeGrafo();
		
		grupo=naogrupo=tamanho=0;
		while (!s.isEmpty()) {
			GNode v=s.pop();
			if (v.color==0) {
				DFS(v);
				tamanho=ft.size();
				if(tamanho>3)
					grupo++;
				else
					naogrupo+=tamanho;
				ft.clear();
			}
		}
		
		System.out.println(grupo+"" ""+naogrupo);
	}"
16,CONSTRUCTORDECLARATION,"Grafo",Sociologia.java(24:2-29:3),"Grafo(int n){
		this.n=n;
		lista=new GNode[n];
		clean=true;
		ft=new Stack<GNode> ();
	}"
17,VARIABLEDECLARATION,"this",,""
18,COMPOUNDSTATEMENT,"",Sociologia.java(63:31-76:3),"{
//		for(GNode v: lista)
//			for (int u: v.adj) {
//				lista[u-1].pre.add(v.id);
//			}
		
		ArrayList<Integer> tmp;
		for(GNode v: lista) {
			tmp=v.adj;
			v.adj=v.pre;
			v.pre=tmp;
		}
		ClearSec();
	}"
19,UNINITIALIZEDVALUE,"Uninitialized Value",,""
20,RETURNSTATEMENT,"",,""
21,DECLARATIONSTATEMENT,"",Sociologia.java(69:3-69:26),"ArrayList<Integer> tmp;"
22,FOREACHSTATEMENT,"",Sociologia.java(70:3-74:4),"for(GNode v: lista) {
			tmp=v.adj;
			v.adj=v.pre;
			v.pre=tmp;
		}"
23,CALLEXPRESSION,"ClearSec",Sociologia.java(75:3-75:14),"ClearSec();"
24,VARIABLEDECLARATION,"tmp",Sociologia.java(69:22-69:25),"tmp"
25,DECLARATIONSTATEMENT,"",Sociologia.java(70:7-70:14),"GNode v"
26,MEMBEREXPRESSION,"lista",Sociologia.java(70:16-70:21),"lista"
27,COMPOUNDSTATEMENT,"",Sociologia.java(70:23-74:4),"{
			tmp=v.adj;
			v.adj=v.pre;
			v.pre=tmp;
		}"
28,VARIABLEDECLARATION,"v",Sociologia.java(70:13-70:14),"v"
29,DECLAREDREFERENCEEXPRESSION,"tmp",Sociologia.java(71:4-71:7),"tmp"
30,UNINITIALIZEDVALUE,"Uninitialized Value",,""
31,DECLAREDREFERENCEEXPRESSION,"this",Sociologia.java(70:16-70:21),"this"
32,BINARYOPERATOR,"=",Sociologia.java(71:4-71:14),"tmp=v.adj;"
33,BINARYOPERATOR,"=",Sociologia.java(72:4-72:16),"v.adj=v.pre;"
34,BINARYOPERATOR,"=",Sociologia.java(73:4-73:14),"v.pre=tmp;"
35,MEMBEREXPRESSION,"adj",Sociologia.java(72:4-72:9),"v.adj"
36,MEMBEREXPRESSION,"pre",Sociologia.java(72:10-72:15),"v.pre"
37,DECLAREDREFERENCEEXPRESSION,"v",Sociologia.java(73:4-73:5),"v"
38,DECLAREDREFERENCEEXPRESSION,"v",Sociologia.java(72:10-72:11),"v"
39,DECLAREDREFERENCEEXPRESSION,"v",Sociologia.java(72:4-72:5),"v"
40,MEMBEREXPRESSION,"adj",Sociologia.java(71:8-71:13),"v.adj"
41,DECLAREDREFERENCEEXPRESSION,"v",Sociologia.java(71:8-71:9),"v"
42,MEMBEREXPRESSION,"pre",Sociologia.java(73:4-73:9),"v.pre"
43,DECLAREDREFERENCEEXPRESSION,"tmp",Sociologia.java(73:10-73:13),"tmp"
44,METHODDECLARATION,"ClearSec",,""
45,VARIABLEDECLARATION,"this",,""
46,COMPOUNDSTATEMENT,"",Sociologia.java(31:20-38:3),"{
		if(!clean)
			ClearSec();
		
		for(GNode u:lista)
			if(u.color==0)
				DFS(u);
	}"
47,DECLAREDREFERENCEEXPRESSION,"this",Sociologia.java(32:7-32:12),"this"
48,RETURNSTATEMENT,"",,""
49,IFSTATEMENT,"",Sociologia.java(32:3-33:15),"if(!clean)
			ClearSec();"
50,FOREACHSTATEMENT,"",Sociologia.java(35:3-37:12),"for(GNode u:lista)
			if(u.color==0)
				DFS(u);"
51,DECLARATIONSTATEMENT,"",Sociologia.java(35:7-35:14),"GNode u"
52,MEMBEREXPRESSION,"lista",Sociologia.java(35:15-35:20),"lista"
53,IFSTATEMENT,"",Sociologia.java(36:4-37:12),"if(u.color==0)
				DFS(u);"
54,VARIABLEDECLARATION,"u",Sociologia.java(35:13-35:14),"u"
55,DECLAREDREFERENCEEXPRESSION,"u",Sociologia.java(36:7-36:8),"u"
56,DECLAREDREFERENCEEXPRESSION,"this",Sociologia.java(35:15-35:20),"this"
57,UNINITIALIZEDVALUE,"Uninitialized Value",,""
58,CALLEXPRESSION,"ClearSec",Sociologia.java(33:4-33:15),"ClearSec();"
59,CALLEXPRESSION,"DFS",Sociologia.java(37:5-37:12),"DFS(u);"
60,BINARYOPERATOR,"==",Sociologia.java(36:7-36:17),"u.color==0"
61,DECLAREDREFERENCEEXPRESSION,"u",Sociologia.java(37:9-37:10),"u"
62,MEMBEREXPRESSION,"color",Sociologia.java(36:7-36:14),"u.color"
63,LITERAL,"",Sociologia.java(36:16-36:17),"0"
64,METHODDECLARATION,"DFS",,""
65,PARAMVARIABLEDECLARATION,"gnode0",,""
66,UNARYOPERATOR,"!",Sociologia.java(32:6-32:12),"!clean"
67,MEMBEREXPRESSION,"clean",Sociologia.java(32:7-32:12),"clean"
68,VARIABLEDECLARATION,"this",,""
69,COMPOUNDSTATEMENT,"",Sociologia.java(79:35-102:3),"{
		Stack<GNode> s;
		int grupo, naogrupo, tamanho;
		
		DFS();
		s=(Stack<GNode>) ft.clone();
		TransposeGrafo();
		
		grupo=naogrupo=tamanho=0;
		while (!s.isEmpty()) {
			GNode v=s.pop();
			if (v.color==0) {
				DFS(v);
				tamanho=ft.size();
				if(tamanho>3)
					grupo++;
				else
					naogrupo+=tamanho;
				ft.clear();
			}
		}
		
		System.out.println(grupo+"" ""+naogrupo);
	}"
70,UNINITIALIZEDVALUE,"Uninitialized Value",,""
71,RETURNSTATEMENT,"",,""
72,DECLARATIONSTATEMENT,"",Sociologia.java(80:3-80:18),"Stack<GNode> s;"
73,DECLARATIONSTATEMENT,"",Sociologia.java(81:3-81:32),"int grupo, naogrupo, tamanho;"
74,CALLEXPRESSION,"DFS",Sociologia.java(83:3-83:9),"DFS();"
75,BINARYOPERATOR,"=",Sociologia.java(84:3-84:31),"s=(Stack<GNode>) ft.clone();"
76,CALLEXPRESSION,"TransposeGrafo",Sociologia.java(85:3-85:20),"TransposeGrafo();"
77,BINARYOPERATOR,"=",Sociologia.java(87:3-87:28),"grupo=naogrupo=tamanho=0;"
78,WHILESTATEMENT,"",Sociologia.java(88:3-99:4),"while (!s.isEmpty()) {
			GNode v=s.pop();
			if (v.color==0) {
				DFS(v);
				tamanho=ft.size();
				if(tamanho>3)
					grupo++;
				else
					naogrupo+=tamanho;
				ft.clear();
			}
		}"
79,MEMBERCALLEXPRESSION,"println",Sociologia.java(101:3-101:42),"System.out.println(grupo+"" ""+naogrupo);"
80,VARIABLEDECLARATION,"s",Sociologia.java(80:16-80:17),"s"
81,VARIABLEDECLARATION,"grupo",Sociologia.java(81:7-81:12),"grupo"
82,VARIABLEDECLARATION,"naogrupo",Sociologia.java(81:14-81:22),"naogrupo"
83,VARIABLEDECLARATION,"tamanho",Sociologia.java(81:24-81:31),"tamanho"
84,DECLAREDREFERENCEEXPRESSION,"println",Sociologia.java(101:14-101:21),"println"
85,BINARYOPERATOR,"+",Sociologia.java(101:22-101:40),"grupo+"" ""+naogrupo"
86,MEMBEREXPRESSION,"out",Sociologia.java(101:3-101:13),"System.out"
87,DECLAREDREFERENCEEXPRESSION,"System",Sociologia.java(101:3-101:9),"System"
88,DECLAREDREFERENCEEXPRESSION,"grupo",Sociologia.java(101:22-101:27),"grupo"
89,BINARYOPERATOR,"+",Sociologia.java(101:22-101:31),"grupo+"" """
90,DECLAREDREFERENCEEXPRESSION,"naogrupo",Sociologia.java(101:32-101:40),"naogrupo"
91,LITERAL,"",Sociologia.java(101:28-101:31),""" """
92,DECLAREDREFERENCEEXPRESSION,"grupo",Sociologia.java(87:3-87:8),"grupo"
93,BINARYOPERATOR,"=",Sociologia.java(87:9-87:27),"naogrupo=tamanho=0"
94,DECLAREDREFERENCEEXPRESSION,"s",Sociologia.java(88:11-88:12),"s"
95,DECLAREDREFERENCEEXPRESSION,"naogrupo",Sociologia.java(87:9-87:17),"naogrupo"
96,BINARYOPERATOR,"=",Sociologia.java(87:18-87:27),"tamanho=0"
97,DECLAREDREFERENCEEXPRESSION,"tamanho",Sociologia.java(87:18-87:25),"tamanho"
98,LITERAL,"",Sociologia.java(87:26-87:27),"0"
99,UNINITIALIZEDVALUE,"Uninitialized Value",,""
100,UNINITIALIZEDVALUE,"Uninitialized Value",,""
101,METHODDECLARATION,"DFS",,""
102,DECLAREDREFERENCEEXPRESSION,"s",Sociologia.java(84:3-84:4),"s"
103,CASTEXPRESSION,"static_cast",Sociologia.java(84:5-84:30),"(Stack<GNode>) ft.clone()"
104,DECLAREDREFERENCEEXPRESSION,"this",Sociologia.java(84:20-84:22),"this"
105,MEMBERCALLEXPRESSION,"clone",Sociologia.java(84:20-84:30),"ft.clone()"
106,DECLAREDREFERENCEEXPRESSION,"clone",Sociologia.java(84:23-84:28),"clone"
107,MEMBEREXPRESSION,"ft",Sociologia.java(84:20-84:22),"ft"
108,UNINITIALIZEDVALUE,"Uninitialized Value",,""
109,UNARYOPERATOR,"!",Sociologia.java(88:10-88:22),"!s.isEmpty()"
110,COMPOUNDSTATEMENT,"",Sociologia.java(88:24-99:4),"{
			GNode v=s.pop();
			if (v.color==0) {
				DFS(v);
				tamanho=ft.size();
				if(tamanho>3)
					grupo++;
				else
					naogrupo+=tamanho;
				ft.clear();
			}
		}"
111,DECLAREDREFERENCEEXPRESSION,"s",Sociologia.java(89:12-89:13),"s"
112,DECLARATIONSTATEMENT,"",Sociologia.java(89:4-89:20),"GNode v=s.pop();"
113,IFSTATEMENT,"",Sociologia.java(90:4-98:5),"if (v.color==0) {
				DFS(v);
				tamanho=ft.size();
				if(tamanho>3)
					grupo++;
				else
					naogrupo+=tamanho;
				ft.clear();
			}"
114,VARIABLEDECLARATION,"v",Sociologia.java(89:10-89:19),"v=s.pop()"
115,COMPOUNDSTATEMENT,"",Sociologia.java(90:20-98:5),"{
				DFS(v);
				tamanho=ft.size();
				if(tamanho>3)
					grupo++;
				else
					naogrupo+=tamanho;
				ft.clear();
			}"
116,BINARYOPERATOR,"==",Sociologia.java(90:8-90:18),"v.color==0"
117,DECLAREDREFERENCEEXPRESSION,"v",Sociologia.java(91:9-91:10),"v"
118,MEMBEREXPRESSION,"color",Sociologia.java(90:8-90:15),"v.color"
119,LITERAL,"",Sociologia.java(90:17-90:18),"0"
120,DECLAREDREFERENCEEXPRESSION,"v",Sociologia.java(90:8-90:9),"v"
121,CALLEXPRESSION,"DFS",Sociologia.java(91:5-91:12),"DFS(v);"
122,BINARYOPERATOR,"=",Sociologia.java(92:5-92:23),"tamanho=ft.size();"
123,IFSTATEMENT,"",Sociologia.java(93:5-96:24),"if(tamanho>3)
					grupo++;
				else
					naogrupo+=tamanho;"
124,MEMBERCALLEXPRESSION,"clear",Sociologia.java(97:5-97:16),"ft.clear();"
125,DECLAREDREFERENCEEXPRESSION,"tamanho",Sociologia.java(92:5-92:12),"tamanho"
126,MEMBERCALLEXPRESSION,"size",Sociologia.java(92:13-92:22),"ft.size()"
127,DECLAREDREFERENCEEXPRESSION,"tamanho",Sociologia.java(93:8-93:15),"tamanho"
128,DECLAREDREFERENCEEXPRESSION,"this",Sociologia.java(92:13-92:15),"this"
129,DECLAREDREFERENCEEXPRESSION,"size",Sociologia.java(92:16-92:20),"size"
130,MEMBEREXPRESSION,"ft",Sociologia.java(92:13-92:15),"ft"
131,DECLAREDREFERENCEEXPRESSION,"clear",Sociologia.java(97:8-97:13),"clear"
132,MEMBEREXPRESSION,"ft",Sociologia.java(97:5-97:7),"ft"
133,DECLAREDREFERENCEEXPRESSION,"this",Sociologia.java(97:5-97:7),"this"
134,UNARYOPERATOR,"++",Sociologia.java(94:6-94:14),"grupo++;"
135,BINARYOPERATOR,"+=",Sociologia.java(96:6-96:24),"naogrupo+=tamanho;"
136,BINARYOPERATOR,">",Sociologia.java(93:8-93:17),"tamanho>3"
137,DECLAREDREFERENCEEXPRESSION,"grupo",Sociologia.java(94:6-94:11),"grupo"
138,DECLAREDREFERENCEEXPRESSION,"naogrupo",Sociologia.java(96:6-96:14),"naogrupo"
139,LITERAL,"",Sociologia.java(93:16-93:17),"3"
140,DECLAREDREFERENCEEXPRESSION,"tamanho",Sociologia.java(96:16-96:23),"tamanho"
141,MEMBERCALLEXPRESSION,"pop",Sociologia.java(89:12-89:19),"s.pop()"
142,DECLAREDREFERENCEEXPRESSION,"pop",Sociologia.java(89:14-89:17),"pop"
143,MEMBERCALLEXPRESSION,"isEmpty",Sociologia.java(88:11-88:22),"s.isEmpty()"
144,DECLAREDREFERENCEEXPRESSION,"isEmpty",Sociologia.java(88:13-88:20),"isEmpty"
145,METHODDECLARATION,"TransposeGrafo",,""
146,VARIABLEDECLARATION,"this",,""
147,COMPOUNDSTATEMENT,"",Sociologia.java(40:28-53:3),"{
		u.color=1;
		
		for(int i: u.adj) {
			GNode v=lista[i-1];
			if(v.color==0) {
				v.pai=u;
				DFS(v);
			}
		}
		
		u.color=2;
		ft.push(u);
	}"
148,PARAMVARIABLEDECLARATION,"u",Sociologia.java(40:19-40:26),"GNode u"
149,DECLAREDREFERENCEEXPRESSION,"u",Sociologia.java(41:3-41:4),"u"
150,RETURNSTATEMENT,"",,""
151,BINARYOPERATOR,"=",Sociologia.java(41:3-41:13),"u.color=1;"
152,FOREACHSTATEMENT,"",Sociologia.java(43:3-49:4),"for(int i: u.adj) {
			GNode v=lista[i-1];
			if(v.color==0) {
				v.pai=u;
				DFS(v);
			}
		}"
153,BINARYOPERATOR,"=",Sociologia.java(51:3-51:13),"u.color=2;"
154,MEMBERCALLEXPRESSION,"push",Sociologia.java(52:3-52:14),"ft.push(u);"
155,DECLARATIONSTATEMENT,"",Sociologia.java(43:7-43:12),"int i"
156,MEMBEREXPRESSION,"adj",Sociologia.java(43:14-43:19),"u.adj"
157,COMPOUNDSTATEMENT,"",Sociologia.java(43:21-49:4),"{
			GNode v=lista[i-1];
			if(v.color==0) {
				v.pai=u;
				DFS(v);
			}
		}"
158,VARIABLEDECLARATION,"i",Sociologia.java(43:11-43:12),"i"
159,DECLAREDREFERENCEEXPRESSION,"this",Sociologia.java(44:12-44:17),"this"
160,DECLAREDREFERENCEEXPRESSION,"u",Sociologia.java(51:3-51:4),"u"
161,UNINITIALIZEDVALUE,"Uninitialized Value",,""
162,DECLARATIONSTATEMENT,"",Sociologia.java(44:4-44:23),"GNode v=lista[i-1];"
163,IFSTATEMENT,"",Sociologia.java(45:4-48:5),"if(v.color==0) {
				v.pai=u;
				DFS(v);
			}"
164,VARIABLEDECLARATION,"v",Sociologia.java(44:10-44:22),"v=lista[i-1]"
165,DECLAREDREFERENCEEXPRESSION,"u",Sociologia.java(43:14-43:15),"u"
166,COMPOUNDSTATEMENT,"",Sociologia.java(45:19-48:5),"{
				v.pai=u;
				DFS(v);
			}"
167,DECLAREDREFERENCEEXPRESSION,"v",Sociologia.java(45:7-45:8),"v"
168,BINARYOPERATOR,"==",Sociologia.java(45:7-45:17),"v.color==0"
169,DECLAREDREFERENCEEXPRESSION,"v",Sociologia.java(46:5-46:6),"v"
170,BINARYOPERATOR,"=",Sociologia.java(46:5-46:13),"v.pai=u;"
171,CALLEXPRESSION,"DFS",Sociologia.java(47:5-47:12),"DFS(v);"
172,MEMBEREXPRESSION,"pai",Sociologia.java(46:5-46:10),"v.pai"
173,DECLAREDREFERENCEEXPRESSION,"u",Sociologia.java(46:11-46:12),"u"
174,DECLAREDREFERENCEEXPRESSION,"v",Sociologia.java(47:9-47:10),"v"
175,MEMBEREXPRESSION,"color",Sociologia.java(45:7-45:14),"v.color"
176,LITERAL,"",Sociologia.java(45:16-45:17),"0"
177,ARRAYSUBSCRIPTIONEXPRESSION,"",Sociologia.java(44:12-44:22),"lista[i-1]"
178,MEMBEREXPRESSION,"lista",Sociologia.java(44:12-44:17),"lista"
179,BINARYOPERATOR,"-",Sociologia.java(44:18-44:21),"i-1"
180,DECLAREDREFERENCEEXPRESSION,"i",Sociologia.java(44:18-44:19),"i"
181,LITERAL,"",Sociologia.java(44:20-44:21),"1"
182,DECLAREDREFERENCEEXPRESSION,"push",Sociologia.java(52:6-52:10),"push"
183,DECLAREDREFERENCEEXPRESSION,"u",Sociologia.java(52:11-52:12),"u"
184,MEMBEREXPRESSION,"ft",Sociologia.java(52:3-52:5),"ft"
185,DECLAREDREFERENCEEXPRESSION,"this",Sociologia.java(52:3-52:5),"this"
186,MEMBEREXPRESSION,"color",Sociologia.java(51:3-51:10),"u.color"
187,LITERAL,"",Sociologia.java(51:11-51:12),"2"
188,MEMBEREXPRESSION,"color",Sociologia.java(41:3-41:10),"u.color"
189,LITERAL,"",Sociologia.java(41:11-41:12),"1"
190,COMPOUNDSTATEMENT,"",Sociologia.java(24:14-29:3),"{
		this.n=n;
		lista=new GNode[n];
		clean=true;
		ft=new Stack<GNode> ();
	}"
191,PARAMVARIABLEDECLARATION,"n",Sociologia.java(24:8-24:13),"int n"
192,DECLAREDREFERENCEEXPRESSION,"this",Sociologia.java(25:3-25:7),"this"
193,RETURNSTATEMENT,"",,""
194,BINARYOPERATOR,"=",Sociologia.java(25:3-25:12),"this.n=n;"
195,BINARYOPERATOR,"=",Sociologia.java(26:3-26:22),"lista=new GNode[n];"
196,BINARYOPERATOR,"=",Sociologia.java(27:3-27:14),"clean=true;"
197,BINARYOPERATOR,"=",Sociologia.java(28:3-28:26),"ft=new Stack<GNode> ();"
198,MEMBEREXPRESSION,"clean",Sociologia.java(27:3-27:8),"clean"
199,LITERAL,"",Sociologia.java(27:9-27:13),"true"
200,DECLAREDREFERENCEEXPRESSION,"this",Sociologia.java(28:3-28:5),"this"
201,DECLAREDREFERENCEEXPRESSION,"this",Sociologia.java(27:3-27:8),"this"
202,MEMBEREXPRESSION,"n",Sociologia.java(25:3-25:9),"this.n"
203,DECLAREDREFERENCEEXPRESSION,"n",Sociologia.java(25:10-25:11),"n"
204,DECLAREDREFERENCEEXPRESSION,"this",Sociologia.java(26:3-26:8),"this"
205,MEMBEREXPRESSION,"lista",Sociologia.java(26:3-26:8),"lista"
206,ARRAYCREATIONEXPRESSION,"",Sociologia.java(26:9-26:21),"new GNode[n]"
207,DECLAREDREFERENCEEXPRESSION,"n",Sociologia.java(26:19-26:20),"n"
208,MEMBEREXPRESSION,"ft",Sociologia.java(28:3-28:5),"ft"
209,NEWEXPRESSION,"",Sociologia.java(28:6-28:25),"new Stack<GNode> ()"
210,CONSTRUCTEXPRESSION,"",Sociologia.java(28:6-28:25),"new Stack<GNode> ()"
211,VARIABLEDECLARATION,"this",,""
212,COMPOUNDSTATEMENT,"",Sociologia.java(55:26-61:3),"{
		ft.clear();
		for(GNode i:lista) {
			i.color=0;
			i.pai=null;
		}
	}"
213,DECLAREDREFERENCEEXPRESSION,"this",Sociologia.java(56:3-56:5),"this"
214,RETURNSTATEMENT,"",,""
215,MEMBERCALLEXPRESSION,"clear",Sociologia.java(56:3-56:14),"ft.clear();"
216,FOREACHSTATEMENT,"",Sociologia.java(57:3-60:4),"for(GNode i:lista) {
			i.color=0;
			i.pai=null;
		}"
217,DECLAREDREFERENCEEXPRESSION,"clear",Sociologia.java(56:6-56:11),"clear"
218,DECLAREDREFERENCEEXPRESSION,"this",Sociologia.java(57:15-57:20),"this"
219,MEMBEREXPRESSION,"ft",Sociologia.java(56:3-56:5),"ft"
220,DECLARATIONSTATEMENT,"",Sociologia.java(57:7-57:14),"GNode i"
221,MEMBEREXPRESSION,"lista",Sociologia.java(57:15-57:20),"lista"
222,COMPOUNDSTATEMENT,"",Sociologia.java(57:22-60:4),"{
			i.color=0;
			i.pai=null;
		}"
223,VARIABLEDECLARATION,"i",Sociologia.java(57:13-57:14),"i"
224,DECLAREDREFERENCEEXPRESSION,"i",Sociologia.java(58:4-58:5),"i"
225,UNINITIALIZEDVALUE,"Uninitialized Value",,""
226,BINARYOPERATOR,"=",Sociologia.java(58:4-58:14),"i.color=0;"
227,BINARYOPERATOR,"=",Sociologia.java(59:4-59:15),"i.pai=null;"
228,MEMBEREXPRESSION,"color",Sociologia.java(58:4-58:11),"i.color"
229,LITERAL,"",Sociologia.java(58:12-58:13),"0"
230,DECLAREDREFERENCEEXPRESSION,"i",Sociologia.java(59:4-59:5),"i"
231,MEMBEREXPRESSION,"pai",Sociologia.java(59:4-59:9),"i.pai"
232,LITERAL,"",Sociologia.java(59:10-59:14),"null"
233,FIELDDECLARATION,"this",,""
234,FIELDDECLARATION,"id",Sociologia.java(4:2-4:22),"id"
235,FIELDDECLARATION,"pai",Sociologia.java(5:2-5:12),"pai"
236,FIELDDECLARATION,"adj",Sociologia.java(6:2-6:25),"adj"
237,FIELDDECLARATION,"pre",Sociologia.java(7:2-7:25),"pre"
238,CONSTRUCTORDECLARATION,"GNode",Sociologia.java(9:2-15:3),"GNode(int id) {
		this.id=id;
		color=0; //0=white 1=grey 2=black
		pai=null;
		adj=new ArrayList<Integer> (); //lista de adjacencias
		pre=new ArrayList<Integer> (); //lista de precedente aka transposta
	}"
239,COMPOUNDSTATEMENT,"",Sociologia.java(9:16-15:3),"{
		this.id=id;
		color=0; //0=white 1=grey 2=black
		pai=null;
		adj=new ArrayList<Integer> (); //lista de adjacencias
		pre=new ArrayList<Integer> (); //lista de precedente aka transposta
	}"
240,PARAMVARIABLEDECLARATION,"id",Sociologia.java(9:8-9:14),"int id"
241,DECLAREDREFERENCEEXPRESSION,"this",Sociologia.java(10:3-10:7),"this"
242,RETURNSTATEMENT,"",,""
243,BINARYOPERATOR,"=",Sociologia.java(10:3-10:14),"this.id=id;"
244,BINARYOPERATOR,"=",Sociologia.java(11:3-11:11),"color=0;"
245,BINARYOPERATOR,"=",Sociologia.java(12:3-12:12),"pai=null;"
246,BINARYOPERATOR,"=",Sociologia.java(13:3-13:33),"adj=new ArrayList<Integer> ();"
247,BINARYOPERATOR,"=",Sociologia.java(14:3-14:33),"pre=new ArrayList<Integer> ();"
248,MEMBEREXPRESSION,"id",Sociologia.java(10:3-10:10),"this.id"
249,DECLAREDREFERENCEEXPRESSION,"id",Sociologia.java(10:11-10:13),"id"
250,DECLAREDREFERENCEEXPRESSION,"this",Sociologia.java(11:3-11:8),"this"
251,MEMBEREXPRESSION,"color",Sociologia.java(11:3-11:8),"color"
252,LITERAL,"",Sociologia.java(11:9-11:10),"0"
253,DECLAREDREFERENCEEXPRESSION,"this",Sociologia.java(12:3-12:6),"this"
254,MEMBEREXPRESSION,"pai",Sociologia.java(12:3-12:6),"pai"
255,LITERAL,"",Sociologia.java(12:7-12:11),"null"
256,DECLAREDREFERENCEEXPRESSION,"this",Sociologia.java(13:3-13:6),"this"
257,MEMBEREXPRESSION,"adj",Sociologia.java(13:3-13:6),"adj"
258,NEWEXPRESSION,"",Sociologia.java(13:7-13:32),"new ArrayList<Integer> ()"
259,DECLAREDREFERENCEEXPRESSION,"this",Sociologia.java(14:3-14:6),"this"
260,CONSTRUCTEXPRESSION,"",Sociologia.java(13:7-13:32),"new ArrayList<Integer> ()"
261,MEMBEREXPRESSION,"pre",Sociologia.java(14:3-14:6),"pre"
262,NEWEXPRESSION,"",Sociologia.java(14:7-14:32),"new ArrayList<Integer> ()"
263,CONSTRUCTEXPRESSION,"",Sociologia.java(14:7-14:32),"new ArrayList<Integer> ()"
264,FIELDDECLARATION,"this",,""
265,METHODDECLARATION,"main",Sociologia.java(110:2-137:3),"public static void main(String[] args) {
		Scanner in=new Scanner(System.in);
		
		int nc=in.nextInt(); //num de casos
		
		for(int i=1; i<=nc; i++) {
			int na=in.nextInt(); //num de alunos
			Grafo grafo=new Grafo(na);
			
			for(int j=0; j<na; j++) //Inicializar
				grafo.lista[j]=new GNode(j+1);
			
			for(int j=0; j<na; j++) {
				int x=in.nextInt(); //id do aluno
				//grafo.lista[x-1]=new GNode(x);
				int nf=in.nextInt(); //qnts alunos vai contar
				
				for(int k=0; k<nf; k++){
					int amigo=in.nextInt();
					grafo.lista[x-1].adj.add( amigo );
					grafo.lista[amigo-1].pre.add(x);
				}
			}
			System.out.println(""Caso #""+i);
			grafo.ComponentesConexos();
		}

	}"
266,CONSTRUCTORDECLARATION,"Sociologia",,""
267,VARIABLEDECLARATION,"this",,""
268,COMPOUNDSTATEMENT,"",Sociologia.java(110:41-137:3),"{
		Scanner in=new Scanner(System.in);
		
		int nc=in.nextInt(); //num de casos
		
		for(int i=1; i<=nc; i++) {
			int na=in.nextInt(); //num de alunos
			Grafo grafo=new Grafo(na);
			
			for(int j=0; j<na; j++) //Inicializar
				grafo.lista[j]=new GNode(j+1);
			
			for(int j=0; j<na; j++) {
				int x=in.nextInt(); //id do aluno
				//grafo.lista[x-1]=new GNode(x);
				int nf=in.nextInt(); //qnts alunos vai contar
				
				for(int k=0; k<nf; k++){
					int amigo=in.nextInt();
					grafo.lista[x-1].adj.add( amigo );
					grafo.lista[amigo-1].pre.add(x);
				}
			}
			System.out.println(""Caso #""+i);
			grafo.ComponentesConexos();
		}

	}"
269,PARAMVARIABLEDECLARATION,"args",Sociologia.java(110:26-110:39),"String[] args"
270,DECLAREDREFERENCEEXPRESSION,"System",Sociologia.java(111:26-111:32),"System"
271,RETURNSTATEMENT,"",,""
272,DECLARATIONSTATEMENT,"",Sociologia.java(111:3-111:37),"Scanner in=new Scanner(System.in);"
273,DECLARATIONSTATEMENT,"",Sociologia.java(113:3-113:23),"int nc=in.nextInt();"
274,FORSTATEMENT,"",Sociologia.java(115:3-135:4),"for(int i=1; i<=nc; i++) {
			int na=in.nextInt(); //num de alunos
			Grafo grafo=new Grafo(na);
			
			for(int j=0; j<na; j++) //Inicializar
				grafo.lista[j]=new GNode(j+1);
			
			for(int j=0; j<na; j++) {
				int x=in.nextInt(); //id do aluno
				//grafo.lista[x-1]=new GNode(x);
				int nf=in.nextInt(); //qnts alunos vai contar
				
				for(int k=0; k<nf; k++){
					int amigo=in.nextInt();
					grafo.lista[x-1].adj.add( amigo );
					grafo.lista[amigo-1].pre.add(x);
				}
			}
			System.out.println(""Caso #""+i);
			grafo.ComponentesConexos();
		}"
275,VARIABLEDECLARATION,"in",Sociologia.java(111:11-111:36),"in=new Scanner(System.in)"
276,VARIABLEDECLARATION,"nc",Sociologia.java(113:7-113:22),"nc=in.nextInt()"
277,MEMBERCALLEXPRESSION,"nextInt",Sociologia.java(113:10-113:22),"in.nextInt()"
278,DECLAREDREFERENCEEXPRESSION,"nextInt",Sociologia.java(113:13-113:20),"nextInt"
279,DECLAREDREFERENCEEXPRESSION,"in",Sociologia.java(113:10-113:12),"in"
280,NEWEXPRESSION,"",Sociologia.java(111:14-111:36),"new Scanner(System.in)"
281,CONSTRUCTEXPRESSION,"",Sociologia.java(111:14-111:36),"new Scanner(System.in)"
282,MEMBEREXPRESSION,"in",Sociologia.java(111:26-111:35),"System.in"
283,COMPOUNDSTATEMENT,"",Sociologia.java(115:28-135:4),"{
			int na=in.nextInt(); //num de alunos
			Grafo grafo=new Grafo(na);
			
			for(int j=0; j<na; j++) //Inicializar
				grafo.lista[j]=new GNode(j+1);
			
			for(int j=0; j<na; j++) {
				int x=in.nextInt(); //id do aluno
				//grafo.lista[x-1]=new GNode(x);
				int nf=in.nextInt(); //qnts alunos vai contar
				
				for(int k=0; k<nf; k++){
					int amigo=in.nextInt();
					grafo.lista[x-1].adj.add( amigo );
					grafo.lista[amigo-1].pre.add(x);
				}
			}
			System.out.println(""Caso #""+i);
			grafo.ComponentesConexos();
		}"
284,DECLARATIONSTATEMENT,"",Sociologia.java(115:7-115:14),"int i=1"
285,BINARYOPERATOR,"<=",Sociologia.java(115:16-115:21),"i<=nc"
286,UNARYOPERATOR,"++",Sociologia.java(115:23-115:26),"i++"
287,VARIABLEDECLARATION,"i",Sociologia.java(115:11-115:14),"i=1"
288,DECLAREDREFERENCEEXPRESSION,"in",Sociologia.java(116:11-116:13),"in"
289,DECLAREDREFERENCEEXPRESSION,"i",Sociologia.java(115:16-115:17),"i"
290,DECLAREDREFERENCEEXPRESSION,"nc",Sociologia.java(115:19-115:21),"nc"
291,LITERAL,"",Sociologia.java(115:13-115:14),"1"
292,DECLARATIONSTATEMENT,"",Sociologia.java(116:4-116:24),"int na=in.nextInt();"
293,DECLARATIONSTATEMENT,"",Sociologia.java(117:4-117:30),"Grafo grafo=new Grafo(na);"
294,FORSTATEMENT,"",Sociologia.java(119:4-120:35),"for(int j=0; j<na; j++) //Inicializar
				grafo.lista[j]=new GNode(j+1);"
295,FORSTATEMENT,"",Sociologia.java(122:4-132:5),"for(int j=0; j<na; j++) {
				int x=in.nextInt(); //id do aluno
				//grafo.lista[x-1]=new GNode(x);
				int nf=in.nextInt(); //qnts alunos vai contar
				
				for(int k=0; k<nf; k++){
					int amigo=in.nextInt();
					grafo.lista[x-1].adj.add( amigo );
					grafo.lista[amigo-1].pre.add(x);
				}
			}"
296,MEMBERCALLEXPRESSION,"println",Sociologia.java(133:4-133:35),"System.out.println(""Caso #""+i);"
297,MEMBERCALLEXPRESSION,"ComponentesConexos",Sociologia.java(134:4-134:31),"grafo.ComponentesConexos();"
298,VARIABLEDECLARATION,"na",Sociologia.java(116:8-116:23),"na=in.nextInt()"
299,VARIABLEDECLARATION,"grafo",Sociologia.java(117:10-117:29),"grafo=new Grafo(na)"
300,DECLAREDREFERENCEEXPRESSION,"i",Sociologia.java(115:23-115:24),"i"
301,DECLAREDREFERENCEEXPRESSION,"ComponentesConexos",Sociologia.java(134:10-134:28),"ComponentesConexos"
302,METHODDECLARATION,"ComponentesConexos",,""
303,DECLAREDREFERENCEEXPRESSION,"grafo",Sociologia.java(134:4-134:9),"grafo"
304,DECLAREDREFERENCEEXPRESSION,"println",Sociologia.java(133:15-133:22),"println"
305,BINARYOPERATOR,"+",Sociologia.java(133:23-133:33),"""Caso #""+i"
306,MEMBEREXPRESSION,"out",Sociologia.java(133:4-133:14),"System.out"
307,DECLAREDREFERENCEEXPRESSION,"System",Sociologia.java(133:4-133:10),"System"
308,LITERAL,"",Sociologia.java(133:23-133:31),"""Caso #"""
309,DECLAREDREFERENCEEXPRESSION,"i",Sociologia.java(133:32-133:33),"i"
310,LITERAL,"",Sociologia.java(119:14-119:15),"0"
311,BINARYOPERATOR,"=",Sociologia.java(120:5-120:35),"grafo.lista[j]=new GNode(j+1);"
312,DECLARATIONSTATEMENT,"",Sociologia.java(119:8-119:15),"int j=0"
313,BINARYOPERATOR,"<",Sociologia.java(119:17-119:21),"j<na"
314,UNARYOPERATOR,"++",Sociologia.java(119:23-119:26),"j++"
315,VARIABLEDECLARATION,"j",Sociologia.java(119:12-119:15),"j=0"
316,DECLAREDREFERENCEEXPRESSION,"grafo",Sociologia.java(120:5-120:10),"grafo"
317,LITERAL,"",Sociologia.java(122:14-122:15),"0"
318,DECLAREDREFERENCEEXPRESSION,"j",Sociologia.java(119:17-119:18),"j"
319,DECLAREDREFERENCEEXPRESSION,"na",Sociologia.java(119:19-119:21),"na"
320,DECLAREDREFERENCEEXPRESSION,"j",Sociologia.java(119:23-119:24),"j"
321,ARRAYSUBSCRIPTIONEXPRESSION,"",Sociologia.java(120:5-120:19),"grafo.lista[j]"
322,NEWEXPRESSION,"",Sociologia.java(120:20-120:34),"new GNode(j+1)"
323,CONSTRUCTEXPRESSION,"",Sociologia.java(120:20-120:34),"new GNode(j+1)"
324,CONSTRUCTORDECLARATION,"GNode",,""
325,BINARYOPERATOR,"+",Sociologia.java(120:30-120:33),"j+1"
326,DECLAREDREFERENCEEXPRESSION,"j",Sociologia.java(120:30-120:31),"j"
327,LITERAL,"",Sociologia.java(120:32-120:33),"1"
328,PARAMVARIABLEDECLARATION,"unknown0",,""
329,MEMBEREXPRESSION,"lista",Sociologia.java(120:5-120:16),"grafo.lista"
330,DECLAREDREFERENCEEXPRESSION,"j",Sociologia.java(120:17-120:18),"j"
331,MEMBERCALLEXPRESSION,"nextInt",Sociologia.java(116:11-116:23),"in.nextInt()"
332,DECLAREDREFERENCEEXPRESSION,"nextInt",Sociologia.java(116:14-116:21),"nextInt"
333,DECLAREDREFERENCEEXPRESSION,"na",Sociologia.java(117:26-117:28),"na"
334,COMPOUNDSTATEMENT,"",Sociologia.java(122:28-132:5),"{
				int x=in.nextInt(); //id do aluno
				//grafo.lista[x-1]=new GNode(x);
				int nf=in.nextInt(); //qnts alunos vai contar
				
				for(int k=0; k<nf; k++){
					int amigo=in.nextInt();
					grafo.lista[x-1].adj.add( amigo );
					grafo.lista[amigo-1].pre.add(x);
				}
			}"
335,DECLARATIONSTATEMENT,"",Sociologia.java(122:8-122:15),"int j=0"
336,BINARYOPERATOR,"<",Sociologia.java(122:17-122:21),"j<na"
337,UNARYOPERATOR,"++",Sociologia.java(122:23-122:26),"j++"
338,VARIABLEDECLARATION,"j",Sociologia.java(122:12-122:15),"j=0"
339,DECLAREDREFERENCEEXPRESSION,"in",Sociologia.java(123:11-123:13),"in"
340,DECLARATIONSTATEMENT,"",Sociologia.java(123:5-123:24),"int x=in.nextInt();"
341,DECLARATIONSTATEMENT,"",Sociologia.java(125:5-125:25),"int nf=in.nextInt();"
342,FORSTATEMENT,"",Sociologia.java(127:5-131:6),"for(int k=0; k<nf; k++){
					int amigo=in.nextInt();
					grafo.lista[x-1].adj.add( amigo );
					grafo.lista[amigo-1].pre.add(x);
				}"
343,VARIABLEDECLARATION,"x",Sociologia.java(123:9-123:23),"x=in.nextInt()"
344,VARIABLEDECLARATION,"nf",Sociologia.java(125:9-125:24),"nf=in.nextInt()"
345,DECLAREDREFERENCEEXPRESSION,"j",Sociologia.java(122:23-122:24),"j"
346,MEMBERCALLEXPRESSION,"nextInt",Sociologia.java(125:12-125:24),"in.nextInt()"
347,DECLAREDREFERENCEEXPRESSION,"nextInt",Sociologia.java(125:15-125:22),"nextInt"
348,DECLAREDREFERENCEEXPRESSION,"in",Sociologia.java(125:12-125:14),"in"
349,MEMBERCALLEXPRESSION,"nextInt",Sociologia.java(123:11-123:23),"in.nextInt()"
350,DECLAREDREFERENCEEXPRESSION,"nextInt",Sociologia.java(123:14-123:21),"nextInt"
351,COMPOUNDSTATEMENT,"",Sociologia.java(127:28-131:6),"{
					int amigo=in.nextInt();
					grafo.lista[x-1].adj.add( amigo );
					grafo.lista[amigo-1].pre.add(x);
				}"
352,DECLARATIONSTATEMENT,"",Sociologia.java(127:9-127:16),"int k=0"
353,BINARYOPERATOR,"<",Sociologia.java(127:18-127:22),"k<nf"
354,UNARYOPERATOR,"++",Sociologia.java(127:24-127:27),"k++"
355,VARIABLEDECLARATION,"k",Sociologia.java(127:13-127:16),"k=0"
356,DECLAREDREFERENCEEXPRESSION,"in",Sociologia.java(128:16-128:18),"in"
357,DECLAREDREFERENCEEXPRESSION,"k",Sociologia.java(127:18-127:19),"k"
358,LITERAL,"",Sociologia.java(127:15-127:16),"0"
359,DECLARATIONSTATEMENT,"",Sociologia.java(128:6-128:29),"int amigo=in.nextInt();"
360,MEMBERCALLEXPRESSION,"add",Sociologia.java(129:6-129:40),"grafo.lista[x-1].adj.add( amigo );"
361,MEMBERCALLEXPRESSION,"add",Sociologia.java(130:6-130:38),"grafo.lista[amigo-1].pre.add(x);"
362,VARIABLEDECLARATION,"amigo",Sociologia.java(128:10-128:28),"amigo=in.nextInt()"
363,DECLAREDREFERENCEEXPRESSION,"k",Sociologia.java(127:24-127:25),"k"
364,DECLAREDREFERENCEEXPRESSION,"grafo",Sociologia.java(129:6-129:11),"grafo"
365,DECLAREDREFERENCEEXPRESSION,"add",Sociologia.java(129:27-129:30),"add"
366,DECLAREDREFERENCEEXPRESSION,"grafo",Sociologia.java(130:6-130:11),"grafo"
367,DECLAREDREFERENCEEXPRESSION,"amigo",Sociologia.java(129:32-129:37),"amigo"
368,MEMBEREXPRESSION,"adj",Sociologia.java(129:6-129:26),"grafo.lista[x-1].adj"
369,ARRAYSUBSCRIPTIONEXPRESSION,"",Sociologia.java(129:6-129:22),"grafo.lista[x-1]"
370,MEMBEREXPRESSION,"lista",Sociologia.java(129:6-129:17),"grafo.lista"
371,BINARYOPERATOR,"-",Sociologia.java(129:18-129:21),"x-1"
372,DECLAREDREFERENCEEXPRESSION,"x",Sociologia.java(129:18-129:19),"x"
373,LITERAL,"",Sociologia.java(129:20-129:21),"1"
374,MEMBERCALLEXPRESSION,"nextInt",Sociologia.java(128:16-128:28),"in.nextInt()"
375,DECLAREDREFERENCEEXPRESSION,"nextInt",Sociologia.java(128:19-128:26),"nextInt"
376,DECLAREDREFERENCEEXPRESSION,"add",Sociologia.java(130:31-130:34),"add"
377,DECLAREDREFERENCEEXPRESSION,"x",Sociologia.java(130:35-130:36),"x"
378,MEMBEREXPRESSION,"pre",Sociologia.java(130:6-130:30),"grafo.lista[amigo-1].pre"
379,ARRAYSUBSCRIPTIONEXPRESSION,"",Sociologia.java(130:6-130:26),"grafo.lista[amigo-1]"
380,MEMBEREXPRESSION,"lista",Sociologia.java(130:6-130:17),"grafo.lista"
381,BINARYOPERATOR,"-",Sociologia.java(130:18-130:25),"amigo-1"
382,DECLAREDREFERENCEEXPRESSION,"amigo",Sociologia.java(130:18-130:23),"amigo"
383,LITERAL,"",Sociologia.java(130:24-130:25),"1"
384,DECLAREDREFERENCEEXPRESSION,"nf",Sociologia.java(127:20-127:22),"nf"
385,DECLAREDREFERENCEEXPRESSION,"j",Sociologia.java(122:17-122:18),"j"
386,DECLAREDREFERENCEEXPRESSION,"na",Sociologia.java(122:19-122:21),"na"
387,NEWEXPRESSION,"",Sociologia.java(117:16-117:29),"new Grafo(na)"
388,CONSTRUCTEXPRESSION,"",Sociologia.java(117:16-117:29),"new Grafo(na)"
389,CONSTRUCTORDECLARATION,"Grafo",main.java(180:2-187:3),"public Grafo(int n) {
		nvs = n;
		narcos = 0;
		verts = new No[n + 1];
		for (int i = 0; i <= n; i++)
			verts[i] = new No();
		// para vertices numerados de 1 a n (posicao 0 nao vai ser usada)
	}"
390,PARAMVARIABLEDECLARATION,"n",main.java(180:15-180:20),"int n"
