id,type,token,location,code
1,TRANSLATIONUNITDECLARATION,"/data/00000019/submissions/00882722_Sociologia_110307003/sociologia.java",,""
2,RECORDDECLARATION,"No",sociologia.java(4:1-19:2),"class No{
	int no;
	int tempof;
	LinkedList<No> adj;
	boolean visitado;
	
	No(int n){
		no = n;
		tempof = 0;
		adj = new LinkedList<No>();
		visitado = false;
	}
	void addLigacao(No x){
		adj.addLast(x);
	}
}"
3,RECORDDECLARATION,"Graph",sociologia.java(21:1-119:2),"class Graph{
	int tempo, npessoas;
	No g[];
	No gt[];
	LinkedList<Integer> grupos;
	
	Graph(int np){
		this.npessoas = np;
		tempo = 0;
		g = new No[np+1];
		gt = new No[np+1];
		grupos = new LinkedList<Integer>();
	}
	private void inicializar(){
		for(int i = 1; i<=npessoas; i++){
			g[i] = new No(i);
			gt[i] = new No(i);
		}
	}
	void createGrafo(Scanner in){
		inicializar();
		for(int i = 1; i<=npessoas; i++){
			int pessoa = in.nextInt();
			int namigo = in.nextInt();
			for(int j = 0; j<namigo; j++){
				int amigo = in.nextInt();
				g[pessoa].addLigacao(g[amigo]);
				gt[amigo].addLigacao(gt[pessoa]);
			}
		}
	}
	
	void DFS(){
		for(int i = 1; i<=npessoas; i++){
			if(!g[i].visitado)
				DFSVisit(g[i]);
		}
	}
	private void DFSVisit(No x){
		tempo++;
		x.visitado = true;
		for(No cursor: x.adj){
			if(!cursor.visitado)
				DFSVisit(cursor);
		}
		tempo++;
		x.tempof =tempo;
		gt[x.no].tempof = tempo;
	}
	private No findMax(){
		int maximo = 0; 
		No max = new No(0);
		
		for(int i = 1; i<=npessoas; i++){
			if(!gt[i].visitado){
				if(gt[i].tempof > maximo){
					maximo = gt[i].tempof;
					max = gt[i];
				}
			}
		}
		return max;
	}
	private boolean allVisited(){
		for(int i = 1; i<=npessoas; i++){
			if(!gt[i].visitado)
				return false;
		}
		return true;
	}
	
	void DFS_T(){
		while(!allVisited()){
			No TMax = findMax();
			int nelementos = NelementosGrupo(TMax);
			grupos.addLast(nelementos);
			TMax.tempof = 0;
		}
	}
	private int NelementosGrupo(No x){
		int count = 1;
		x.visitado = true;
		for(No cursor: x.adj){
			if(!cursor.visitado)
				count +=NelementosGrupo(cursor);
		}
		return count;
	}
	
	void Output(){
		int ngrupos = 0;
		int deFora = 0;
		for(int x: grupos){
			if(x>=4){ngrupos++;}
			else {deFora+=x;}
		}
		System.out.printf(""%d %d\n"", ngrupos, deFora);
	}
}"
4,RECORDDECLARATION,"sociologia",sociologia.java(120:1-137:2),"public class sociologia {
	public static void main(String[] args) {
		Scanner in = new Scanner(System.in);
		int ncasos = in.nextInt();
		for(int i = 1; i<=ncasos; i++){
			int np = in.nextInt();
			Graph novo = new Graph(np);
			novo.createGrafo(in);
			novo.DFS();
			novo.DFS_T();
			
			System.out.printf(""Caso #%d\n"", i);
			novo.Output();
		}

	}

}"
5,INCLUDEDECLARATION,"java.util.LinkedList",,""
6,INCLUDEDECLARATION,"java.util.Scanner",,""
7,FIELDDECLARATION,"this",,""
8,FIELDDECLARATION,"tempo",sociologia.java(22:2-22:22),"tempo"
9,FIELDDECLARATION,"g",sociologia.java(23:2-23:9),"g"
10,FIELDDECLARATION,"gt",sociologia.java(24:2-24:10),"gt"
11,FIELDDECLARATION,"grupos",sociologia.java(25:2-25:29),"grupos"
12,METHODDECLARATION,"inicializar",sociologia.java(34:2-39:3),"private void inicializar(){
		for(int i = 1; i<=npessoas; i++){
			g[i] = new No(i);
			gt[i] = new No(i);
		}
	}"
13,METHODDECLARATION,"createGrafo",sociologia.java(40:2-51:3),"void createGrafo(Scanner in){
		inicializar();
		for(int i = 1; i<=npessoas; i++){
			int pessoa = in.nextInt();
			int namigo = in.nextInt();
			for(int j = 0; j<namigo; j++){
				int amigo = in.nextInt();
				g[pessoa].addLigacao(g[amigo]);
				gt[amigo].addLigacao(gt[pessoa]);
			}
		}
	}"
14,METHODDECLARATION,"DFS",sociologia.java(53:2-58:3),"void DFS(){
		for(int i = 1; i<=npessoas; i++){
			if(!g[i].visitado)
				DFSVisit(g[i]);
		}
	}"
15,METHODDECLARATION,"DFSVisit",sociologia.java(59:2-69:3),"private void DFSVisit(No x){
		tempo++;
		x.visitado = true;
		for(No cursor: x.adj){
			if(!cursor.visitado)
				DFSVisit(cursor);
		}
		tempo++;
		x.tempof =tempo;
		gt[x.no].tempof = tempo;
	}"
16,METHODDECLARATION,"findMax",sociologia.java(70:2-83:3),"private No findMax(){
		int maximo = 0; 
		No max = new No(0);
		
		for(int i = 1; i<=npessoas; i++){
			if(!gt[i].visitado){
				if(gt[i].tempof > maximo){
					maximo = gt[i].tempof;
					max = gt[i];
				}
			}
		}
		return max;
	}"
17,METHODDECLARATION,"allVisited",sociologia.java(84:2-90:3),"private boolean allVisited(){
		for(int i = 1; i<=npessoas; i++){
			if(!gt[i].visitado)
				return false;
		}
		return true;
	}"
18,METHODDECLARATION,"DFS_T",sociologia.java(92:2-99:3),"void DFS_T(){
		while(!allVisited()){
			No TMax = findMax();
			int nelementos = NelementosGrupo(TMax);
			grupos.addLast(nelementos);
			TMax.tempof = 0;
		}
	}"
19,METHODDECLARATION,"NelementosGrupo",sociologia.java(100:2-108:3),"private int NelementosGrupo(No x){
		int count = 1;
		x.visitado = true;
		for(No cursor: x.adj){
			if(!cursor.visitado)
				count +=NelementosGrupo(cursor);
		}
		return count;
	}"
20,METHODDECLARATION,"Output",sociologia.java(110:2-118:3),"void Output(){
		int ngrupos = 0;
		int deFora = 0;
		for(int x: grupos){
			if(x>=4){ngrupos++;}
			else {deFora+=x;}
		}
		System.out.printf(""%d %d\n"", ngrupos, deFora);
	}"
21,CONSTRUCTORDECLARATION,"Graph",sociologia.java(27:2-33:3),"Graph(int np){
		this.npessoas = np;
		tempo = 0;
		g = new No[np+1];
		gt = new No[np+1];
		grupos = new LinkedList<Integer>();
	}"
22,VARIABLEDECLARATION,"this",,""
23,COMPOUNDSTATEMENT,"",sociologia.java(84:30-90:3),"{
		for(int i = 1; i<=npessoas; i++){
			if(!gt[i].visitado)
				return false;
		}
		return true;
	}"
24,LITERAL,"",sociologia.java(85:15-85:16),"1"
25,RETURNSTATEMENT,"",sociologia.java(89:3-89:15),"return true;"
26,FORSTATEMENT,"",sociologia.java(85:3-88:4),"for(int i = 1; i<=npessoas; i++){
			if(!gt[i].visitado)
				return false;
		}"
27,COMPOUNDSTATEMENT,"",sociologia.java(85:35-88:4),"{
			if(!gt[i].visitado)
				return false;
		}"
28,DECLARATIONSTATEMENT,"",sociologia.java(85:7-85:16),"int i = 1"
29,BINARYOPERATOR,"<=",sociologia.java(85:18-85:29),"i<=npessoas"
30,UNARYOPERATOR,"++",sociologia.java(85:31-85:34),"i++"
31,VARIABLEDECLARATION,"i",sociologia.java(85:11-85:16),"i = 1"
32,DECLAREDREFERENCEEXPRESSION,"this",sociologia.java(86:8-86:10),"this"
33,LITERAL,"",sociologia.java(89:10-89:14),"true"
34,DECLAREDREFERENCEEXPRESSION,"i",sociologia.java(85:31-85:32),"i"
35,DECLAREDREFERENCEEXPRESSION,"i",sociologia.java(85:18-85:19),"i"
36,MEMBEREXPRESSION,"npessoas",sociologia.java(85:21-85:29),"npessoas"
37,DECLAREDREFERENCEEXPRESSION,"this",sociologia.java(85:21-85:29),"this"
38,IFSTATEMENT,"",sociologia.java(86:4-87:18),"if(!gt[i].visitado)
				return false;"
39,UNARYOPERATOR,"!",sociologia.java(86:7-86:22),"!gt[i].visitado"
40,RETURNSTATEMENT,"",sociologia.java(87:5-87:18),"return false;"
41,LITERAL,"",sociologia.java(87:12-87:17),"false"
42,MEMBEREXPRESSION,"visitado",sociologia.java(86:8-86:22),"gt[i].visitado"
43,ARRAYSUBSCRIPTIONEXPRESSION,"",sociologia.java(86:8-86:13),"gt[i]"
44,MEMBEREXPRESSION,"gt",sociologia.java(86:8-86:10),"gt"
45,DECLAREDREFERENCEEXPRESSION,"i",sociologia.java(86:11-86:12),"i"
46,VARIABLEDECLARATION,"this",,""
47,COMPOUNDSTATEMENT,"",sociologia.java(92:14-99:3),"{
		while(!allVisited()){
			No TMax = findMax();
			int nelementos = NelementosGrupo(TMax);
			grupos.addLast(nelementos);
			TMax.tempof = 0;
		}
	}"
48,CALLEXPRESSION,"allVisited",sociologia.java(93:10-93:22),"allVisited()"
49,RETURNSTATEMENT,"",,""
50,WHILESTATEMENT,"",sociologia.java(93:3-98:4),"while(!allVisited()){
			No TMax = findMax();
			int nelementos = NelementosGrupo(TMax);
			grupos.addLast(nelementos);
			TMax.tempof = 0;
		}"
51,UNARYOPERATOR,"!",sociologia.java(93:9-93:22),"!allVisited()"
52,COMPOUNDSTATEMENT,"",sociologia.java(93:23-98:4),"{
			No TMax = findMax();
			int nelementos = NelementosGrupo(TMax);
			grupos.addLast(nelementos);
			TMax.tempof = 0;
		}"
53,CALLEXPRESSION,"findMax",sociologia.java(94:14-94:23),"findMax()"
54,METHODDECLARATION,"allVisited",,""
55,DECLARATIONSTATEMENT,"",sociologia.java(94:4-94:24),"No TMax = findMax();"
56,DECLARATIONSTATEMENT,"",sociologia.java(95:4-95:43),"int nelementos = NelementosGrupo(TMax);"
57,MEMBERCALLEXPRESSION,"addLast",sociologia.java(96:4-96:31),"grupos.addLast(nelementos);"
58,BINARYOPERATOR,"=",sociologia.java(97:4-97:20),"TMax.tempof = 0;"
59,VARIABLEDECLARATION,"TMax",sociologia.java(94:7-94:23),"TMax = findMax()"
60,VARIABLEDECLARATION,"nelementos",sociologia.java(95:8-95:42),"nelementos = NelementosGrupo(TMax)"
61,CALLEXPRESSION,"NelementosGrupo",sociologia.java(95:21-95:42),"NelementosGrupo(TMax)"
62,METHODDECLARATION,"NelementosGrupo",,""
63,DECLAREDREFERENCEEXPRESSION,"TMax",sociologia.java(95:37-95:41),"TMax"
64,PARAMVARIABLEDECLARATION,"no0",,""
65,METHODDECLARATION,"findMax",,""
66,DECLAREDREFERENCEEXPRESSION,"addLast",sociologia.java(96:11-96:18),"addLast"
67,DECLAREDREFERENCEEXPRESSION,"TMax",sociologia.java(97:4-97:8),"TMax"
68,DECLAREDREFERENCEEXPRESSION,"nelementos",sociologia.java(96:19-96:29),"nelementos"
69,MEMBEREXPRESSION,"grupos",sociologia.java(96:4-96:10),"grupos"
70,DECLAREDREFERENCEEXPRESSION,"this",sociologia.java(96:4-96:10),"this"
71,MEMBEREXPRESSION,"tempof",sociologia.java(97:4-97:15),"TMax.tempof"
72,LITERAL,"",sociologia.java(97:18-97:19),"0"
73,VARIABLEDECLARATION,"this",,""
74,COMPOUNDSTATEMENT,"",sociologia.java(70:22-83:3),"{
		int maximo = 0; 
		No max = new No(0);
		
		for(int i = 1; i<=npessoas; i++){
			if(!gt[i].visitado){
				if(gt[i].tempof > maximo){
					maximo = gt[i].tempof;
					max = gt[i];
				}
			}
		}
		return max;
	}"
75,LITERAL,"",sociologia.java(71:16-71:17),"0"
76,RETURNSTATEMENT,"",sociologia.java(82:3-82:14),"return max;"
77,DECLARATIONSTATEMENT,"",sociologia.java(71:3-71:18),"int maximo = 0;"
78,DECLARATIONSTATEMENT,"",sociologia.java(72:3-72:22),"No max = new No(0);"
79,FORSTATEMENT,"",sociologia.java(74:3-81:4),"for(int i = 1; i<=npessoas; i++){
			if(!gt[i].visitado){
				if(gt[i].tempof > maximo){
					maximo = gt[i].tempof;
					max = gt[i];
				}
			}
		}"
80,VARIABLEDECLARATION,"maximo",sociologia.java(71:7-71:17),"maximo = 0"
81,VARIABLEDECLARATION,"max",sociologia.java(72:6-72:21),"max = new No(0)"
82,NEWEXPRESSION,"",sociologia.java(72:12-72:21),"new No(0)"
83,CONSTRUCTEXPRESSION,"",sociologia.java(72:12-72:21),"new No(0)"
84,CONSTRUCTORDECLARATION,"No",,""
85,LITERAL,"",sociologia.java(72:19-72:20),"0"
86,PARAMVARIABLEDECLARATION,"int0",,""
87,LITERAL,"",sociologia.java(74:15-74:16),"1"
88,COMPOUNDSTATEMENT,"",sociologia.java(74:35-81:4),"{
			if(!gt[i].visitado){
				if(gt[i].tempof > maximo){
					maximo = gt[i].tempof;
					max = gt[i];
				}
			}
		}"
89,DECLARATIONSTATEMENT,"",sociologia.java(74:7-74:16),"int i = 1"
90,BINARYOPERATOR,"<=",sociologia.java(74:18-74:29),"i<=npessoas"
91,UNARYOPERATOR,"++",sociologia.java(74:31-74:34),"i++"
92,VARIABLEDECLARATION,"i",sociologia.java(74:11-74:16),"i = 1"
93,DECLAREDREFERENCEEXPRESSION,"this",sociologia.java(75:8-75:10),"this"
94,DECLAREDREFERENCEEXPRESSION,"max",sociologia.java(82:10-82:13),"max"
95,IFSTATEMENT,"",sociologia.java(75:4-80:5),"if(!gt[i].visitado){
				if(gt[i].tempof > maximo){
					maximo = gt[i].tempof;
					max = gt[i];
				}
			}"
96,DECLAREDREFERENCEEXPRESSION,"i",sociologia.java(74:31-74:32),"i"
97,COMPOUNDSTATEMENT,"",sociologia.java(75:23-80:5),"{
				if(gt[i].tempof > maximo){
					maximo = gt[i].tempof;
					max = gt[i];
				}
			}"
98,UNARYOPERATOR,"!",sociologia.java(75:7-75:22),"!gt[i].visitado"
99,DECLAREDREFERENCEEXPRESSION,"this",sociologia.java(76:8-76:10),"this"
100,MEMBEREXPRESSION,"visitado",sociologia.java(75:8-75:22),"gt[i].visitado"
101,ARRAYSUBSCRIPTIONEXPRESSION,"",sociologia.java(75:8-75:13),"gt[i]"
102,MEMBEREXPRESSION,"gt",sociologia.java(75:8-75:10),"gt"
103,DECLAREDREFERENCEEXPRESSION,"i",sociologia.java(75:11-75:12),"i"
104,IFSTATEMENT,"",sociologia.java(76:5-79:6),"if(gt[i].tempof > maximo){
					maximo = gt[i].tempof;
					max = gt[i];
				}"
105,COMPOUNDSTATEMENT,"",sociologia.java(76:30-79:6),"{
					maximo = gt[i].tempof;
					max = gt[i];
				}"
106,BINARYOPERATOR,">",sociologia.java(76:8-76:29),"gt[i].tempof > maximo"
107,DECLAREDREFERENCEEXPRESSION,"maximo",sociologia.java(77:6-77:12),"maximo"
108,MEMBEREXPRESSION,"tempof",sociologia.java(76:8-76:20),"gt[i].tempof"
109,DECLAREDREFERENCEEXPRESSION,"maximo",sociologia.java(76:23-76:29),"maximo"
110,ARRAYSUBSCRIPTIONEXPRESSION,"",sociologia.java(76:8-76:13),"gt[i]"
111,MEMBEREXPRESSION,"gt",sociologia.java(76:8-76:10),"gt"
112,DECLAREDREFERENCEEXPRESSION,"i",sociologia.java(76:11-76:12),"i"
113,BINARYOPERATOR,"=",sociologia.java(77:6-77:28),"maximo = gt[i].tempof;"
114,BINARYOPERATOR,"=",sociologia.java(78:6-78:18),"max = gt[i];"
115,MEMBEREXPRESSION,"tempof",sociologia.java(77:15-77:27),"gt[i].tempof"
116,DECLAREDREFERENCEEXPRESSION,"max",sociologia.java(78:6-78:9),"max"
117,DECLAREDREFERENCEEXPRESSION,"this",sociologia.java(77:15-77:17),"this"
118,ARRAYSUBSCRIPTIONEXPRESSION,"",sociologia.java(77:15-77:20),"gt[i]"
119,MEMBEREXPRESSION,"gt",sociologia.java(77:15-77:17),"gt"
120,DECLAREDREFERENCEEXPRESSION,"i",sociologia.java(77:18-77:19),"i"
121,ARRAYSUBSCRIPTIONEXPRESSION,"",sociologia.java(78:12-78:17),"gt[i]"
122,DECLAREDREFERENCEEXPRESSION,"this",sociologia.java(78:12-78:14),"this"
123,MEMBEREXPRESSION,"gt",sociologia.java(78:12-78:14),"gt"
124,DECLAREDREFERENCEEXPRESSION,"i",sociologia.java(78:15-78:16),"i"
125,DECLAREDREFERENCEEXPRESSION,"i",sociologia.java(74:18-74:19),"i"
126,MEMBEREXPRESSION,"npessoas",sociologia.java(74:21-74:29),"npessoas"
127,DECLAREDREFERENCEEXPRESSION,"this",sociologia.java(74:21-74:29),"this"
128,VARIABLEDECLARATION,"this",,""
129,COMPOUNDSTATEMENT,"",sociologia.java(40:30-51:3),"{
		inicializar();
		for(int i = 1; i<=npessoas; i++){
			int pessoa = in.nextInt();
			int namigo = in.nextInt();
			for(int j = 0; j<namigo; j++){
				int amigo = in.nextInt();
				g[pessoa].addLigacao(g[amigo]);
				gt[amigo].addLigacao(gt[pessoa]);
			}
		}
	}"
130,PARAMVARIABLEDECLARATION,"in",sociologia.java(40:19-40:29),"Scanner in"
131,CALLEXPRESSION,"inicializar",sociologia.java(41:3-41:17),"inicializar();"
132,RETURNSTATEMENT,"",,""
133,FORSTATEMENT,"",sociologia.java(42:3-50:4),"for(int i = 1; i<=npessoas; i++){
			int pessoa = in.nextInt();
			int namigo = in.nextInt();
			for(int j = 0; j<namigo; j++){
				int amigo = in.nextInt();
				g[pessoa].addLigacao(g[amigo]);
				gt[amigo].addLigacao(gt[pessoa]);
			}
		}"
134,METHODDECLARATION,"inicializar",,""
135,LITERAL,"",sociologia.java(42:15-42:16),"1"
136,COMPOUNDSTATEMENT,"",sociologia.java(42:35-50:4),"{
			int pessoa = in.nextInt();
			int namigo = in.nextInt();
			for(int j = 0; j<namigo; j++){
				int amigo = in.nextInt();
				g[pessoa].addLigacao(g[amigo]);
				gt[amigo].addLigacao(gt[pessoa]);
			}
		}"
137,DECLARATIONSTATEMENT,"",sociologia.java(42:7-42:16),"int i = 1"
138,BINARYOPERATOR,"<=",sociologia.java(42:18-42:29),"i<=npessoas"
139,UNARYOPERATOR,"++",sociologia.java(42:31-42:34),"i++"
140,VARIABLEDECLARATION,"i",sociologia.java(42:11-42:16),"i = 1"
141,DECLAREDREFERENCEEXPRESSION,"in",sociologia.java(43:17-43:19),"in"
142,DECLAREDREFERENCEEXPRESSION,"i",sociologia.java(42:18-42:19),"i"
143,DECLARATIONSTATEMENT,"",sociologia.java(43:4-43:30),"int pessoa = in.nextInt();"
144,DECLARATIONSTATEMENT,"",sociologia.java(44:4-44:30),"int namigo = in.nextInt();"
145,FORSTATEMENT,"",sociologia.java(45:4-49:5),"for(int j = 0; j<namigo; j++){
				int amigo = in.nextInt();
				g[pessoa].addLigacao(g[amigo]);
				gt[amigo].addLigacao(gt[pessoa]);
			}"
146,VARIABLEDECLARATION,"pessoa",sociologia.java(43:8-43:29),"pessoa = in.nextInt()"
147,VARIABLEDECLARATION,"namigo",sociologia.java(44:8-44:29),"namigo = in.nextInt()"
148,DECLAREDREFERENCEEXPRESSION,"i",sociologia.java(42:31-42:32),"i"
149,MEMBERCALLEXPRESSION,"nextInt",sociologia.java(44:17-44:29),"in.nextInt()"
150,DECLAREDREFERENCEEXPRESSION,"nextInt",sociologia.java(44:20-44:27),"nextInt"
151,DECLAREDREFERENCEEXPRESSION,"in",sociologia.java(44:17-44:19),"in"
152,LITERAL,"",sociologia.java(45:16-45:17),"0"
153,MEMBERCALLEXPRESSION,"nextInt",sociologia.java(43:17-43:29),"in.nextInt()"
154,DECLAREDREFERENCEEXPRESSION,"nextInt",sociologia.java(43:20-43:27),"nextInt"
155,COMPOUNDSTATEMENT,"",sociologia.java(45:33-49:5),"{
				int amigo = in.nextInt();
				g[pessoa].addLigacao(g[amigo]);
				gt[amigo].addLigacao(gt[pessoa]);
			}"
156,DECLARATIONSTATEMENT,"",sociologia.java(45:8-45:17),"int j = 0"
157,BINARYOPERATOR,"<",sociologia.java(45:19-45:27),"j<namigo"
158,UNARYOPERATOR,"++",sociologia.java(45:29-45:32),"j++"
159,VARIABLEDECLARATION,"j",sociologia.java(45:12-45:17),"j = 0"
160,DECLAREDREFERENCEEXPRESSION,"in",sociologia.java(46:17-46:19),"in"
161,DECLAREDREFERENCEEXPRESSION,"j",sociologia.java(45:19-45:20),"j"
162,DECLAREDREFERENCEEXPRESSION,"namigo",sociologia.java(45:21-45:27),"namigo"
163,DECLARATIONSTATEMENT,"",sociologia.java(46:5-46:30),"int amigo = in.nextInt();"
164,MEMBERCALLEXPRESSION,"addLigacao",sociologia.java(47:5-47:36),"g[pessoa].addLigacao(g[amigo]);"
165,MEMBERCALLEXPRESSION,"addLigacao",sociologia.java(48:5-48:38),"gt[amigo].addLigacao(gt[pessoa]);"
166,VARIABLEDECLARATION,"amigo",sociologia.java(46:9-46:29),"amigo = in.nextInt()"
167,DECLAREDREFERENCEEXPRESSION,"j",sociologia.java(45:29-45:30),"j"
168,DECLAREDREFERENCEEXPRESSION,"addLigacao",sociologia.java(47:15-47:25),"addLigacao"
169,METHODDECLARATION,"addLigacao",,""
170,DECLAREDREFERENCEEXPRESSION,"this",sociologia.java(48:5-48:7),"this"
171,ARRAYSUBSCRIPTIONEXPRESSION,"",sociologia.java(47:26-47:34),"g[amigo]"
172,ARRAYSUBSCRIPTIONEXPRESSION,"",sociologia.java(47:5-47:14),"g[pessoa]"
173,MEMBEREXPRESSION,"g",sociologia.java(47:5-47:6),"g"
174,DECLAREDREFERENCEEXPRESSION,"pessoa",sociologia.java(47:7-47:13),"pessoa"
175,DECLAREDREFERENCEEXPRESSION,"this",sociologia.java(47:26-47:27),"this"
176,DECLAREDREFERENCEEXPRESSION,"this",sociologia.java(47:5-47:6),"this"
177,MEMBEREXPRESSION,"g",sociologia.java(47:26-47:27),"g"
178,DECLAREDREFERENCEEXPRESSION,"amigo",sociologia.java(47:28-47:33),"amigo"
179,PARAMVARIABLEDECLARATION,"no0",,""
180,DECLAREDREFERENCEEXPRESSION,"addLigacao",sociologia.java(48:15-48:25),"addLigacao"
181,ARRAYSUBSCRIPTIONEXPRESSION,"",sociologia.java(48:26-48:36),"gt[pessoa]"
182,MEMBEREXPRESSION,"gt",sociologia.java(48:26-48:28),"gt"
183,DECLAREDREFERENCEEXPRESSION,"pessoa",sociologia.java(48:29-48:35),"pessoa"
184,DECLAREDREFERENCEEXPRESSION,"this",sociologia.java(48:26-48:28),"this"
185,ARRAYSUBSCRIPTIONEXPRESSION,"",sociologia.java(48:5-48:14),"gt[amigo]"
186,MEMBEREXPRESSION,"gt",sociologia.java(48:5-48:7),"gt"
187,DECLAREDREFERENCEEXPRESSION,"amigo",sociologia.java(48:8-48:13),"amigo"
188,MEMBERCALLEXPRESSION,"nextInt",sociologia.java(46:17-46:29),"in.nextInt()"
189,DECLAREDREFERENCEEXPRESSION,"nextInt",sociologia.java(46:20-46:27),"nextInt"
190,MEMBEREXPRESSION,"npessoas",sociologia.java(42:21-42:29),"npessoas"
191,DECLAREDREFERENCEEXPRESSION,"this",sociologia.java(42:21-42:29),"this"
192,VARIABLEDECLARATION,"this",,""
193,COMPOUNDSTATEMENT,"",sociologia.java(100:35-108:3),"{
		int count = 1;
		x.visitado = true;
		for(No cursor: x.adj){
			if(!cursor.visitado)
				count +=NelementosGrupo(cursor);
		}
		return count;
	}"
194,PARAMVARIABLEDECLARATION,"x",sociologia.java(100:30-100:34),"No x"
195,LITERAL,"",sociologia.java(101:15-101:16),"1"
196,RETURNSTATEMENT,"",sociologia.java(107:3-107:16),"return count;"
197,DECLARATIONSTATEMENT,"",sociologia.java(101:3-101:17),"int count = 1;"
198,BINARYOPERATOR,"=",sociologia.java(102:3-102:21),"x.visitado = true;"
199,FOREACHSTATEMENT,"",sociologia.java(103:3-106:4),"for(No cursor: x.adj){
			if(!cursor.visitado)
				count +=NelementosGrupo(cursor);
		}"
200,VARIABLEDECLARATION,"count",sociologia.java(101:7-101:16),"count = 1"
201,DECLAREDREFERENCEEXPRESSION,"count",sociologia.java(107:10-107:15),"count"
202,DECLARATIONSTATEMENT,"",sociologia.java(103:7-103:16),"No cursor"
203,MEMBEREXPRESSION,"adj",sociologia.java(103:18-103:23),"x.adj"
204,COMPOUNDSTATEMENT,"",sociologia.java(103:24-106:4),"{
			if(!cursor.visitado)
				count +=NelementosGrupo(cursor);
		}"
205,VARIABLEDECLARATION,"cursor",sociologia.java(103:10-103:16),"cursor"
206,DECLAREDREFERENCEEXPRESSION,"cursor",sociologia.java(104:8-104:14),"cursor"
207,DECLAREDREFERENCEEXPRESSION,"x",sociologia.java(103:18-103:19),"x"
208,UNINITIALIZEDVALUE,"Uninitialized Value",,""
209,IFSTATEMENT,"",sociologia.java(104:4-105:37),"if(!cursor.visitado)
				count +=NelementosGrupo(cursor);"
210,BINARYOPERATOR,"+=",sociologia.java(105:5-105:37),"count +=NelementosGrupo(cursor);"
211,UNARYOPERATOR,"!",sociologia.java(104:7-104:23),"!cursor.visitado"
212,DECLAREDREFERENCEEXPRESSION,"count",sociologia.java(105:5-105:10),"count"
213,CALLEXPRESSION,"NelementosGrupo",sociologia.java(105:13-105:36),"NelementosGrupo(cursor)"
214,DECLAREDREFERENCEEXPRESSION,"cursor",sociologia.java(105:29-105:35),"cursor"
215,MEMBEREXPRESSION,"visitado",sociologia.java(104:8-104:23),"cursor.visitado"
216,DECLAREDREFERENCEEXPRESSION,"x",sociologia.java(102:3-102:4),"x"
217,MEMBEREXPRESSION,"visitado",sociologia.java(102:3-102:13),"x.visitado"
218,LITERAL,"",sociologia.java(102:16-102:20),"true"
219,VARIABLEDECLARATION,"this",,""
220,COMPOUNDSTATEMENT,"",sociologia.java(34:28-39:3),"{
		for(int i = 1; i<=npessoas; i++){
			g[i] = new No(i);
			gt[i] = new No(i);
		}
	}"
221,LITERAL,"",sociologia.java(35:15-35:16),"1"
222,RETURNSTATEMENT,"",,""
223,FORSTATEMENT,"",sociologia.java(35:3-38:4),"for(int i = 1; i<=npessoas; i++){
			g[i] = new No(i);
			gt[i] = new No(i);
		}"
224,COMPOUNDSTATEMENT,"",sociologia.java(35:35-38:4),"{
			g[i] = new No(i);
			gt[i] = new No(i);
		}"
225,DECLARATIONSTATEMENT,"",sociologia.java(35:7-35:16),"int i = 1"
226,BINARYOPERATOR,"<=",sociologia.java(35:18-35:29),"i<=npessoas"
227,UNARYOPERATOR,"++",sociologia.java(35:31-35:34),"i++"
228,VARIABLEDECLARATION,"i",sociologia.java(35:11-35:16),"i = 1"
229,DECLAREDREFERENCEEXPRESSION,"this",sociologia.java(36:4-36:5),"this"
230,DECLAREDREFERENCEEXPRESSION,"i",sociologia.java(35:18-35:19),"i"
231,BINARYOPERATOR,"=",sociologia.java(36:4-36:21),"g[i] = new No(i);"
232,BINARYOPERATOR,"=",sociologia.java(37:4-37:22),"gt[i] = new No(i);"
233,DECLAREDREFERENCEEXPRESSION,"i",sociologia.java(35:31-35:32),"i"
234,ARRAYSUBSCRIPTIONEXPRESSION,"",sociologia.java(36:4-36:8),"g[i]"
235,NEWEXPRESSION,"",sociologia.java(36:11-36:20),"new No(i)"
236,DECLAREDREFERENCEEXPRESSION,"this",sociologia.java(37:4-37:6),"this"
237,MEMBEREXPRESSION,"g",sociologia.java(36:4-36:5),"g"
238,DECLAREDREFERENCEEXPRESSION,"i",sociologia.java(36:6-36:7),"i"
239,DECLAREDREFERENCEEXPRESSION,"i",sociologia.java(36:18-36:19),"i"
240,CONSTRUCTEXPRESSION,"",sociologia.java(36:11-36:20),"new No(i)"
241,ARRAYSUBSCRIPTIONEXPRESSION,"",sociologia.java(37:4-37:9),"gt[i]"
242,NEWEXPRESSION,"",sociologia.java(37:12-37:21),"new No(i)"
243,MEMBEREXPRESSION,"gt",sociologia.java(37:4-37:6),"gt"
244,DECLAREDREFERENCEEXPRESSION,"i",sociologia.java(37:7-37:8),"i"
245,DECLAREDREFERENCEEXPRESSION,"i",sociologia.java(37:19-37:20),"i"
246,CONSTRUCTEXPRESSION,"",sociologia.java(37:12-37:21),"new No(i)"
247,MEMBEREXPRESSION,"npessoas",sociologia.java(35:21-35:29),"npessoas"
248,DECLAREDREFERENCEEXPRESSION,"this",sociologia.java(35:21-35:29),"this"
249,VARIABLEDECLARATION,"this",,""
250,COMPOUNDSTATEMENT,"",sociologia.java(110:15-118:3),"{
		int ngrupos = 0;
		int deFora = 0;
		for(int x: grupos){
			if(x>=4){ngrupos++;}
			else {deFora+=x;}
		}
		System.out.printf(""%d %d\n"", ngrupos, deFora);
	}"
251,LITERAL,"",sociologia.java(111:17-111:18),"0"
252,RETURNSTATEMENT,"",,""
253,DECLARATIONSTATEMENT,"",sociologia.java(111:3-111:19),"int ngrupos = 0;"
254,DECLARATIONSTATEMENT,"",sociologia.java(112:3-112:18),"int deFora = 0;"
255,FOREACHSTATEMENT,"",sociologia.java(113:3-116:4),"for(int x: grupos){
			if(x>=4){ngrupos++;}
			else {deFora+=x;}
		}"
256,MEMBERCALLEXPRESSION,"printf",sociologia.java(117:3-117:49),"System.out.printf(""%d %d\n"", ngrupos, deFora);"
257,VARIABLEDECLARATION,"ngrupos",sociologia.java(111:7-111:18),"ngrupos = 0"
258,VARIABLEDECLARATION,"deFora",sociologia.java(112:7-112:17),"deFora = 0"
259,DECLAREDREFERENCEEXPRESSION,"this",sociologia.java(113:14-113:20),"this"
260,LITERAL,"",sociologia.java(112:16-112:17),"0"
261,DECLARATIONSTATEMENT,"",sociologia.java(113:7-113:12),"int x"
262,MEMBEREXPRESSION,"grupos",sociologia.java(113:14-113:20),"grupos"
263,COMPOUNDSTATEMENT,"",sociologia.java(113:21-116:4),"{
			if(x>=4){ngrupos++;}
			else {deFora+=x;}
		}"
264,VARIABLEDECLARATION,"x",sociologia.java(113:11-113:12),"x"
265,DECLAREDREFERENCEEXPRESSION,"x",sociologia.java(114:7-114:8),"x"
266,DECLAREDREFERENCEEXPRESSION,"System",sociologia.java(117:3-117:9),"System"
267,UNINITIALIZEDVALUE,"Uninitialized Value",,""
268,IFSTATEMENT,"",sociologia.java(114:4-115:21),"if(x>=4){ngrupos++;}
			else {deFora+=x;}"
269,COMPOUNDSTATEMENT,"",sociologia.java(114:12-114:24),"{ngrupos++;}"
270,COMPOUNDSTATEMENT,"",sociologia.java(115:9-115:21),"{deFora+=x;}"
271,BINARYOPERATOR,">=",sociologia.java(114:7-114:11),"x>=4"
272,DECLAREDREFERENCEEXPRESSION,"ngrupos",sociologia.java(114:13-114:20),"ngrupos"
273,DECLAREDREFERENCEEXPRESSION,"deFora",sociologia.java(115:10-115:16),"deFora"
274,BINARYOPERATOR,"+=",sociologia.java(115:10-115:20),"deFora+=x;"
275,DECLAREDREFERENCEEXPRESSION,"x",sociologia.java(115:18-115:19),"x"
276,LITERAL,"",sociologia.java(114:10-114:11),"4"
277,UNARYOPERATOR,"++",sociologia.java(114:13-114:23),"ngrupos++;"
278,DECLAREDREFERENCEEXPRESSION,"printf",sociologia.java(117:14-117:20),"printf"
279,DECLAREDREFERENCEEXPRESSION,"deFora",sociologia.java(117:41-117:47),"deFora"
280,MEMBEREXPRESSION,"out",sociologia.java(117:3-117:13),"System.out"
281,LITERAL,"",sociologia.java(117:21-117:30),"""%d %d\n"""
282,DECLAREDREFERENCEEXPRESSION,"ngrupos",sociologia.java(117:32-117:39),"ngrupos"
283,VARIABLEDECLARATION,"this",,""
284,COMPOUNDSTATEMENT,"",sociologia.java(53:12-58:3),"{
		for(int i = 1; i<=npessoas; i++){
			if(!g[i].visitado)
				DFSVisit(g[i]);
		}
	}"
285,LITERAL,"",sociologia.java(54:15-54:16),"1"
286,RETURNSTATEMENT,"",,""
287,FORSTATEMENT,"",sociologia.java(54:3-57:4),"for(int i = 1; i<=npessoas; i++){
			if(!g[i].visitado)
				DFSVisit(g[i]);
		}"
288,COMPOUNDSTATEMENT,"",sociologia.java(54:35-57:4),"{
			if(!g[i].visitado)
				DFSVisit(g[i]);
		}"
289,DECLARATIONSTATEMENT,"",sociologia.java(54:7-54:16),"int i = 1"
290,BINARYOPERATOR,"<=",sociologia.java(54:18-54:29),"i<=npessoas"
291,UNARYOPERATOR,"++",sociologia.java(54:31-54:34),"i++"
292,VARIABLEDECLARATION,"i",sociologia.java(54:11-54:16),"i = 1"
293,DECLAREDREFERENCEEXPRESSION,"this",sociologia.java(55:8-55:9),"this"
294,DECLAREDREFERENCEEXPRESSION,"i",sociologia.java(54:18-54:19),"i"
295,MEMBEREXPRESSION,"npessoas",sociologia.java(54:21-54:29),"npessoas"
296,DECLAREDREFERENCEEXPRESSION,"this",sociologia.java(54:21-54:29),"this"
297,DECLAREDREFERENCEEXPRESSION,"i",sociologia.java(54:31-54:32),"i"
298,IFSTATEMENT,"",sociologia.java(55:4-56:20),"if(!g[i].visitado)
				DFSVisit(g[i]);"
299,CALLEXPRESSION,"DFSVisit",sociologia.java(56:5-56:20),"DFSVisit(g[i]);"
300,UNARYOPERATOR,"!",sociologia.java(55:7-55:21),"!g[i].visitado"
301,DECLAREDREFERENCEEXPRESSION,"this",sociologia.java(56:14-56:15),"this"
302,METHODDECLARATION,"DFSVisit",,""
303,ARRAYSUBSCRIPTIONEXPRESSION,"",sociologia.java(56:14-56:18),"g[i]"
304,MEMBEREXPRESSION,"g",sociologia.java(56:14-56:15),"g"
305,DECLAREDREFERENCEEXPRESSION,"i",sociologia.java(56:16-56:17),"i"
306,PARAMVARIABLEDECLARATION,"no0",,""
307,MEMBEREXPRESSION,"visitado",sociologia.java(55:8-55:21),"g[i].visitado"
308,ARRAYSUBSCRIPTIONEXPRESSION,"",sociologia.java(55:8-55:12),"g[i]"
309,MEMBEREXPRESSION,"g",sociologia.java(55:8-55:9),"g"
310,DECLAREDREFERENCEEXPRESSION,"i",sociologia.java(55:10-55:11),"i"
311,VARIABLEDECLARATION,"this",,""
312,COMPOUNDSTATEMENT,"",sociologia.java(59:29-69:3),"{
		tempo++;
		x.visitado = true;
		for(No cursor: x.adj){
			if(!cursor.visitado)
				DFSVisit(cursor);
		}
		tempo++;
		x.tempof =tempo;
		gt[x.no].tempof = tempo;
	}"
313,PARAMVARIABLEDECLARATION,"x",sociologia.java(59:24-59:28),"No x"
314,DECLAREDREFERENCEEXPRESSION,"this",sociologia.java(60:3-60:8),"this"
315,RETURNSTATEMENT,"",,""
316,UNARYOPERATOR,"++",sociologia.java(60:3-60:11),"tempo++;"
317,BINARYOPERATOR,"=",sociologia.java(61:3-61:21),"x.visitado = true;"
318,FOREACHSTATEMENT,"",sociologia.java(62:3-65:4),"for(No cursor: x.adj){
			if(!cursor.visitado)
				DFSVisit(cursor);
		}"
319,UNARYOPERATOR,"++",sociologia.java(66:3-66:11),"tempo++;"
320,BINARYOPERATOR,"=",sociologia.java(67:3-67:19),"x.tempof =tempo;"
321,BINARYOPERATOR,"=",sociologia.java(68:3-68:27),"gt[x.no].tempof = tempo;"
322,DECLARATIONSTATEMENT,"",sociologia.java(62:7-62:16),"No cursor"
323,MEMBEREXPRESSION,"adj",sociologia.java(62:18-62:23),"x.adj"
324,COMPOUNDSTATEMENT,"",sociologia.java(62:24-65:4),"{
			if(!cursor.visitado)
				DFSVisit(cursor);
		}"
325,VARIABLEDECLARATION,"cursor",sociologia.java(62:10-62:16),"cursor"
326,DECLAREDREFERENCEEXPRESSION,"cursor",sociologia.java(63:8-63:14),"cursor"
327,DECLAREDREFERENCEEXPRESSION,"this",sociologia.java(66:3-66:8),"this"
328,DECLAREDREFERENCEEXPRESSION,"x",sociologia.java(62:18-62:19),"x"
329,UNINITIALIZEDVALUE,"Uninitialized Value",,""
330,IFSTATEMENT,"",sociologia.java(63:4-64:22),"if(!cursor.visitado)
				DFSVisit(cursor);"
331,CALLEXPRESSION,"DFSVisit",sociologia.java(64:5-64:22),"DFSVisit(cursor);"
332,UNARYOPERATOR,"!",sociologia.java(63:7-63:23),"!cursor.visitado"
333,DECLAREDREFERENCEEXPRESSION,"cursor",sociologia.java(64:14-64:20),"cursor"
334,MEMBEREXPRESSION,"visitado",sociologia.java(63:8-63:23),"cursor.visitado"
335,MEMBEREXPRESSION,"tempof",sociologia.java(67:3-67:11),"x.tempof"
336,MEMBEREXPRESSION,"tempo",sociologia.java(67:13-67:18),"tempo"
337,DECLAREDREFERENCEEXPRESSION,"this",sociologia.java(68:3-68:5),"this"
338,DECLAREDREFERENCEEXPRESSION,"x",sociologia.java(67:3-67:4),"x"
339,DECLAREDREFERENCEEXPRESSION,"this",sociologia.java(67:13-67:18),"this"
340,MEMBEREXPRESSION,"tempo",sociologia.java(60:3-60:8),"tempo"
341,DECLAREDREFERENCEEXPRESSION,"x",sociologia.java(61:3-61:4),"x"
342,MEMBEREXPRESSION,"tempof",sociologia.java(68:3-68:18),"gt[x.no].tempof"
343,MEMBEREXPRESSION,"tempo",sociologia.java(68:21-68:26),"tempo"
344,DECLAREDREFERENCEEXPRESSION,"this",sociologia.java(68:21-68:26),"this"
345,ARRAYSUBSCRIPTIONEXPRESSION,"",sociologia.java(68:3-68:11),"gt[x.no]"
346,MEMBEREXPRESSION,"gt",sociologia.java(68:3-68:5),"gt"
347,MEMBEREXPRESSION,"no",sociologia.java(68:6-68:10),"x.no"
348,DECLAREDREFERENCEEXPRESSION,"x",sociologia.java(68:6-68:7),"x"
349,MEMBEREXPRESSION,"visitado",sociologia.java(61:3-61:13),"x.visitado"
350,LITERAL,"",sociologia.java(61:16-61:20),"true"
351,MEMBEREXPRESSION,"tempo",sociologia.java(66:3-66:8),"tempo"
352,COMPOUNDSTATEMENT,"",sociologia.java(27:15-33:3),"{
		this.npessoas = np;
		tempo = 0;
		g = new No[np+1];
		gt = new No[np+1];
		grupos = new LinkedList<Integer>();
	}"
353,PARAMVARIABLEDECLARATION,"np",sociologia.java(27:8-27:14),"int np"
354,DECLAREDREFERENCEEXPRESSION,"this",sociologia.java(28:3-28:7),"this"
355,RETURNSTATEMENT,"",,""
356,BINARYOPERATOR,"=",sociologia.java(28:3-28:22),"this.npessoas = np;"
357,BINARYOPERATOR,"=",sociologia.java(29:3-29:13),"tempo = 0;"
358,BINARYOPERATOR,"=",sociologia.java(30:3-30:20),"g = new No[np+1];"
359,BINARYOPERATOR,"=",sociologia.java(31:3-31:21),"gt = new No[np+1];"
360,BINARYOPERATOR,"=",sociologia.java(32:3-32:38),"grupos = new LinkedList<Integer>();"
361,MEMBEREXPRESSION,"npessoas",sociologia.java(28:3-28:16),"this.npessoas"
362,DECLAREDREFERENCEEXPRESSION,"np",sociologia.java(28:19-28:21),"np"
363,DECLAREDREFERENCEEXPRESSION,"this",sociologia.java(29:3-29:8),"this"
364,MEMBEREXPRESSION,"tempo",sociologia.java(29:3-29:8),"tempo"
365,LITERAL,"",sociologia.java(29:11-29:12),"0"
366,DECLAREDREFERENCEEXPRESSION,"this",sociologia.java(30:3-30:4),"this"
367,MEMBEREXPRESSION,"g",sociologia.java(30:3-30:4),"g"
368,ARRAYCREATIONEXPRESSION,"",sociologia.java(30:7-30:19),"new No[np+1]"
369,DECLAREDREFERENCEEXPRESSION,"this",sociologia.java(31:3-31:5),"this"
370,DECLAREDREFERENCEEXPRESSION,"np",sociologia.java(30:14-30:16),"np"
371,BINARYOPERATOR,"+",sociologia.java(30:14-30:18),"np+1"
372,LITERAL,"",sociologia.java(30:17-30:18),"1"
373,MEMBEREXPRESSION,"gt",sociologia.java(31:3-31:5),"gt"
374,ARRAYCREATIONEXPRESSION,"",sociologia.java(31:8-31:20),"new No[np+1]"
375,DECLAREDREFERENCEEXPRESSION,"this",sociologia.java(32:3-32:9),"this"
376,DECLAREDREFERENCEEXPRESSION,"np",sociologia.java(31:15-31:17),"np"
377,BINARYOPERATOR,"+",sociologia.java(31:15-31:19),"np+1"
378,LITERAL,"",sociologia.java(31:18-31:19),"1"
379,MEMBEREXPRESSION,"grupos",sociologia.java(32:3-32:9),"grupos"
380,NEWEXPRESSION,"",sociologia.java(32:12-32:37),"new LinkedList<Integer>()"
381,CONSTRUCTEXPRESSION,"",sociologia.java(32:12-32:37),"new LinkedList<Integer>()"
382,FIELDDECLARATION,"this",,""
383,METHODDECLARATION,"main",sociologia.java(121:2-135:3),"public static void main(String[] args) {
		Scanner in = new Scanner(System.in);
		int ncasos = in.nextInt();
		for(int i = 1; i<=ncasos; i++){
			int np = in.nextInt();
			Graph novo = new Graph(np);
			novo.createGrafo(in);
			novo.DFS();
			novo.DFS_T();
			
			System.out.printf(""Caso #%d\n"", i);
			novo.Output();
		}

	}"
384,CONSTRUCTORDECLARATION,"sociologia",,""
385,VARIABLEDECLARATION,"this",,""
386,COMPOUNDSTATEMENT,"",sociologia.java(121:41-135:3),"{
		Scanner in = new Scanner(System.in);
		int ncasos = in.nextInt();
		for(int i = 1; i<=ncasos; i++){
			int np = in.nextInt();
			Graph novo = new Graph(np);
			novo.createGrafo(in);
			novo.DFS();
			novo.DFS_T();
			
			System.out.printf(""Caso #%d\n"", i);
			novo.Output();
		}

	}"
387,PARAMVARIABLEDECLARATION,"args",sociologia.java(121:26-121:39),"String[] args"
388,DECLAREDREFERENCEEXPRESSION,"System",sociologia.java(122:28-122:34),"System"
389,RETURNSTATEMENT,"",,""
390,DECLARATIONSTATEMENT,"",sociologia.java(122:3-122:39),"Scanner in = new Scanner(System.in);"
391,DECLARATIONSTATEMENT,"",sociologia.java(123:3-123:29),"int ncasos = in.nextInt();"
392,FORSTATEMENT,"",sociologia.java(124:3-133:4),"for(int i = 1; i<=ncasos; i++){
			int np = in.nextInt();
			Graph novo = new Graph(np);
			novo.createGrafo(in);
			novo.DFS();
			novo.DFS_T();
			
			System.out.printf(""Caso #%d\n"", i);
			novo.Output();
		}"
393,VARIABLEDECLARATION,"in",sociologia.java(122:11-122:38),"in = new Scanner(System.in)"
394,VARIABLEDECLARATION,"ncasos",sociologia.java(123:7-123:28),"ncasos = in.nextInt()"
395,LITERAL,"",sociologia.java(124:15-124:16),"1"
396,COMPOUNDSTATEMENT,"",sociologia.java(124:33-133:4),"{
			int np = in.nextInt();
			Graph novo = new Graph(np);
			novo.createGrafo(in);
			novo.DFS();
			novo.DFS_T();
			
			System.out.printf(""Caso #%d\n"", i);
			novo.Output();
		}"
397,DECLARATIONSTATEMENT,"",sociologia.java(124:7-124:16),"int i = 1"
398,BINARYOPERATOR,"<=",sociologia.java(124:18-124:27),"i<=ncasos"
399,UNARYOPERATOR,"++",sociologia.java(124:29-124:32),"i++"
400,VARIABLEDECLARATION,"i",sociologia.java(124:11-124:16),"i = 1"
401,DECLAREDREFERENCEEXPRESSION,"in",sociologia.java(125:13-125:15),"in"
402,DECLAREDREFERENCEEXPRESSION,"i",sociologia.java(124:18-124:19),"i"
403,DECLAREDREFERENCEEXPRESSION,"ncasos",sociologia.java(124:21-124:27),"ncasos"
404,DECLAREDREFERENCEEXPRESSION,"i",sociologia.java(124:29-124:30),"i"
405,DECLARATIONSTATEMENT,"",sociologia.java(125:4-125:26),"int np = in.nextInt();"
406,DECLARATIONSTATEMENT,"",sociologia.java(126:4-126:31),"Graph novo = new Graph(np);"
407,MEMBERCALLEXPRESSION,"createGrafo",sociologia.java(127:4-127:25),"novo.createGrafo(in);"
408,MEMBERCALLEXPRESSION,"DFS",sociologia.java(128:4-128:15),"novo.DFS();"
409,MEMBERCALLEXPRESSION,"DFS_T",sociologia.java(129:4-129:17),"novo.DFS_T();"
410,MEMBERCALLEXPRESSION,"printf",sociologia.java(131:4-131:39),"System.out.printf(""Caso #%d\n"", i);"
411,MEMBERCALLEXPRESSION,"Output",sociologia.java(132:4-132:18),"novo.Output();"
412,VARIABLEDECLARATION,"np",sociologia.java(125:8-125:25),"np = in.nextInt()"
413,VARIABLEDECLARATION,"novo",sociologia.java(126:10-126:30),"novo = new Graph(np)"
414,DECLAREDREFERENCEEXPRESSION,"printf",sociologia.java(131:15-131:21),"printf"
415,DECLAREDREFERENCEEXPRESSION,"novo",sociologia.java(132:4-132:8),"novo"
416,DECLAREDREFERENCEEXPRESSION,"i",sociologia.java(131:36-131:37),"i"
417,LITERAL,"",sociologia.java(131:22-131:34),"""Caso #%d\n"""
418,MEMBEREXPRESSION,"out",sociologia.java(131:4-131:14),"System.out"
419,DECLAREDREFERENCEEXPRESSION,"System",sociologia.java(131:4-131:10),"System"
420,MEMBERCALLEXPRESSION,"nextInt",sociologia.java(125:13-125:25),"in.nextInt()"
421,DECLAREDREFERENCEEXPRESSION,"nextInt",sociologia.java(125:16-125:23),"nextInt"
422,NEWEXPRESSION,"",sociologia.java(126:17-126:30),"new Graph(np)"
423,CONSTRUCTEXPRESSION,"",sociologia.java(126:17-126:30),"new Graph(np)"
424,CONSTRUCTORDECLARATION,"Graph",Prob19.java(28:5-33:6),"Graph(int n) {
	this.n = n;
	nodes  = new Node[n+1]; // +1 se os comecam em 1 ao inves de 0
	for (int i=1; i<=n; i++)
	    nodes[i] = new Node();
    }"
425,DECLAREDREFERENCEEXPRESSION,"np",sociologia.java(126:27-126:29),"np"
426,PARAMVARIABLEDECLARATION,"n",Prob19.java(28:11-28:16),"int n"
427,DECLAREDREFERENCEEXPRESSION,"Output",sociologia.java(132:9-132:15),"Output"
428,METHODDECLARATION,"Output",,""
429,DECLAREDREFERENCEEXPRESSION,"novo",sociologia.java(127:4-127:8),"novo"
430,DECLAREDREFERENCEEXPRESSION,"createGrafo",sociologia.java(127:9-127:20),"createGrafo"
431,METHODDECLARATION,"createGrafo",,""
432,DECLAREDREFERENCEEXPRESSION,"novo",sociologia.java(128:4-128:8),"novo"
433,DECLAREDREFERENCEEXPRESSION,"in",sociologia.java(127:21-127:23),"in"
434,PARAMVARIABLEDECLARATION,"java.util.scanner0",,""
435,DECLAREDREFERENCEEXPRESSION,"DFS",sociologia.java(128:9-128:12),"DFS"
436,METHODDECLARATION,"DFS",,""
437,DECLAREDREFERENCEEXPRESSION,"novo",sociologia.java(129:4-129:8),"novo"
438,DECLAREDREFERENCEEXPRESSION,"DFS_T",sociologia.java(129:9-129:14),"DFS_T"
439,METHODDECLARATION,"DFS_T",,""
440,DECLAREDREFERENCEEXPRESSION,"in",sociologia.java(123:16-123:18),"in"
441,NEWEXPRESSION,"",sociologia.java(122:16-122:38),"new Scanner(System.in)"
442,CONSTRUCTEXPRESSION,"",sociologia.java(122:16-122:38),"new Scanner(System.in)"
443,MEMBEREXPRESSION,"in",sociologia.java(122:28-122:37),"System.in"
444,MEMBERCALLEXPRESSION,"nextInt",sociologia.java(123:16-123:28),"in.nextInt()"
445,DECLAREDREFERENCEEXPRESSION,"nextInt",sociologia.java(123:19-123:26),"nextInt"
446,FIELDDECLARATION,"this",,""
447,FIELDDECLARATION,"no",sociologia.java(5:2-5:9),"no"
448,FIELDDECLARATION,"tempof",sociologia.java(6:2-6:13),"tempof"
449,FIELDDECLARATION,"adj",sociologia.java(7:2-7:21),"adj"
450,FIELDDECLARATION,"visitado",sociologia.java(8:2-8:19),"visitado"
451,METHODDECLARATION,"addLigacao",sociologia.java(16:2-18:3),"void addLigacao(No x){
		adj.addLast(x);
	}"
452,CONSTRUCTORDECLARATION,"No",sociologia.java(10:2-15:3),"No(int n){
		no = n;
		tempof = 0;
		adj = new LinkedList<No>();
		visitado = false;
	}"
453,COMPOUNDSTATEMENT,"",sociologia.java(10:11-15:3),"{
		no = n;
		tempof = 0;
		adj = new LinkedList<No>();
		visitado = false;
	}"
454,PARAMVARIABLEDECLARATION,"n",sociologia.java(10:5-10:10),"int n"
455,DECLAREDREFERENCEEXPRESSION,"this",sociologia.java(11:3-11:5),"this"
456,RETURNSTATEMENT,"",,""
457,BINARYOPERATOR,"=",sociologia.java(11:3-11:10),"no = n;"
458,BINARYOPERATOR,"=",sociologia.java(12:3-12:14),"tempof = 0;"
459,BINARYOPERATOR,"=",sociologia.java(13:3-13:30),"adj = new LinkedList<No>();"
460,BINARYOPERATOR,"=",sociologia.java(14:3-14:20),"visitado = false;"
461,MEMBEREXPRESSION,"visitado",sociologia.java(14:3-14:11),"visitado"
462,LITERAL,"",sociologia.java(14:14-14:19),"false"
463,DECLAREDREFERENCEEXPRESSION,"this",sociologia.java(14:3-14:11),"this"
464,MEMBEREXPRESSION,"tempof",sociologia.java(12:3-12:9),"tempof"
465,LITERAL,"",sociologia.java(12:12-12:13),"0"
466,DECLAREDREFERENCEEXPRESSION,"this",sociologia.java(13:3-13:6),"this"
467,DECLAREDREFERENCEEXPRESSION,"this",sociologia.java(12:3-12:9),"this"
468,MEMBEREXPRESSION,"adj",sociologia.java(13:3-13:6),"adj"
469,NEWEXPRESSION,"",sociologia.java(13:9-13:29),"new LinkedList<No>()"
470,CONSTRUCTEXPRESSION,"",sociologia.java(13:9-13:29),"new LinkedList<No>()"
471,MEMBEREXPRESSION,"no",sociologia.java(11:3-11:5),"no"
472,DECLAREDREFERENCEEXPRESSION,"n",sociologia.java(11:8-11:9),"n"
473,VARIABLEDECLARATION,"this",,""
474,COMPOUNDSTATEMENT,"",sociologia.java(16:23-18:3),"{
		adj.addLast(x);
	}"
475,PARAMVARIABLEDECLARATION,"x",sociologia.java(16:18-16:22),"No x"
476,DECLAREDREFERENCEEXPRESSION,"this",sociologia.java(17:3-17:6),"this"
477,RETURNSTATEMENT,"",,""
478,MEMBERCALLEXPRESSION,"addLast",sociologia.java(17:3-17:18),"adj.addLast(x);"
479,DECLAREDREFERENCEEXPRESSION,"addLast",sociologia.java(17:7-17:14),"addLast"
480,DECLAREDREFERENCEEXPRESSION,"x",sociologia.java(17:15-17:16),"x"
481,MEMBEREXPRESSION,"adj",sociologia.java(17:3-17:6),"adj"
